Date,log_returns,Open,High,Low,Close
2013/2/1,0.011147031,6276.88,6353.95,6275.5,6347.24
2013/2/4,-0.015944337,6347.24,6347.26,6236.66,6246.84
2013/2/5,0.005733638,6246.84,6296.47,6244.07,6282.76
2013/2/6,0.002000303,6282.76,6321.45,6265.55,6295.34
2013/2/7,-0.010686988,6295.34,6313,6216.72,6228.42
2013/2/8,0.005685095,6228.42,6278.07,6228.42,6263.93
2013/2/11,0.002093934,6263.93,6294.81,6252.31,6277.06
2013/2/12,0.009721497,6277.06,6338.38,6259.82,6338.38
2013/2/13,0.003265215,6338.38,6384.7,6311.59,6359.11
2013/2/14,-0.005005343,6359.11,6364.72,6302,6327.36
2013/2/15,0.000142229,6327.36,6352.2,6309.78,6328.26
2013/2/18,-0.001592542,6328.26,6330.17,6306.83,6318.19
2013/2/19,0.009589544,6318.19,6385.14,6304.4,6379.07
2013/2/20,0.002551972,6379.07,6412.44,6368.2,6395.37
2013/2/21,-0.016368417,6395.37,6395.37,6277.96,6291.54
2013/2/22,0.006994431,6291.54,6347.25,6291.49,6335.7
2013/2/25,0.00309982,6335.7,6390.09,6323.98,6355.37
2013/2/26,-0.013453597,6355.37,6355.37,6258.62,6270.44
2013/2/27,0.008802628,6270.44,6335.9,6269.26,6325.88
2013/2/28,0.005506572,6325.88,6372,6325.88,6360.81
2013/3/1,0.00279291,6360.81,6391.67,6308.56,6378.6
2013/3/4,-0.005182251,6378.6,6379.29,6333.17,6345.63
2013/3/5,0.013511371,6345.63,6437.34,6344.78,6431.95
2013/3/6,-0.000670317,6431.95,6460.96,6418.72,6427.64
2013/3/7,0.001790655,6427.64,6459.68,6427.31,6439.16
2013/3/8,0.00687473,6439.16,6489.54,6439.16,6483.58
2013/3/11,0.003087656,6483.58,6505.3,6473.56,6503.63
2013/3/12,0.001074207,6503.63,6533.99,6491.75,6510.62
2013/3/13,-0.004482725,6510.62,6510.62,6437.61,6481.5
2013/3/14,0.007364622,6481.5,6532.57,6478.54,6529.41
2013/3/15,-0.006107987,6529.41,6533.78,6470.1,6489.65
2013/3/18,-0.004901316,6489.65,6489.65,6386.17,6457.92
2013/3/19,-0.002573796,6457.92,6474.57,6414.45,6441.32
2013/3/20,-0.001339131,6441.32,6475.61,6421.29,6432.7
2013/3/21,-0.006887031,6432.7,6435.59,6364,6388.55
2013/3/22,0.000658774,6388.55,6426.45,6374.51,6392.76
2013/3/25,-0.002251953,6392.76,6458.53,6366.62,6378.38
2013/3/26,0.003285401,6378.38,6404.52,6369.58,6399.37
2013/3/27,-0.001847199,6399.37,6420.9,6344.19,6387.56
2013/3/28,0.003778336,6387.56,6447.86,6381.99,6411.74
2013/4/2,0.012233536,6411.74,6501.78,6408.84,6490.66
2013/4/3,-0.01090249,6490.66,6491.84,6416.67,6420.28
2013/4/4,-0.011933331,6420.28,6426.37,6341.43,6344.12
2013/4/5,-0.014982137,6344.12,6346.82,6214.36,6249.78
2013/4/8,0.004336337,6249.78,6289.59,6249.78,6276.94
2013/4/9,0.005761663,6276.94,6326.54,6276.94,6313.21
2013/4/10,0.01167834,6313.21,6405.2,6313.2,6387.37
2013/4/11,0.004494088,6387.37,6423.56,6377.54,6416.14
2013/4/12,-0.004960742,6416.14,6416.14,6368.2,6384.39
2013/4/15,-0.006409518,6384.39,6384.42,6300.12,6343.6
2013/4/16,-0.006170077,6343.6,6343.6,6297.53,6304.58
2013/4/17,-0.009621719,6304.58,6334.44,6225.16,6244.21
2013/4/18,-8.65E-05,6244.21,6277.79,6225.86,6243.67
2013/4/19,0.006850643,6243.67,6288.7,6243.67,6286.59
2013/4/22,-0.000950092,6286.59,6341.98,6258.98,6280.62
2013/4/23,0.019785082,6280.62,6406.14,6278.48,6406.12
2013/4/24,0.003994434,6406.12,6438.93,6396.19,6431.76
2013/4/25,0.001682415,6431.76,6467.11,6411.94,6442.59
2013/4/26,-0.002513015,6442.59,6442.59,6399.37,6426.42
2013/4/29,0.004905151,6426.42,6458.02,6419.27,6458.02
2013/4/30,-0.004329569,6458.02,6483.08,6412.69,6430.12
2013/5/1,0.00328691,6430.12,6475.87,6429.8,6451.29
2013/5/2,0.001459108,6451.29,6470.34,6409.81,6460.71
2013/5/3,0.009359058,6460.71,6541.69,6451.5,6521.46
2013/5/7,0.005480656,6521.46,6563.9,6521.43,6557.3
2013/5/8,0.003984548,6557.3,6587.39,6547,6583.48
2013/5/9,0.001405563,6583.48,6597.26,6571.73,6592.74
2013/5/10,0.004878309,6592.74,6637.84,6591.58,6624.98
2013/5/13,0.001022876,6624.98,6633.26,6602.82,6631.76
2013/5/14,0.008154533,6631.76,6686.06,6618.36,6686.06
2013/5/15,0.001119614,6686.06,6701.68,6669.04,6693.55
2013/5/16,-0.000859405,6693.55,6714.48,6677.15,6687.8
2013/5/17,0.005258437,6687.8,6726.9,6669.93,6723.06
2013/5/20,0.004832823,6723.06,6755.63,6709.14,6755.63
2013/5/21,0.007115337,6755.63,6803.87,6744.2,6803.87
2013/5/22,0.005335637,6803.87,6875.62,6781.45,6840.27
2013/5/23,-0.021198897,6840.27,6840.27,6658.77,6696.79
2013/5/24,-0.006359034,6696.79,6720.08,6640.08,6654.34
2013/5/28,0.01605091,6654.34,6790.7,6654.34,6762.01
2013/5/29,-0.020142318,6762.01,6762.01,6620.82,6627.17
2013/5/30,0.004489565,6627.17,6656.99,6611.03,6656.99
2013/5/31,-0.01116319,6656.99,6657.07,6577.75,6583.09
2013/6/3,-0.008844896,6583.09,6583.09,6514.08,6525.12
2013/6/4,0.005114772,6525.12,6577,6525.12,6558.58
2013/6/5,-0.021463481,6558.58,6558.58,6419.31,6419.31
2013/6/6,-0.01304562,6419.31,6435.39,6336.11,6336.11
2013/6/7,0.01190466,6336.11,6421.37,6313.6,6411.99
2013/6/10,-0.001801375,6411.99,6421.24,6379.62,6400.45
2013/6/11,-0.009476914,6400.45,6401.18,6280.08,6340.08
2013/6/12,-0.006429059,6340.08,6364.26,6295.92,6299.45
2013/6/13,0.000821956,6299.45,6310.95,6205.71,6304.63
2013/6/14,0.000575602,6304.63,6343.51,6290.62,6308.26
2013/6/17,0.003517757,6308.26,6370.75,6308.26,6330.49
2013/6/18,0.006882519,6330.49,6397.33,6311.35,6374.21
2013/6/19,-0.003991193,6374.21,6383.61,6327.01,6348.82
2013/6/20,-0.03027174,6348.82,6348.82,6144.98,6159.51
2013/6/21,-0.007061145,6159.51,6244.17,6116.17,6116.17
2013/6/24,-0.014338338,6116.17,6136.11,6023.44,6029.1
2013/6/25,0.012004091,6029.1,6114.61,6029.1,6101.91
2013/6/26,0.010364156,6101.91,6177.92,6089.21,6165.48
2013/6/27,0.012558913,6165.48,6271.8,6165.45,6243.4
2013/6/28,-0.00448356,6243.4,6268.84,6207.72,6215.47
2013/7/1,0.014742447,6215.47,6317.02,6215.44,6307.78
2013/7/2,-0.000608957,6307.78,6314.13,6266.5,6303.94
2013/7/3,-0.011819369,6303.94,6303.94,6185.21,6229.87
2013/7/4,0.030322743,6229.87,6431.41,6229.87,6421.67
2013/7/5,-0.007212552,6421.67,6498.59,6364.38,6375.52
2013/7/8,0.011625327,6375.52,6476.09,6375.52,6450.07
2013/7/9,0.009721479,6450.07,6530.86,6450.07,6513.08
2013/7/10,-0.0012475,6513.08,6535.91,6472.41,6504.96
2013/7/11,0.005893473,6504.96,6585.74,6504.96,6543.41
2013/7/12,0.000233796,6543.41,6583.9,6540.24,6544.94
2013/7/15,0.006270654,6544.94,6605.9,6544.94,6586.11
2013/7/16,-0.00452884,6586.11,6606.42,6556.35,6556.35
2013/7/17,0.002373503,6556.35,6595.62,6517.38,6571.93
2013/7/18,0.009454656,6571.93,6657.38,6555.82,6634.36
2013/7/19,-0.00055635,6634.36,6635.22,6592.1,6630.67
2013/7/22,-0.001131748,6630.67,6645.01,6608.17,6623.17
2013/7/23,-0.003892412,6623.17,6657.66,6597.44,6597.44
2013/7/24,0.003478628,6597.44,6662.19,6581.61,6620.43
2013/7/25,-0.0049181,6620.43,6625.35,6540.42,6587.95
2013/7/26,-0.005046143,6587.95,6629.89,6535.18,6554.79
2013/7/29,0.000832632,6554.79,6606.36,6544.14,6560.25
2013/7/30,0.001629707,6560.25,6600.72,6560.25,6570.95
2013/7/31,0.007597059,6570.95,6659.35,6556.65,6621.06
2013/8/1,0.009158873,6621.06,6681.98,6607.27,6681.98
2013/8/2,-0.005117848,6681.98,6696.63,6623.85,6647.87
2013/8/5,-0.004264579,6647.87,6684.95,6590.1,6619.58
2013/8/6,-0.002324599,6619.58,6630.14,6562.32,6604.21
2013/8/7,-0.014182018,6604.21,6624.99,6511.21,6511.21
2013/8/8,0.002832631,6511.21,6558.59,6507.24,6529.68
2013/8/9,0.008191873,6529.68,6601.21,6529.48,6583.39
2013/8/12,-0.001375617,6583.39,6598.39,6547,6574.34
2013/8/13,0.005702913,6574.34,6620.43,6568.44,6611.94
2013/8/14,-0.003713818,6611.94,6627.96,6582.58,6587.43
2013/8/15,-0.015927478,6587.43,6587.88,6460.12,6483.34
2013/8/16,0.002564829,6483.34,6502.27,6461.3,6499.99
2013/8/19,-0.005284717,6499.99,6506.59,6457.73,6465.73
2013/8/20,-0.0018995,6465.73,6465.73,6398.63,6453.46
2013/8/21,-0.009750706,6453.46,6453.55,6386.72,6390.84
2013/8/22,0.008729027,6390.84,6468.88,6390.62,6446.87
2013/8/23,0.006991311,6446.87,6516.71,6422.35,6492.1
2013/8/27,-0.007906903,6492.1,6494.2,6424,6440.97
2013/8/28,-0.00169528,6440.97,6440.97,6393.65,6430.06
2013/8/29,0.008207209,6430.06,6500.51,6429.95,6483.05
2013/8/30,-0.010874814,6483.05,6502.19,6409.6,6412.93
2013/9/2,0.014437767,6412.93,6532.3,6412.93,6506.19
2013/9/3,-0.005823703,6506.19,6523.16,6456.95,6468.41
2013/9/4,0.000978124,6468.41,6486.4,6423.51,6474.74
2013/9/5,0.008872081,6474.74,6543.22,6461.68,6532.44
2013/9/6,0.002276799,6532.44,6568.18,6492.49,6547.33
2013/9/9,-0.002537073,6547.33,6555.86,6508.76,6530.74
2013/9/10,0.008120685,6530.74,6599.51,6530.74,6583.99
2013/9/11,0.000674136,6583.99,6589.85,6559.72,6588.43
2013/9/12,8.35E-05,6588.43,6606.12,6558.61,6588.98
2013/9/13,-0.00078647,6588.98,6588.98,6561.78,6583.8
2013/9/16,0.005915215,6583.8,6652.66,6583.8,6622.86
2013/9/17,-0.007987593,6622.86,6623.04,6570.17,6570.17
2013/9/18,-0.001728999,6570.17,6587.58,6532.5,6558.82
2013/9/19,0.010098529,6558.82,6659.12,6558.82,6625.39
2013/9/20,-0.004380644,6625.39,6629.93,6594.17,6596.43
2013/9/23,-0.005938986,6596.43,6601.53,6542.67,6557.37
2013/9/24,0.002146422,6557.37,6585.4,6549.92,6571.46
2013/9/25,-0.00303742,6571.46,6587.97,6526.42,6551.53
2013/9/26,0.002143764,6551.53,6580.94,6535.78,6565.59
2013/9/27,-0.008094399,6565.59,6568.94,6487.3,6512.66
2013/9/30,-0.007775063,6512.66,6512.66,6438.72,6462.22
2013/10/1,-0.000342046,6462.22,6466.3,6424.37,6460.01
2013/10/2,-0.0034906,6460.01,6460.01,6386.18,6437.5
2013/10/3,0.001791017,6437.5,6472.43,6436.21,6449.04
2013/10/4,0.000750218,6449.04,6473.58,6428.96,6453.88
2013/10/7,-0.00257541,6453.88,6453.88,6391.47,6437.28
2013/10/8,-0.011161467,6437.28,6437.73,6364.97,6365.83
2013/10/9,-0.004395563,6365.83,6372.63,6316.91,6337.91
2013/10/10,0.01450168,6337.91,6446.22,6337.91,6430.49
2013/10/11,0.008778723,6430.49,6489.16,6430.47,6487.19
2013/10/14,0.003148945,6487.19,6507.8,6464.44,6507.65
2013/10/15,0.006350755,6507.65,6569.28,6507.65,6549.11
2013/10/16,0.00342665,6549.11,6584.39,6504.27,6571.59
2013/10/17,0.000695176,6571.59,6576.16,6529.16,6576.16
2013/10/18,0.007034034,6576.16,6622.7,6576.16,6622.58
2013/10/21,0.004763212,6622.58,6654.2,6617.81,6654.2
2013/10/22,0.006211321,6654.2,6719.27,6653.7,6695.66
2013/10/23,-0.003168257,6695.66,6695.92,6655.2,6674.48
2013/10/24,0.00578146,6674.48,6719.25,6674.16,6713.18
2013/10/25,0.001214781,6713.18,6729.74,6700.37,6721.34
2013/10/28,0.000666312,6721.34,6739.66,6704.15,6725.82
2013/10/29,0.007245662,6725.82,6777.16,6718.85,6774.73
2013/10/30,0.000438298,6774.73,6819.86,6763.66,6777.7
2013/10/31,-0.006850209,6777.7,6778.27,6719.51,6731.43
2013/11/1,0.000491602,6731.43,6760.87,6715.3,6734.74
2013/11/4,0.004279045,6734.74,6780.11,6734.56,6763.62
2013/11/5,-0.002484003,6763.62,6773.86,6708.52,6746.84
2013/11/6,-0.000763612,6746.84,6768.16,6735.64,6741.69
2013/11/7,-0.00661812,6741.69,6779.18,6679.99,6697.22
2013/11/8,0.001670939,6697.22,6713.9,6643.86,6708.42
2013/11/11,0.002969461,6708.42,6744.77,6702.01,6728.37
2013/11/12,-0.000234854,6728.37,6728.37,6693.26,6726.79
2013/11/13,-0.014493257,6726.79,6726.81,6613.98,6630
2013/11/14,0.005434677,6630,6696.16,6630,6666.13
2013/11/15,0.004088461,6666.13,6703.12,6665.45,6693.44
2013/11/18,0.004474961,6693.44,6732.1,6671.63,6723.46
2013/11/19,-0.003792436,6723.46,6723.46,6677.85,6698.01
2013/11/20,-0.002530816,6698.01,6711.42,6661.7,6681.08
2013/11/21,3.74E-05,6681.08,6697.69,6643.47,6681.33
2013/11/22,-0.00105274,6681.33,6711.03,6661.04,6674.3
2013/11/25,0.003039889,6674.3,6709.08,6674.3,6694.62
2013/11/26,-0.008761694,6694.62,6696.95,6636.22,6636.22
2013/11/27,0.001994628,6636.22,6664.14,6635.71,6649.47
2013/11/28,0.000751657,6649.47,6679.51,6642.57,6654.47
2013/11/29,-0.000586244,6654.47,6681.57,6648.53,6650.57
2013/12/2,-0.008340742,6650.57,6657.41,6595.2,6595.33
2013/12/3,-0.00958282,6595.33,6595.48,6531.34,6532.43
2013/12/4,-0.003444155,6532.43,6544.7,6479.73,6509.97
2013/12/5,-0.001789627,6509.97,6518.88,6487.15,6498.33
2013/12/6,0.008223599,6498.33,6555.73,6496.33,6551.99
2013/12/9,0.001142511,6551.99,6568.44,6534.74,6559.48
2013/12/10,-0.005529416,6559.48,6571.91,6519,6523.31
2013/12/11,-0.002392751,6523.31,6555.57,6507.72,6507.72
2013/12/12,-0.009645739,6507.72,6507.72,6435.99,6445.25
2013/12/13,-0.000821096,6445.25,6462.76,6433.51,6439.96
2013/12/16,0.012689413,6439.96,6531.16,6422.23,6522.2
2013/12/17,-0.005536441,6522.2,6522.2,6482.59,6486.19
2013/12/18,0.000907671,6486.19,6524.46,6486.19,6492.08
2013/12/19,0.014165804,6492.08,6584.7,6492.08,6584.7
2013/12/20,0.003317346,6584.7,6616.8,6576.79,6606.58
2013/12/23,0.01084376,6606.58,6678.61,6606.2,6678.61
2013/12/24,0.002327116,6678.61,6712.1,6672.22,6694.17
2013/12/27,0.008434387,6694.17,6754.11,6694.17,6750.87
2013/12/30,-0.002907552,6750.87,6768.44,6718.16,6731.27
2013/12/31,0.002643848,6731.27,6756.98,6731.25,6749.09
2014/1/2,-0.004630587,6749.09,6759.37,6707.48,6717.91
2014/1/3,0.001897599,6717.91,6747.33,6699.27,6730.67
2014/1/6,8.91E-06,6730.67,6751.98,6714.64,6730.73
2014/1/7,0.003665979,6730.73,6768.89,6718.07,6755.45
2014/1/8,-0.004996586,6755.45,6755.53,6713.39,6721.78
2014/1/9,-0.004538847,6721.78,6746.41,6679.31,6691.34
2014/1/10,0.00723687,6691.34,6769.94,6691.34,6739.94
2014/1/13,0.002550181,6739.94,6765.6,6730.97,6757.15
2014/1/14,0.001435965,6757.15,6772.63,6694.08,6766.86
2014/1/15,0.007801775,6766.86,6825.2,6766.86,6819.86
2014/1/16,-0.000651252,6819.86,6831.74,6811.16,6815.42
2014/1/17,0.002034487,6815.42,6840.5,6800,6829.3
2014/1/20,0.001087368,6829.3,6837.53,6810.62,6836.73
2014/1/21,-0.000361349,6836.73,6867.42,6822.31,6834.26
2014/1/22,-0.001161004,6834.26,6864.87,6821.8,6826.33
2014/1/23,-0.007801734,6826.33,6837.21,6760.63,6773.28
2014/1/24,-0.016304571,6773.28,6784.42,6654.86,6663.74
2014/1/27,-0.017115081,6663.74,6665.39,6539.33,6550.66
2014/1/28,0.003302604,6550.66,6590.66,6550.65,6572.33
2014/1/29,-0.004277026,6572.33,6645.23,6482.74,6544.28
2014/1/30,-0.000891251,6544.28,6573.92,6503.25,6538.45
2014/1/31,-0.004293092,6538.45,6548.46,6421.26,6510.44
2014/2/3,-0.006901947,6510.44,6538.3,6459.95,6465.66
2014/2/4,-0.002538149,6465.66,6478.16,6416.72,6449.27
2014/2/5,0.001335693,6449.27,6483.73,6423.79,6457.89
2014/2/6,0.015425734,6457.89,6566.01,6457.89,6558.28
2014/2/7,0.002041134,6558.28,6596.28,6540.81,6571.68
2014/2/10,0.003019018,6571.68,6597,6565.3,6591.55
2014/2/11,0.012230055,6591.55,6672.66,6591.55,6672.66
2014/2/12,0.000355118,6672.66,6708.17,6669.06,6675.03
2014/2/13,-0.002341305,6675.03,6675.24,6608.09,6659.42
2014/2/14,0.000630487,6659.42,6672.21,6646.47,6663.62
2014/2/17,0.010803397,6663.62,6745.63,6661.47,6736
2014/2/18,0.008931197,6736,6802.89,6716.64,6796.43
2014/2/19,4.12E-05,6796.43,6810.48,6759.86,6796.71
2014/2/20,0.002392412,6796.71,6812.99,6732.03,6812.99
2014/2/21,0.003672982,6812.99,6859.91,6812.99,6838.06
2014/2/24,0.004057239,6838.06,6865.86,6797.83,6865.86
2014/2/25,-0.005163427,6862.73,6866.35,6790.93,6830.5
2014/2/26,-0.004600273,6830.5,6834.09,6785.28,6799.15
2014/2/27,0.001634163,6799.15,6819.24,6733.54,6810.27
2014/2/28,-8.37E-05,6810.27,6833.82,6785.54,6809.7
2014/3/3,-0.014995047,6809.7,6809.7,6671.89,6708.35
2014/3/4,0.017059086,6708.35,6827.22,6708.35,6823.77
2014/3/5,-0.007110748,6823.77,6824.16,6771.5,6775.42
2014/3/6,0.001927174,6775.42,6806.62,6770.95,6788.49
2014/3/7,-0.011231746,6788.49,6800.66,6706.38,6712.67
2014/3/10,-0.003465127,6712.67,6757,6671.62,6689.45
2014/3/11,-0.000587665,6689.45,6718.3,6660.59,6685.52
2014/3/12,-0.009712681,6685.52,6685.52,6598.36,6620.9
2014/3/13,-0.01018933,6620.9,6631.38,6552.46,6553.78
2014/3/14,-0.003958215,6553.78,6553.78,6500.37,6527.89
2014/3/17,0.006178892,6527.89,6592.37,6527.87,6568.35
2014/3/18,0.00560667,6568.35,6628.2,6534.86,6605.28
2014/3/19,-0.004879202,6605.28,6609.46,6566.85,6573.13
2014/3/20,-0.004679942,6573.13,6573.13,6492.62,6542.44
2014/3/21,0.002248923,6542.44,6572.09,6537.89,6557.17
2014/3/24,-0.005624917,6557.17,6568.96,6506.42,6520.39
2014/3/25,0.012876094,6520.39,6604.89,6520.39,6604.89
2014/3/26,6.21E-05,6604.89,6643.58,6601.78,6605.3
2014/3/27,-0.002573973,6605.3,6605.3,6561.39,6588.32
2014/3/28,0.004129089,6588.32,6631.48,6585.73,6615.58
2014/3/31,-0.002604824,6615.58,6658.4,6583.09,6598.37
2014/4/1,0.00818661,6598.37,6660.27,6598.37,6652.61
2014/4/2,0.000966071,6652.61,6672.73,6639.63,6659.04
2014/4/3,-0.001487807,6659.04,6680.78,6638.52,6649.14
2014/4/4,0.006955604,6649.14,6706.34,6649.14,6695.55
2014/4/7,-0.010918846,6695.55,6695.55,6614.73,6622.84
2014/4/8,-0.004866234,6622.84,6625.19,6549.75,6590.69
2014/4/9,0.006792553,6590.69,6654.05,6590.41,6635.61
2014/4/10,0.000958006,6635.61,6688.28,6620.39,6641.97
2014/4/11,-0.012158891,6641.97,6641.97,6538.75,6561.7
2014/4/14,0.003356295,6561.7,6583.76,6507.08,6583.76
2014/4/15,-0.006422698,6583.76,6594.24,6534.2,6541.61
2014/4/16,0.006484971,6541.61,6596.99,6541.61,6584.17
2014/4/17,0.006219824,6584.17,6627.25,6559.35,6625.25
2014/4/22,0.008493319,6625.25,6706.19,6625.25,6681.76
2014/4/23,-0.001051174,6681.76,6694.82,6661.42,6674.74
2014/4/24,0.004224935,6674.74,6724.58,6667.65,6703
2014/4/25,-0.002585766,6702.85,6704.37,6657.3,6685.69
2014/4/28,0.002161985,6685.69,6720.33,6682.9,6700.16
2014/4/29,0.010356386,6700.16,6769.91,6700.1,6769.91
2014/4/30,0.001493734,6769.91,6794.88,6748.76,6780.03
2014/5/1,0.004244647,6780.03,6811.64,6773.69,6808.87
2014/5/2,0.001988074,6808.87,6838.17,6798.61,6822.42
2014/5/6,-0.003503423,6822.42,6828.62,6785.32,6798.56
2014/5/7,-0.000311879,6798.56,6799.34,6766.84,6796.44
2014/5/8,0.006279131,6796.44,6840.37,6796.44,6839.25
2014/5/9,-0.003615109,6839.25,6839.42,6805.39,6814.57
2014/5/12,0.005441127,6814.57,6851.75,6814.57,6851.75
2014/5/13,0.003108238,6851.75,6877.39,6845.95,6873.08
2014/5/14,0.000786819,6873.08,6880.07,6854.02,6878.49
2014/5/15,-0.005481311,6878.49,6894.88,6821.66,6840.89
2014/5/16,0.002178628,6840.89,6855.94,6813.5,6855.81
2014/5/19,-0.001643753,6855.81,6862.2,6804.31,6844.55
2014/5/20,-0.006236029,6844.55,6848.36,6792.51,6802
2014/5/21,0.002795266,6802,6821.04,6782.8,6821.04
2014/5/22,-7.04E-05,6821.04,6846.57,6810.19,6820.56
2014/5/23,-0.000705469,6820.56,6825.53,6793.47,6815.75
2014/5/27,0.004273583,6815.75,6857.1,6815.37,6844.94
2014/5/28,0.000917045,6844.94,6855.83,6833.61,6851.22
2014/5/29,0.002925123,6851.22,6882.14,6848.06,6871.29
2014/5/30,-0.00390499,6871.29,6874.33,6831.99,6844.51
2014/6/2,0.00285806,6844.51,6874.38,6844.51,6864.1
2014/6/3,-0.004058281,6864.1,6865.38,6817.96,6836.3
2014/6/4,-0.002588078,6836.3,6840.6,6800.1,6818.63
2014/6/5,-0.000754101,6818.63,6847,6795.27,6813.49
2014/6/6,0.006542004,6813.49,6862.91,6813.49,6858.21
2014/6/9,0.002445169,6858.21,6878.96,6857.7,6875
2014/6/10,-0.000210931,6875,6875.24,6835.8,6873.55
2014/6/11,-0.005058199,6873.55,6873.55,6825.24,6838.87
2014/6/12,0.000619793,6838.87,6853.18,6827.03,6843.11
2014/6/13,-0.009582364,6843.11,6843.11,6758.15,6777.85
2014/6/16,-0.003430266,6777.85,6779.4,6748.04,6754.64
2014/6/17,0.001794192,6754.64,6774.87,6736.11,6766.77
2014/6/18,0.001740822,6766.77,6799.59,6766.77,6778.56
2014/6/19,0.004349859,6778.56,6837.57,6778.56,6808.11
2014/6/20,0.002507096,6808.11,6840.62,6791.2,6825.2
2014/6/23,-0.003616683,6825.2,6829.76,6785.83,6800.56
2014/6/24,-0.00198563,6800.56,6824.45,6776.8,6787.07
2014/6/25,-0.007906442,6787.07,6787.07,6716.35,6733.62
2014/6/26,0.000222738,6733.62,6753.25,6701.59,6735.12
2014/6/27,0.003357327,6735.12,6767.63,6735.12,6757.77
2014/6/30,-0.00204863,6757.77,6777.11,6730.45,6743.94
2014/7/1,0.008707608,6743.94,6805.9,6743.94,6802.92
2014/7/2,0.00197514,6802.92,6829.49,6796.61,6816.37
2014/7/3,0.007139557,6816.37,6866.56,6815.45,6865.21
2014/7/4,0.000122349,6865.21,6875.31,6856.35,6866.05
2014/7/7,-0.006214975,6866.05,6866.37,6817.6,6823.51
2014/7/8,-0.012544074,6823.51,6831.02,6738.45,6738.45
2014/7/9,-0.003033483,6738.45,6740.82,6692.77,6718.04
2014/7/10,-0.006821326,6718.04,6724.8,6643.62,6672.37
2014/7/11,0.002664166,6672.37,6696.1,6663.67,6690.17
2014/7/14,0.008331205,6690.17,6760.73,6690.17,6746.14
2014/7/15,-0.005304477,6746.14,6764,6709.15,6710.45
2014/7/16,0.010999643,6710.45,6792.55,6710.45,6784.67
2014/7/17,-0.00685502,6784.67,6784.67,6727.71,6738.32
2014/7/18,0.001650384,6738.32,6749.89,6690.9,6749.45
2014/7/21,-0.003117701,6749.45,6753.42,6715.78,6728.44
2014/7/22,0.009893764,6728.44,6801.84,6728.44,6795.34
2014/7/23,0.000413433,6795.34,6822.65,6773.11,6798.15
2014/7/24,0.003423009,6798.15,6821.46,6767.33,6821.46
2014/7/25,-0.004394333,6821.46,6830.77,6780.65,6791.55
2014/7/28,-0.000512533,6791.55,6809.61,6761.77,6788.07
2014/7/29,0.002895009,6788.07,6833.67,6784.04,6807.75
2014/7/30,-0.005052587,6807.75,6815.29,6758.24,6773.44
2014/7/31,-0.006417594,6773.44,6797.09,6716.29,6730.11
2014/8/1,-0.007596263,6730.11,6730.11,6624.72,6679.18
2014/8/4,-0.000248564,6679.18,6715.56,6669.93,6677.52
2014/8/5,0.000742515,6677.52,6713.52,6671.46,6682.48
2014/8/6,-0.006955693,6682.48,6682.48,6588.43,6636.16
2014/8/7,-0.005862398,6636.16,6649.05,6589.78,6597.37
2014/8/8,-0.00455916,6597.37,6597.37,6528.73,6567.36
2014/8/11,0.009918128,6567.36,6645.83,6567.36,6632.82
2014/8/12,-6.03E-05,6632.82,6643.7,6612.52,6632.42
2014/8/13,0.003651117,6632.42,6664.34,6625.98,6656.68
2014/8/14,0.004284241,6656.68,6694.64,6641.81,6685.26
2014/8/15,0.000571243,6685.26,6742.82,6685.25,6689.08
2014/8/18,0.007769022,6689.08,6745.72,6689.08,6741.25
2014/8/19,0.005629959,6741.25,6782.9,6740.65,6779.31
2014/8/20,-0.003521299,6779.31,6781.23,6739.76,6755.48
2014/8/21,0.003277882,6755.48,6780.73,6752.7,6777.66
2014/8/22,-0.000355643,6777.66,6784.63,6746.37,6775.25
2014/8/26,0.006987816,6775.25,6827.32,6775.25,6822.76
2014/8/27,0.001157219,6822.76,6830.66,6813.24,6830.66
2014/8/28,-0.003646112,6830.66,6831.19,6796.86,6805.8
2014/8/29,0.002047624,6805.8,6828.92,6782.63,6819.75
2014/9/1,0.000814947,6819.75,6825.31,6798.33,6825.31
2014/9/2,0.000565382,6825.31,6849.28,6812.31,6829.17
2014/9/3,0.006481933,6829.17,6898.62,6826.73,6873.58
2014/9/4,0.000638474,6873.58,6904.86,6866.25,6877.97
2014/9/5,-0.003330649,6877.97,6884.96,6829.1,6855.1
2014/9/8,-0.002970082,6855.1,6855.1,6773.78,6834.77
2014/9/9,-0.000844569,6834.77,6846.18,6812.5,6829
2014/9/10,0.000162529,6829,6847.79,6800.04,6830.11
2014/9/11,-0.004474051,6830.11,6857.54,6764.86,6799.62
2014/9/12,0.00107889,6799.62,6832.16,6799.39,6806.96
2014/9/15,-0.00040408,6806.96,6813.87,6771.69,6804.21
2014/9/16,-0.001760754,6804.21,6804.34,6748.09,6792.24
2014/9/17,-0.001670948,6792.24,6816.89,6780.9,6780.9
2014/9/18,0.005645524,6780.9,6822.6,6769.58,6819.29
2014/9/19,0.002728231,6819.29,6876,6819.29,6837.92
2014/9/22,-0.00944646,6837.92,6838.35,6766.89,6773.63
2014/9/23,-0.014506143,6773.63,6777.27,6647.21,6676.08
2014/9/24,0.004511921,6676.08,6707.26,6651.98,6706.27
2014/9/25,-0.009974622,6706.27,6726.4,6621.48,6639.71
2014/9/26,0.001456833,6639.71,6664,6615.12,6649.39
2014/9/29,-0.000419675,6649.39,6653.94,6608.66,6646.6
2014/9/30,-0.003599284,6646.6,6658.91,6601.62,6622.72
2014/10/1,-0.009893679,6622.72,6622.81,6539.73,6557.52
2014/10/2,-0.017092198,6557.52,6557.67,6446.39,6446.39
2014/10/3,0.012566547,6446.39,6542.87,6446.39,6527.91
2014/10/6,0.00546002,6527.91,6588.31,6527.91,6563.65
2014/10/7,-0.010424905,6563.65,6563.84,6495.58,6495.58
2014/10/8,-0.002055816,6495.58,6502.36,6453.81,6482.24
2014/10/9,-0.007803919,6482.24,6544.21,6425.16,6431.85
2014/10/10,-0.014388174,6431.85,6431.85,6328.39,6339.97
2014/10/13,0.004134992,6339.97,6387.36,6294.64,6366.24
2014/10/14,0.004144557,6366.24,6403.43,6304.27,6392.68
2014/10/15,-0.028728635,6392.68,6404.96,6211.64,6211.64
2014/10/16,-0.002535554,6211.64,6282.95,6072.68,6195.91
2014/10/17,0.018292237,6195.91,6312.97,6188.04,6310.29
2014/10/20,-0.006872693,6310.29,6320.31,6238.6,6267.07
2014/10/21,0.016656239,6267.07,6372.33,6229.4,6372.33
2014/10/22,0.004290622,6372.33,6401.51,6341.39,6399.73
2014/10/23,0.003029908,6399.73,6430.32,6313.32,6419.15
2014/10/24,-0.00475021,6419.15,6419.15,6372.43,6388.73
2014/10/27,-0.003963246,6388.73,6443.76,6336.06,6363.46
2014/10/28,0.006064741,6363.46,6412,6363.46,6402.17
2014/10/29,0.008042955,6402.17,6475.35,6402.17,6453.87
2014/10/30,0.001498752,6453.87,6483.24,6378.15,6463.55
2014/10/31,0.012747271,6463.55,6553.37,6463.55,6546.47
2014/11/3,-0.00897628,6546.47,6559.56,6478.49,6487.97
2014/11/4,-0.005254248,6487.97,6510.31,6444.89,6453.97
2014/11/5,0.013110213,6453.97,6539.14,6453.97,6539.14
2014/11/6,0.001834948,6539.14,6580.21,6503.81,6551.15
2014/11/7,0.002453046,6551.15,6608.23,6551.15,6567.24
2014/11/10,0.00667909,6567.24,6611.25,6566.78,6611.25
2014/11/11,0.002439827,6611.25,6632.57,6605.34,6627.4
2014/11/12,-0.002471592,6627.4,6629.33,6588.93,6611.04
2014/11/13,0.003685509,6611.04,6645.9,6596.89,6635.45
2014/11/14,0.002847294,6635.45,6654.37,6610.13,6654.37
2014/11/17,0.002641387,6654.37,6681.55,6616.12,6671.97
2014/11/18,0.005554117,6671.97,6714.12,6671.75,6709.13
2014/11/19,-0.00186935,6709.13,6718.88,6678.13,6696.6
2014/11/20,-0.002646632,6696.6,6696.82,6641.14,6678.9
2014/11/21,0.010701788,6678.9,6773.14,6678.9,6750.76
2014/11/24,-0.003111152,6750.76,6763.97,6720.09,6729.79
2014/11/25,0.00020058,6729.79,6750.87,6709.31,6731.14
2014/11/26,-0.000292712,6731.14,6765.01,6718.53,6729.17
2014/11/27,-0.000854854,6729.17,6749.91,6713.76,6723.42
2014/11/28,-0.000118994,6723.42,6734.71,6667.08,6722.62
2014/12/1,-0.009903669,6722.62,6722.62,6637.39,6656.37
2014/12/2,0.012797158,6656.37,6744.31,6656.37,6742.1
2014/12/3,-0.003784908,6742.1,6753.19,6713.81,6716.63
2014/12/4,-0.005562869,6716.63,6733.96,6672.67,6679.37
2014/12/5,0.009457529,6679.37,6751.32,6679.37,6742.84
2014/12/8,-0.010539054,6742.84,6742.84,6672.15,6672.15
2014/12/9,-0.021616371,6672.15,6672.15,6529.47,6529.47
2014/12/10,-0.004517445,6529.47,6565.77,6500.04,6500.04
2014/12/11,-0.00591589,6500.04,6521.66,6441.28,6461.7
2014/12/12,-0.025242813,6461.7,6461.7,6297.44,6300.63
2014/12/15,-0.018891324,6300.63,6356.34,6182.72,6182.72
2014/12/16,0.02383099,6182.72,6331.83,6144.72,6331.83
2014/12/17,0.000734115,6331.83,6359.68,6240.32,6336.48
2014/12/18,0.02023427,6336.48,6466,6336.48,6466
2014/12/19,0.012184972,6466,6566.9,6466,6545.27
2014/12/22,0.00479653,6545.27,6620.95,6545.27,6576.74
2014/12/23,0.003254672,6576.74,6620.47,6576.74,6598.18
2014/12/24,0.00177921,6598.18,6618.09,6586.05,6609.93
2014/12/29,0.003561012,6609.93,6651.96,6587.87,6633.51
2014/12/30,-0.013127146,6633.51,6633.51,6528.89,6547
2014/12/31,0.002911597,6547,6578.24,6547,6566.09
2015/1/2,-0.002789411,6566.09,6607.89,6510.6,6547.8
2015/1/5,-0.020153463,6547.8,6576.74,6404.49,6417.16
2015/1/6,-0.007924213,6417.16,6452.66,6328.59,6366.51
2015/1/7,0.008340199,6366.51,6459.74,6366.51,6419.83
2015/1/8,0.023116107,6419.83,6580.82,6419.83,6569.96
2015/1/9,-0.010530198,6569.96,6570.24,6471.38,6501.14
2015/1/12,4.31E-05,6501.14,6542.43,6447.91,6501.42
2015/1/13,0.006252886,6501.42,6558.83,6465.19,6542.2
2015/1/14,-0.023780263,6542.2,6542.2,6353.65,6388.46
2015/1/15,0.017121229,6388.46,6498.78,6298.15,6498.78
2015/1/16,0.007891803,6498.78,6553.2,6443.28,6550.27
2015/1/19,0.005368548,6550.27,6598.89,6548,6585.53
2015/1/20,0.005235658,6585.53,6640.44,6585.53,6620.1
2015/1/21,0.016173392,6620.1,6728.04,6620.1,6728.04
2015/1/22,0.010143033,6728.04,6808.18,6726.24,6796.63
2015/1/23,0.005312035,6796.63,6841.73,6796.58,6832.83
2015/1/26,0.00286002,6832.83,6855.92,6790.13,6852.4
2015/1/27,-0.005970447,6852.4,6864.97,6773.54,6811.61
2015/1/28,0.002101551,6811.61,6863,6777.08,6825.94
2015/1/29,-0.002249839,6825.94,6825.94,6750.22,6810.6
2015/1/30,-0.00902661,6810.6,6843.98,6749.4,6749.4
2015/2/2,0.004899525,6749.4,6795.52,6731.99,6782.55
2015/2/3,0.013072943,6782.55,6886.31,6782.39,6871.8
2015/2/4,-0.001715723,6871.8,6883.49,6804.1,6860.02
2015/2/5,0.000861143,6860.02,6870.1,6808.19,6865.93
2015/2/6,-0.001820784,6865.93,6886.22,6835.48,6853.44
2015/2/9,-0.002379738,6853.44,6853.44,6777.99,6837.15
2015/2/10,-0.001175156,6837.15,6843.9,6788.89,6829.12
2015/2/11,-0.001604715,6829.12,6838.33,6786.12,6818.17
2015/2/12,0.001456808,6818.17,6854.62,6817.23,6828.11
2015/2/13,0.006628433,6828.11,6887.57,6828.11,6873.52
2015/2/16,-0.002399028,6873.52,6878.66,6851.77,6857.05
2015/2/17,0.00597304,6857.05,6898.13,6819.78,6898.13
2015/2/18,-7.25E-06,6898.13,6921.32,6876.3,6898.08
2015/2/19,-0.001331691,6898.08,6907.3,6858.67,6888.9
2015/2/20,0.003810467,6888.9,6920.51,6884.77,6915.2
2015/2/23,-0.000439708,6915.2,6943.61,6885.89,6912.16
2015/2/24,0.005406241,6912.16,6958.89,6899.59,6949.63
2015/2/25,-0.002052574,6949.63,6955.41,6904.88,6935.38
2015/2/26,0.002066963,6935.38,6949.98,6920.54,6949.73
2015/2/27,-0.000441841,6949.73,6967.24,6929.84,6946.66
2015/3/2,-0.000866979,6946.66,6974.26,6924.33,6940.64
2015/3/3,-0.007449182,6940.64,6963.55,6889.13,6889.13
2015/3/4,0.00436113,6889.13,6919.24,6862.87,6919.24
2015/3/5,0.006037317,6919.24,6968.64,6914.06,6961.14
2015/3/6,-0.007113158,6961.14,6961.23,6911.8,6911.8
2015/3/9,-0.005124657,6911.8,6911.8,6859.81,6876.47
2015/3/10,-0.025574122,6876.47,6876.86,6702.84,6702.84
2015/3/11,0.002781514,6702.84,6738.95,6693.8,6721.51
2015/3/12,0.00586833,6721.51,6799.84,6721.51,6761.07
2015/3/13,-0.003035187,6761.07,6777.77,6713.5,6740.58
2015/3/16,0.009376458,6740.58,6809.08,6740.58,6804.08
2015/3/17,0.004915823,6804.08,6846.9,6798.47,6837.61
2015/3/18,0.015612518,6837.61,6945.2,6837.26,6945.2
2015/3/19,0.002461979,6945.2,6982.79,6929.73,6962.32
2015/3/20,0.008607952,6962.32,7024.21,6960.81,7022.51
2015/3/23,0.002156445,7022.51,7037.67,6991.43,7037.67
2015/3/24,-0.002559517,7037.67,7065.08,7012.51,7019.68
2015/3/25,-0.004098317,7019.68,7035.11,6983.94,6990.97
2015/3/26,-0.013774945,6990.97,6990.97,6876.84,6895.33
2015/3/27,-0.00586314,6895.33,6910.55,6839.88,6855.02
2015/3/30,0.00529738,6855.02,6914.6,6855.02,6891.43
2015/3/31,-0.017328585,6891.43,6910.07,6765.05,6773.04
2015/4/1,0.00536867,6773.04,6856.43,6765.4,6809.5
2015/4/2,0.003512438,6809.5,6849.91,6801.27,6833.46
2015/4/7,0.018602618,6833.46,6967.69,6833.46,6961.77
2015/4/8,-0.003505246,6961.77,7012.06,6931.59,6937.41
2015/4/9,0.011173525,6937.41,7016.99,6937.41,7015.36
2015/4/10,0.010550869,7015.36,7095.36,7015.36,7089.77
2015/4/13,-0.003598969,7089.77,7089.84,7046.68,7064.3
2015/4/14,0.001550261,7064.3,7086.06,7044.6,7075.26
2015/4/15,0.003036968,7075.26,7111.72,7058.34,7096.78
2015/4/16,-0.005132371,7096.78,7119.35,7057.74,7060.45
2015/4/17,-0.009366077,7060.45,7093.52,6979.32,6994.63
2015/4/20,0.008186987,6994.63,7067.84,6994.63,7052.13
2015/4/21,0.001530281,7052.13,7105.13,7030,7062.93
2015/4/22,-0.004923661,7062.93,7092.34,6997.15,7028.24
2015/4/23,0.00361173,7028.24,7055.15,6995.79,7053.67
2015/4/24,0.002411436,7053.67,7102.59,7051.17,7070.7
2015/4/27,0.004695705,7070.7,7122.74,7025.27,7103.98
2015/4/28,-0.010393096,7103.98,7103.99,6983.97,7030.53
2015/4/29,-0.01205583,7030.53,7058.19,6945.56,6946.28
2015/4/30,0.002063723,6946.28,6970.34,6906.24,6960.63
2015/5/1,0.003631002,6960.63,6995.41,6919.39,6985.95
2015/5/5,-0.008390443,6985.95,7053.18,6927.58,6927.58
2015/5/6,0.000888804,6927.58,6974.82,6913.46,6933.74
2015/5/7,-0.006771034,6933.74,6933.74,6810.05,6886.95
2015/5/8,0.022948135,6886.95,7046.82,6885.79,7046.82
2015/5/11,-0.002411083,7046.82,7083.72,7025.17,7029.85
2015/5/12,-0.013757365,7029.85,7029.85,6887.52,6933.8
2015/5/13,0.002280417,6933.8,6989.91,6920.65,6949.63
2015/5/14,0.003362864,6949.63,6977.93,6884.63,6973.04
2015/5/15,-0.00180141,6973.04,7009.41,6937.12,6960.49
2015/5/18,0.001203214,6960.49,7015.49,6931.64,6968.87
2015/5/19,0.003756816,6968.87,7011.35,6968.87,6995.1
2015/5/20,0.001736851,6995.1,7018.7,6962.06,7007.26
2015/5/21,0.000885831,7007.26,7026.01,6994.26,7013.47
2015/5/22,0.002598756,7013.47,7061.66,7013.47,7031.72
2015/5/26,-0.011835016,7031.72,7039.55,6930.28,6948.99
2015/5/27,0.012063953,6948.99,7054.14,6948.62,7033.33
2015/5/28,0.001078566,7033.33,7049.62,7005.88,7040.92
2015/5/29,-0.008055458,7040.92,7069.93,6967.92,6984.43
2015/6/1,-0.004426751,6984.43,7037.58,6942.66,6953.58
2015/6/2,-0.003646492,6953.58,6972.25,6872.12,6928.27
2015/6/3,0.003197702,6928.27,6985.69,6901.79,6950.46
2015/6/4,-0.013211196,6950.46,6950.46,6838.95,6859.24
2015/6/5,-0.007997794,6859.24,6859.24,6785.15,6804.6
2015/6/8,-0.002142021,6804.6,6827.16,6781.66,6790.04
2015/6/9,-0.005351523,6790.04,6803.75,6736.88,6753.8
2015/6/10,0.011258895,6753.8,6843.57,6734.15,6830.27
2015/6/11,0.002408422,6830.27,6870.19,6807.29,6846.74
2015/6/12,-0.009070124,6846.74,6846.74,6760.06,6784.92
2015/6/15,-0.011026058,6784.92,6784.92,6708.5,6710.52
2015/6/16,-6.26E-05,6710.52,6723.49,6656.9,6710.1
2015/6/17,-0.004413535,6710.1,6731.54,6665.95,6680.55
2015/6/18,0.004082635,6680.55,6707.88,6625.16,6707.88
2015/6/19,0.000383058,6707.88,6759.29,6691.82,6710.45
2015/6/22,0.017024492,6710.45,6825.67,6710.45,6825.67
2015/6/23,0.001346945,6825.67,6856.49,6825.67,6834.87
2015/6/24,0.00145179,6834.87,6873.43,6834.32,6844.8
2015/6/25,-0.005417288,6844.8,6869.04,6798.8,6807.82
2015/6/26,-0.007981449,6807.82,6807.82,6731.13,6753.7
2015/6/29,-0.019922628,6753.7,6753.7,6598.64,6620.48
2015/6/30,-0.015143203,6620.48,6620.75,6520.98,6520.98
2015/7/1,0.013345647,6520.98,6637.34,6520.98,6608.59
2015/7/2,0.003305374,6608.59,6647.7,6600.37,6630.47
2015/7/3,-0.006762912,6630.47,6630.75,6572.46,6585.78
2015/7/6,-0.007636382,6585.78,6585.78,6506.71,6535.68
2015/7/7,-0.015958216,6535.68,6543.8,6432.21,6432.21
2015/7/8,0.009052203,6432.21,6515.06,6430.36,6490.7
2015/7/9,0.013912052,6490.7,6594.18,6490.7,6581.63
2015/7/10,0.013844043,6581.63,6687.57,6581.63,6673.38
2015/7/13,0.009629246,6673.38,6743.05,6673.38,6737.95
2015/7/14,0.002342182,6737.95,6753.75,6710.62,6753.75
2015/7/15,0,6753.75,6775.91,6728.49,6753.75
2015/7/16,0.006302511,6753.75,6805.14,6752.09,6796.45
2015/7/17,-0.003149242,6796.45,6799.78,6764.8,6775.08
2015/7/20,0.002006817,6775.08,6813.41,6772.09,6788.69
2015/7/21,-0.002894285,6788.69,6800.13,6758.75,6769.07
2015/7/22,-0.015142727,6769.07,6769.07,6653.39,6667.34
2015/7/23,-0.001851025,6667.34,6711.49,6644.85,6655.01
2015/7/24,-0.011364085,6655.01,6684.81,6573.96,6579.81
2015/7/27,-0.011414773,6579.81,6589.48,6495.67,6505.13
2015/7/28,0.007679735,6505.13,6569.45,6505.13,6555.28
2015/7/29,0.011484791,6555.28,6634.04,6555.28,6631
2015/7/30,0.005694808,6631,6697.4,6631,6668.87
2015/7/31,0.004101718,6668.87,6705.42,6646.26,6696.28
2015/8/3,-0.001144573,6696.28,6710.79,6668.18,6688.62
2015/8/4,-0.000306538,6688.62,6715.51,6644.65,6686.57
2015/8/5,0.009798441,6686.57,6764.82,6686.57,6752.41
2015/8/6,-0.000788177,6752.41,6763.34,6717.49,6747.09
2015/8/7,-0.004247874,6747.09,6754.77,6718.49,6718.49
2015/8/10,0.00263551,6718.49,6751.49,6653.65,6736.22
2015/8/11,-0.010698003,6736.22,6736.22,6663.98,6664.54
2015/8/12,-0.014105992,6664.54,6664.54,6536.41,6571.19
2015/8/13,-0.000435328,6571.19,6634.71,6553.45,6568.33
2015/8/14,-0.002681594,6568.33,6603.17,6544.42,6550.74
2015/8/17,-6.72E-05,6550.74,6585.88,6507.76,6550.3
2015/8/18,-0.003672215,6550.3,6564.55,6505.69,6526.29
2015/8/19,-0.019001727,6526.29,6526.52,6403.45,6403.45
2015/8/20,-0.005568733,6403.45,6408.61,6359.71,6367.89
2015/8/21,-0.028712804,6367.89,6367.89,6187.65,6187.65
2015/8/24,-0.047794563,6187.65,6187.65,5768.22,5898.87
2015/8/25,0.030464259,5898.87,6115.74,5898.87,6081.34
2015/8/26,-0.016938287,6081.34,6095.05,5949.94,5979.2
2015/8/27,0.034976201,5979.2,6212.48,5979.2,6192.03
2015/8/28,0.008988828,6192.03,6247.94,6152.01,6247.94
2015/9/1,-0.030782962,6247.94,6247.94,6028.71,6058.54
2015/9/2,0.004080109,6058.54,6161.68,6021.36,6083.31
2015/9/3,0.01804827,6083.31,6215.74,6083.31,6194.1
2015/9/4,-0.024709887,6194.1,6194.1,6040.49,6042.92
2015/9/7,0.005215635,6042.92,6125.67,6042.92,6074.52
2015/9/8,0.011714761,6074.52,6196.47,6074.52,6146.1
2015/9/9,0.013399677,6146.1,6284.17,6146.1,6229.01
2015/9/10,-0.01182106,6229.01,6229.01,6127.52,6155.81
2015/9/11,-0.006200335,6155.81,6174.28,6113.1,6117.76
2015/9/14,-0.005436671,6117.76,6191.82,6065.43,6084.59
2015/9/15,0.008674441,6084.59,6158.08,6019.92,6137.6
2015/9/16,0.014815733,6137.6,6244.94,6137.6,6229.21
2015/9/17,-0.006800819,6229.21,6239.86,6182.63,6186.99
2015/9/18,-0.013486385,6186.99,6188.74,6053.87,6104.11
2015/9/21,0.000753307,6104.11,6168.74,6083.64,6108.71
2015/9/22,-0.02870707,6108.71,6111.57,5935.84,5935.84
2015/9/23,0.016109866,5935.84,6067.56,5933.23,6032.24
2015/9/24,-0.011797968,6032.24,6055.64,5947.19,5961.49
2015/9/25,0.024444281,5961.49,6120.67,5961.49,6109.01
2015/9/28,-0.024885543,6109.01,6110.31,5958.86,5958.86
2015/9/29,-0.00836196,5958.86,5958.86,5877.08,5909.24
2015/9/30,0.025458214,5909.24,6061.61,5909.24,6061.61
2015/10/1,0.00179,6061.61,6172.78,6053.26,6072.47
2015/10/2,0.009426046,6072.47,6176.2,6051.62,6129.98
2015/10/5,0.027186703,6129.98,6301.05,6129.98,6298.92
2015/10/6,0.004315227,6298.92,6343.71,6255.1,6326.16
2015/10/7,0.001609476,6326.16,6396.34,6319.77,6336.35
2015/10/8,0.006052962,6336.35,6380.3,6303.46,6374.82
2015/10/9,0.006463953,6374.82,6453.22,6374.82,6416.16
2015/10/12,-0.007035112,6416.16,6416.16,6351.34,6371.18
2015/10/13,-0.004546371,6371.18,6371.18,6303.02,6342.28
2015/10/14,-0.011524173,6342.28,6342.28,6268.29,6269.61
2015/10/15,0.010954816,6269.61,6351.43,6269.61,6338.67
2015/10/16,0.006191873,6338.67,6398.23,6338.67,6378.04
2015/10/19,-0.004039165,6378.04,6408.09,6336.27,6352.33
2015/10/20,-0.001134085,6352.33,6367.75,6319.25,6345.13
2015/10/21,0.000518374,6345.13,6387.29,6316.3,6348.42
2015/10/22,0.004378892,6348.42,6387.28,6321.65,6376.28
2015/10/23,0.010577025,6376.28,6487.89,6376.28,6444.08
2015/10/26,-0.004208044,6444.08,6453,6405.38,6417.02
2015/10/27,-0.008097185,6417.02,6419.62,6365.27,6365.27
2015/10/28,0.011330216,6365.27,6448.46,6355.78,6437.8
2015/10/29,-0.006545342,6437.8,6437.85,6358.16,6395.8
2015/10/30,-0.005441779,6395.8,6410.28,6337.65,6361.09
2015/11/2,0.00011161,6361.09,6364.42,6317.29,6361.8
2015/11/3,0.003422412,6361.8,6383.61,6344.7,6383.61
2015/11/4,0.0045747,6383.61,6459.46,6383.04,6412.88
2015/11/5,-0.007509947,6412.88,6421.81,6358.12,6364.9
2015/11/6,-0.00174074,6364.9,6395.19,6332.73,6353.83
2015/11/9,-0.009276697,6353.83,6380.42,6292.05,6295.16
2015/11/10,-0.003162979,6295.16,6329.69,6250.31,6275.28
2015/11/11,0.003486985,6275.28,6327.16,6272.69,6297.2
2015/11/12,-0.019000434,6297.2,6300.9,6178.68,6178.68
2015/11/13,-0.009823645,6178.68,6178.95,6088.76,6118.28
2015/11/16,0.004582279,6118.28,6161.9,6079.79,6146.38
2015/11/17,0.019715277,6146.38,6269.44,6146.38,6268.76
2015/11/18,0.001627386,6268.76,6283.9,6228.15,6278.97
2015/11/19,0.008083223,6278.97,6366.85,6278.97,6329.93
2015/11/20,0.000742229,6329.93,6360.73,6311.76,6334.63
2015/11/23,-0.004610724,6334.63,6334.63,6267.05,6305.49
2015/11/24,-0.004491882,6305.49,6305.49,6221.33,6277.23
2015/11/25,0.009577659,6277.23,6348.05,6277.23,6337.64
2015/11/26,0.008717517,6337.64,6395.33,6333.92,6393.13
2015/11/27,-0.002816356,6393.13,6393.13,6345.3,6375.15
2015/11/30,-0.002994212,6375.15,6387.11,6329.92,6356.09
2015/12/1,0.006204663,6356.09,6402.36,6356.09,6395.65
2015/12/2,0.003944895,6395.65,6447.34,6395.2,6420.93
2015/12/3,-0.022989482,6420.93,6444.72,6275,6275
2015/12/4,-0.005867379,6275,6277.59,6219.5,6238.29
2015/12/7,-0.002370443,6238.29,6287.23,6215.17,6223.52
2015/12/8,-0.014289726,6223.52,6224.86,6120.68,6135.22
2015/12/9,-0.001392933,6135.22,6175.75,6101.22,6126.68
2015/12/10,-0.006325171,6126.68,6127.09,6079.96,6088.05
2015/12/11,-0.022469496,6088.05,6088.05,5949.84,5952.78
2015/12/14,-0.01331229,5952.78,6009.92,5871.88,5874.06
2015/12/15,0.024174035,5874.06,6036.68,5874.06,6017.79
2015/12/16,0.007186068,6017.79,6089.31,6016.25,6061.19
2015/12/17,0.006798928,6061.19,6160.78,6061.19,6102.54
2015/12/18,-0.008246886,6102.54,6105.57,6051.74,6052.42
2015/12/21,-0.00290885,6052.42,6113.96,6034.84,6034.84
2015/12/22,0.007965092,6034.84,6090.58,6031.82,6083.1
2015/12/23,0.025622787,6083.1,6248.5,6083.1,6240.98
2015/12/24,0.002186367,6240.98,6259.86,6236.85,6254.64
2015/12/29,0.009536073,6254.64,6314.57,6245.24,6314.57
2015/12/30,-0.006437583,6314.57,6314.57,6261.48,6274.05
2015/12/31,-0.005070171,6274.05,6278.31,6233.03,6242.32
2016/1/4,-0.024140767,6242.32,6242.32,6071.01,6093.43
2016/1/5,0.007163988,6093.43,6166.26,6079.23,6137.24
2016/1/6,-0.010459843,6137.24,6137.24,6018.65,6073.38
2016/1/7,-0.019838588,6073.38,6073.38,5887.97,5954.08
2016/1/8,-0.007018093,5954.08,6013.38,5912.44,5912.44
2016/1/11,-0.006892266,5912.44,5941.93,5871.83,5871.83
2016/1/12,0.009729703,5871.83,5985.8,5866.67,5929.24
2016/1/13,0.005337177,5929.24,6011.13,5929.24,5960.97
2016/1/14,-0.007195802,5960.97,5960.97,5829.26,5918.23
2016/1/15,-0.019472853,5918.23,5934.62,5769.23,5804.1
2016/1/18,-0.004174723,5804.1,5852.09,5766.5,5779.92
2016/1/19,0.016622554,5779.92,5915.69,5779.92,5876.8
2016/1/20,-0.035192084,5876.8,5876.8,5639.88,5673.58
2016/1/21,0.017508399,5673.58,5781.24,5659.15,5773.79
2016/1/22,0.021625335,5773.79,5926.94,5773.79,5900.01
2016/1/25,-0.003907618,5900.01,5933.47,5851.83,5877
2016/1/26,0.005846412,5877,5919.17,5771.37,5911.46
2016/1/27,0.01326034,5911.46,5990.37,5870.75,5990.37
2016/1/28,-0.009828843,5990.37,6020.54,5889.37,5931.78
2016/1/29,0.02530352,5931.78,6083.79,5931.78,6083.79
2016/2/1,-0.003901555,6083.79,6115.11,5993.84,6060.1
2016/2/2,-0.023050383,6060.1,6060.45,5889.6,5922.01
2016/2/3,-0.014434967,5922.01,5924.58,5791.04,5837.14
2016/2/4,0.010501208,5837.14,5938.12,5831.12,5898.76
2016/2/5,-0.008632177,5898.76,5945.9,5839.36,5848.06
2016/2/8,-0.027512219,5848.06,5882.43,5666.13,5689.36
2016/2/9,-0.01009941,5689.36,5739.25,5596.26,5632.19
2016/2/10,0.007096325,5632.19,5712.78,5616.88,5672.3
2016/2/11,-0.024147259,5672.3,5672.3,5499.51,5536.97
2016/2/12,0.0303512,5536.97,5707.6,5536.97,5707.6
2016/2/15,0.020236767,5707.6,5844.53,5707.6,5824.28
2016/2/16,0.006484456,5824.28,5880.72,5812.49,5862.17
2016/2/17,0.028280235,5862.17,6030.32,5862.17,6030.32
2016/2/18,-0.00972657,6030.32,6036.46,5948.25,5971.95
2016/2/19,-0.003643633,5971.95,6001.22,5916.26,5950.23
2016/2/22,0.014598239,5950.23,6065.81,5950.23,6037.73
2016/2/23,-0.012570124,6037.73,6037.73,5954.18,5962.31
2016/2/24,-0.01608388,5962.31,5966.73,5845.55,5867.18
2016/2/25,0.024518084,5867.18,6028.97,5867.18,6012.81
2016/2/26,0.013742265,6012.81,6115.37,6012.81,6096.01
2016/2/29,0.000177149,6096.01,6104.98,6033.21,6097.09
2016/3/1,0.009108657,6097.09,6153.75,6070.51,6152.88
2016/3/2,-0.000946346,6152.88,6194.01,6097.77,6147.06
2016/3/3,-0.002704131,6147.06,6173.7,6108.35,6130.46
2016/3/4,0.011187564,6130.46,6204.14,6130.46,6199.43
2016/3/7,-0.002750807,6199.43,6216.1,6125.64,6182.4
2016/3/8,-0.009255955,6182.4,6182.45,6101.89,6125.44
2016/3/9,0.003402938,6125.44,6174.82,6118.23,6146.32
2016/3/10,-0.017996024,6146.32,6203.4,6036.7,6036.7
2016/3/11,0.016933035,6036.7,6150.88,6036.7,6139.79
2016/3/14,0.005648705,6139.79,6197.83,6139.79,6174.57
2016/3/15,-0.005619388,6174.57,6174.57,6114.77,6139.97
2016/3/16,0.005768375,6139.97,6186.18,6134.27,6175.49
2016/3/17,0.004141689,6175.49,6220.02,6125.7,6201.12
2016/3/18,-0.001852994,6201.12,6237.02,6186.24,6189.64
2016/3/21,-0.000817829,6189.64,6215.3,6154.12,6184.58
2016/3/22,0.001318541,6184.58,6193.47,6110.39,6192.74
2016/3/23,0.001028095,6192.74,6216.76,6171.13,6199.11
2016/3/24,-0.015055231,6199.11,6199.11,6090.03,6106.48
2016/3/29,-9.50E-05,6106.48,6156.67,6070.77,6105.9
2016/3/30,0.015804935,6105.9,6221.8,6105.9,6203.17
2016/3/31,-0.004567764,6203.17,6203.39,6149.82,6174.9
2016/4/1,-0.004683089,6174.9,6174.9,6076.89,6146.05
2016/4/4,0.003033119,6146.05,6201.95,6132.9,6164.72
2016/4/5,-0.011992686,6164.72,6164.74,6061.85,6091.23
2016/4/6,0.011491321,6091.23,6161.63,6091.23,6161.63
2016/4/7,-0.004023254,6161.63,6204.11,6119.38,6136.89
2016/4/8,0.01094223,6136.89,6216.28,6136.89,6204.41
2016/4/11,-0.000691683,6204.41,6229.66,6165.46,6200.12
2016/4/12,0.006794475,6200.12,6248.27,6176.28,6242.39
2016/4/13,0.019119555,6242.39,6362.89,6242.39,6362.89
2016/4/14,0.000347266,6362.89,6373.93,6335.4,6365.1
2016/4/15,-0.003359867,6365.1,6372.52,6328.19,6343.75
2016/4/18,0.001538914,6343.75,6354.88,6261.71,6353.52
2016/4/19,0.008124589,6353.52,6418.25,6353.49,6405.35
2016/4/20,0.000766253,6405.35,6421.91,6367.36,6410.26
2016/4/21,-0.004506055,6410.26,6427.32,6352.93,6381.44
2016/4/22,-0.011188373,6381.44,6381.58,6289.34,6310.44
2016/4/25,-0.007878266,6310.44,6324.6,6249.34,6260.92
2016/4/26,0.003762328,6260.92,6297.88,6260.92,6284.52
2016/4/27,0.005615501,6284.52,6319.91,6255.2,6319.91
2016/4/28,0.000393915,6319.91,6322.4,6224.47,6322.4
2016/4/29,-0.012815862,6322.4,6322.4,6241.89,6241.89
2016/5/3,-0.009060628,6241.89,6270.03,6159.86,6185.59
2016/5/4,-0.011965069,6185.59,6185.59,6100.76,6112.02
2016/5/5,0.000855325,6112.02,6152.59,6102.29,6117.25
2016/5/6,0.001380386,6117.25,6129.9,6054.74,6125.7
2016/5/9,-0.001779338,6125.7,6177.6,6108.37,6114.81
2016/5/10,0.006819101,6114.81,6180.19,6114.81,6156.65
2016/5/11,0.000948118,6156.65,6172.72,6131.22,6162.49
2016/5/12,-0.009505496,6162.49,6193.21,6094.14,6104.19
2016/5/13,0.005604992,6104.19,6138.5,6060.1,6138.5
2016/5/16,0.002099286,6138.5,6157.24,6092.21,6151.4
2016/5/17,0.002657648,6151.4,6215.88,6147.16,6167.77
2016/5/18,-0.000319453,6167.77,6169.33,6115.99,6165.8
2016/5/19,-0.018406055,6165.8,6165.8,6050.21,6053.35
2016/5/20,0.016867359,6053.35,6156.5,6053.35,6156.32
2016/5/23,-0.003236057,6156.32,6173.06,6122.57,6136.43
2016/5/24,0.013407789,6136.43,6231.85,6109.58,6219.26
2016/5/25,0.006984424,6219.26,6270.25,6219.26,6262.85
2016/5/26,0.000446981,6262.85,6281.73,6243.49,6265.65
2016/5/27,0.00082001,6265.65,6275.9,6250.27,6270.79
2016/5/31,-0.006399213,6270.79,6290.07,6230.11,6230.79
2016/6/1,-0.006256299,6230.79,6233.18,6151.9,6191.93
2016/6/2,-0.001021205,6191.93,6220.27,6173.05,6185.61
2016/6/3,0.003875686,6185.61,6251.74,6168.19,6209.63
2016/6/6,0.01021716,6209.63,6301.56,6209.63,6273.4
2016/6/7,0.001772586,6273.4,6322.6,6273.4,6284.53
2016/6/8,0.002699816,6284.53,6304.51,6263.8,6301.52
2016/6/9,-0.011111217,6301.52,6301.73,6229.07,6231.89
2016/6/10,-0.018810612,6231.89,6231.89,6097.24,6115.76
2016/6/13,-0.011642525,6115.76,6115.76,6044.97,6044.97
2016/6/14,-0.020293966,6044.97,6044.97,5921.72,5923.53
2016/6/15,0.007278215,5923.53,6007.49,5923.39,5966.8
2016/6/16,-0.002738882,5966.8,5966.8,5899.97,5950.48
2016/6/17,0.011796417,5950.48,6046.1,5950.48,6021.09
2016/6/20,0.029925939,6021.09,6236.53,6021.09,6204
2016/6/21,0.003628162,6204,6250.19,6156.23,6226.55
2016/6/22,0.005547856,6226.55,6315.62,6222.01,6261.19
2016/6/23,0.012208776,6261.19,6380.58,6261.19,6338.1
2016/6/24,-0.031967675,6338.1,6338.55,5788.74,6138.69
2016/6/27,-0.025822971,6138.69,6138.69,5958.66,5982.2
2016/6/28,0.026099865,5982.2,6170.26,5982.2,6140.39
2016/6/29,0.035149553,6140.39,6360.06,6140.39,6360.06
2016/6/30,0.022430298,6360.06,6504.33,6309.98,6504.33
2016/7/1,0.011236795,6504.33,6587.44,6498.56,6577.83
2016/7/4,-0.008483962,6577.83,6612.13,6514.81,6522.26
2016/7/5,0.003536988,6522.26,6561.58,6472.25,6545.37
2016/7/6,-0.012573038,6545.37,6580.32,6432.47,6463.59
2016/7/7,0.010802282,6463.59,6579.25,6463.59,6533.79
2016/7/8,0.008663288,6533.79,6605.83,6515.24,6590.64
2016/7/11,0.013895579,6590.64,6695.07,6590.64,6682.86
2016/7/12,-0.000324764,6682.86,6703.09,6663.66,6680.69
2016/7/13,-0.001541447,6680.69,6717.17,6654.64,6670.4
2016/7/14,-0.002391019,6670.4,6743.42,6648.4,6654.47
2016/7/15,0.002217101,6654.47,6669.24,6616.51,6669.24
2016/7/18,0.0039178,6669.24,6715.58,6653.67,6695.42
2016/7/19,0.000291201,6695.42,6711.69,6660.87,6697.37
2016/7/20,0.004710146,6697.37,6736.57,6694.36,6728.99
2016/7/21,-0.00433395,6728.99,6732.07,6694.52,6699.89
2016/7/22,0.004555355,6699.89,6735.94,6663.72,6730.48
2016/7/25,-0.003028139,6730.48,6756.13,6691.03,6710.13
2016/7/26,0.002069352,6710.13,6744.8,6708.58,6724.03
2016/7/27,0.003918529,6724.03,6780.05,6723.71,6750.43
2016/7/28,-0.004360326,6750.43,6762.72,6718.9,6721.06
2016/7/29,0.000501283,6721.06,6740.47,6691.13,6724.43
2016/8/1,-0.00454303,6724.43,6769.41,6678.45,6693.95
2016/8/2,-0.007279247,6693.95,6694.14,6630.76,6645.4
2016/8/3,-0.001656652,6645.4,6673.63,6621.42,6634.4
2016/8/4,0.015815429,6634.4,6749.67,6615.83,6740.16
2016/8/5,0.007878193,6740.16,6802.41,6738.57,6793.47
2016/8/8,0.002302502,6793.47,6829.47,6781.47,6809.13
2016/8/9,0.006174057,6809.13,6863.1,6807.76,6851.3
2016/8/10,0.002204449,6851.3,6866.42,6820.04,6866.42
2016/8/11,0.007008162,6866.42,6914.71,6812.73,6914.71
2016/8/12,0.000189433,6914.71,6931.04,6896.04,6916.02
2016/8/15,0.00363277,6916.02,6955.34,6907.17,6941.19
2016/8/16,-0.006833366,6941.19,6941.19,6893.92,6893.92
2016/8/17,-0.005056336,6893.92,6920.76,6849.9,6859.15
2016/8/18,0.001429185,6859.15,6893.35,6850.61,6868.96
2016/8/19,-0.001458343,6868.96,6871.48,6840.94,6858.95
2016/8/22,-0.004443481,6858.95,6884.61,6812.07,6828.54
2016/8/23,0.00583631,6828.54,6885.39,6828.54,6868.51
2016/8/24,-0.004776616,6868.51,6868.51,6825.22,6835.78
2016/8/25,-0.002765759,6835.78,6836.22,6779.15,6816.9
2016/8/26,0.00309778,6816.9,6857.29,6798.82,6838.05
2016/8/30,-0.002527302,6838.05,6851.83,6808.07,6820.79
2016/8/31,-0.00577551,6820.79,6832.89,6779.54,6781.51
2016/9/1,-0.005254501,6781.51,6826.22,6723.21,6745.97
2016/9/2,0.021793207,6745.97,6928.25,6745.97,6894.6
2016/9/5,-0.00220415,6894.6,6910.66,6867.08,6879.42
2016/9/6,-0.007788171,6879.42,6887.92,6818.96,6826.05
2016/9/7,0.003003082,6826.05,6856.12,6814.87,6846.58
2016/9/8,0.001768662,6846.58,6889.64,6819.82,6858.7
2016/9/9,-0.011990771,6858.7,6862.38,6762.3,6776.95
2016/9/12,-0.011285302,6776.95,6776.95,6654.48,6700.9
2016/9/13,-0.005277373,6700.9,6724.74,6665.63,6665.63
2016/9/14,0.001151516,6665.63,6720.29,6665.63,6673.31
2016/9/15,0.00850373,6673.31,6736.84,6654.82,6730.3
2016/9/16,-0.00297904,6730.3,6746.29,6692.73,6710.28
2016/9/19,0.015272598,6710.28,6813.95,6710.28,6813.55
2016/9/20,0.002527057,6813.55,6869.1,6798.02,6830.79
2016/9/21,0.000582486,6830.79,6879.81,6830.47,6834.77
2016/9/22,0.011149403,6834.77,6937.33,6834.77,6911.4
2016/9/23,-0.000285077,6911.4,6920.23,6882.62,6909.43
2016/9/26,-0.013315105,6909.43,6909.63,6806.47,6818.04
2016/9/27,-0.001522123,6818.04,6865.45,6768.86,6807.67
2016/9/28,0.00610822,6807.67,6878.21,6807.67,6849.38
2016/9/29,0.010173814,6849.38,6941.09,6849.38,6919.42
2016/9/30,-0.002907646,6919.42,6919.42,6809.51,6899.33
2016/10/3,0.012128782,6899.33,6996.43,6898.09,6983.52
2016/10/4,0.012921065,6983.52,7121.93,6983.52,7074.34
2016/10/5,-0.00582525,7074.34,7076.71,7024.13,7033.25
2016/10/6,-0.004744469,7033.25,7049.34,6999.96,6999.96
2016/10/7,0.006327121,6999.96,7079.25,6999.96,7044.39
2016/10/10,0.007511054,7044.39,7104.49,7024.08,7097.5
2016/10/11,-0.003757668,7097.5,7129.83,7061.36,7070.88
2016/10/12,-0.006650662,7070.88,7079.42,7015.76,7024.01
2016/10/13,-0.006609198,7024.01,7024.01,6930.04,6977.74
2016/10/14,0.00511891,6977.74,7055.18,6977.74,7013.55
2016/10/17,-0.009454913,7013.55,7013.55,6937.43,6947.55
2016/10/18,0.007529641,6947.55,7033.02,6946.39,7000.06
2016/10/19,0.003117964,7000.06,7031.2,6975.92,7021.92
2016/10/20,0.000708956,7021.92,7047.55,6998.84,7026.9
2016/10/21,-0.000915474,7026.9,7058.39,7011.09,7020.47
2016/10/24,-0.004864765,7020.47,7067.34,6983.4,6986.4
2016/10/25,0.004461577,6986.4,7067.23,6985.92,7017.64
2016/10/26,-0.008521968,7017.64,7017.64,6917.77,6958.09
2016/10/27,0.004084723,6958.09,7003.93,6924.05,6986.57
2016/10/28,0.001385986,6986.57,7006.43,6927.21,6996.26
2016/10/31,-0.006027051,6996.26,6996.26,6945.29,6954.22
2016/11/1,-0.00534628,6954.22,6993.79,6903.61,6917.14
2016/11/2,-0.010422574,6917.14,6917.14,6845.42,6845.42
2016/11/3,-0.008053766,6845.42,6873.21,6790.51,6790.51
2016/11/4,-0.014424999,6790.51,6790.52,6676.56,6693.26
2016/11/7,0.016835754,6693.26,6806.9,6693.26,6806.9
2016/11/8,0.005308426,6806.9,6849.31,6795.06,6843.13
2016/11/9,0.009990654,6843.13,6911.84,6696.33,6911.84
2016/11/10,-0.012207007,6911.84,6997.25,6799.05,6827.98
2016/11/11,-0.014389841,6827.98,6849.04,6709.72,6730.43
2016/11/14,0.00337447,6730.43,6814.19,6730.43,6753.18
2016/11/15,0.00584089,6753.18,6820.52,6753.18,6792.74
2016/11/16,-0.006353372,6792.74,6810.53,6735.69,6749.72
2016/11/17,0.006643346,6749.72,6798.75,6745.08,6794.71
2016/11/18,-0.002791355,6794.71,6811.62,6740.34,6775.77
2016/11/21,0.000323158,6775.77,6820.9,6754.16,6777.96
2016/11/22,0.006142244,6777.96,6851.37,6777.96,6819.72
2016/11/23,-0.000294777,6819.72,6880.74,6779.45,6817.71
2016/11/24,0.001683898,6817.71,6831.23,6790.69,6829.2
2016/11/25,0.001689838,6829.2,6852.14,6818.12,6840.75
2016/11/28,-0.006052707,6840.75,6840.96,6769.77,6799.47
2016/11/29,-0.004048204,6799.47,6800.91,6729.36,6772
2016/11/30,0.001739479,6772,6845.74,6765.23,6783.79
2016/12/1,-0.004559458,6783.79,6789.3,6688.41,6752.93
2016/12/2,-0.003294363,6752.93,6752.93,6678.74,6730.72
2016/12/5,0.002390643,6730.72,6799.5,6697.65,6746.83
2016/12/6,0.004880738,6746.83,6785.32,6723.05,6779.84
2016/12/7,0.017891045,6779.84,6902.23,6779.84,6902.23
2016/12/8,0.004238906,6902.23,6937.51,6892.17,6931.55
2016/12/9,0.003263778,6931.55,6962.25,6929.46,6954.21
2016/12/12,-0.00921519,6954.21,6976.78,6875.43,6890.42
2016/12/13,0.011277998,6890.42,6977.99,6877.52,6968.57
2016/12/14,-0.002784933,6968.57,6970.52,6941.95,6949.19
2016/12/15,0.007143604,6949.19,7010.48,6925.88,6999.01
2016/12/16,0.001802915,6999.01,7038.43,6990.35,7011.64
2016/12/19,0.000786953,7011.64,7025.74,6986.44,7017.16
2016/12/20,0.003811934,7017.16,7045.22,6992.62,7043.96
2016/12/21,-0.000360658,7043.96,7056.98,7025.68,7041.42
2016/12/22,0.003156308,7041.42,7063.68,7020.13,7063.68
2016/12/23,0.000635444,7063.68,7071.11,7054.64,7068.17
2016/12/28,0.005349149,7068.17,7109.37,7060.85,7106.08
2016/12/29,0.001993486,7106.08,7120.26,7074.47,7120.26
2016/12/30,0.003164815,7120.26,7142.83,7087.54,7142.83
2017/1/3,0.004896412,7142.83,7205.45,7142.83,7177.89
2017/1/4,0.001649542,7177.89,7189.74,7168.77,7189.74
2017/1/5,0.000774415,7189.74,7211.96,7172.77,7195.31
2017/1/6,0.002046461,7195.31,7210.05,7180.64,7210.05
2017/1/9,0.003837262,7210.05,7243.76,7207.4,7237.77
2017/1/10,0.005195268,7237.77,7284.81,7237.29,7275.47
2017/1/11,0.002062343,7275.47,7328.51,7257.15,7290.49
2017/1/12,0.000257837,7290.49,7302.34,7263.42,7292.37
2017/1/13,0.006211837,7292.37,7338.49,7292.37,7337.81
2017/1/16,-0.001456535,7337.81,7354.14,7320.47,7327.13
2017/1/17,-0.014676315,7327.13,7329.27,7220.38,7220.38
2017/1/18,0.003764176,7220.38,7260.47,7218.41,7247.61
2017/1/19,-0.005419198,7247.61,7249.63,7191.67,7208.44
2017/1/20,-0.001388226,7208.44,7221.01,7193.73,7198.44
2017/1/23,-0.006586958,7198.44,7198.44,7131.46,7151.18
2017/1/24,-0.00011747,7151.18,7190.15,7144.44,7150.34
2017/1/25,0.001968597,7150.34,7205.68,7150.34,7164.43
2017/1/26,-0.000410445,7164.43,7184.75,7151.34,7161.49
2017/1/27,0.003206476,7161.49,7184.73,7150.76,7184.49
2017/1/30,-0.009230316,7184.49,7184.7,7105.67,7118.48
2017/1/31,-0.002719161,7118.48,7162.53,7099.15,7099.15
2017/2/1,0.00119661,7099.15,7170.24,7099.15,7107.65
2017/2/2,0.004646144,7107.65,7163.94,7093.57,7140.75
2017/2/3,0.006636891,7140.75,7202.37,7133.63,7188.3
2017/2/6,-0.002249234,7188.3,7208.73,7165.17,7172.15
2017/2/7,0.001959833,7172.15,7227.22,7159.57,7186.22
2017/2/8,0.000361738,7186.22,7195.94,7147.18,7188.82
2017/2/9,0.005642836,7188.82,7238.74,7183.14,7229.5
2017/2/10,0.00403776,7229.5,7274.8,7229.45,7258.75
2017/2/13,0.002774862,7258.75,7298.47,7257.67,7278.92
2017/2/14,-0.001424302,7278.92,7292.65,7251.81,7268.56
2017/2/15,0.004646233,7268.56,7313.44,7268.56,7302.41
2017/2/16,-0.003359324,7302.41,7302.41,7260.74,7277.92
2017/2/17,0.003023762,7277.92,7307.14,7253.16,7299.96
2017/2/20,-1.37E-05,7299.96,7329.56,7283.29,7299.86
2017/2/21,-0.003434725,7299.86,7318.98,7267.49,7274.83
2017/2/22,0.003762075,7274.83,7314.26,7274.71,7302.25
2017/2/23,-0.0042378,7302.25,7310.05,7262.94,7271.37
2017/2/24,-0.003812594,7271.37,7271.86,7192.45,7243.7
2017/2/27,0.001283051,7243.7,7285.19,7239.66,7253
2017/2/28,0.001438369,7253,7284.2,7246.6,7263.44
2017/3/1,0.01631297,7263.44,7383.05,7263.44,7382.9
2017/3/2,-7.45E-05,7382.9,7394.61,7372.68,7382.35
2017/3/3,-0.001096458,7382.35,7382.36,7353.64,7374.26
2017/3/6,-0.003278919,7374.26,7374.26,7338.94,7350.12
2017/3/7,-0.001515409,7350.12,7363.74,7335.27,7338.99
2017/3/8,-0.000596991,7338.99,7354.47,7315.86,7334.61
2017/3/9,-0.002682674,7334.61,7336.26,7263.62,7314.96
2017/3/10,0.003836807,7314.96,7373,7314.96,7343.08
2017/3/13,0.003263054,7343.08,7377.41,7342.02,7367.08
2017/3/14,-0.001253656,7367.08,7386.17,7339.27,7357.85
2017/3/15,0.001465387,7357.85,7383.33,7357.58,7368.64
2017/3/16,0.006399929,7368.64,7444.62,7368.64,7415.95
2017/3/17,0.001214211,7415.95,7447,7402.64,7424.96
2017/3/20,0.000652989,7424.96,7433.68,7399.97,7429.81
2017/3/21,-0.006951605,7429.81,7440.85,7360.67,7378.34
2017/3/22,-0.007293752,7378.34,7378.4,7301.83,7324.72
2017/3/23,0.002180639,7324.72,7346.4,7307.65,7340.71
2017/3/24,-0.000530062,7340.71,7351.6,7322.86,7336.82
2017/3/27,-0.005921966,7336.82,7336.82,7255.78,7293.5
2017/3/28,0.006821134,7293.5,7349.59,7285.8,7343.42
2017/3/29,0.004117654,7343.42,7373.72,7313.9,7373.72
2017/3/30,-0.000569753,7373.72,7384.8,7340.25,7369.52
2017/3/31,-0.00634342,7369.52,7369.55,7322.92,7322.92
2017/4/3,-0.005508856,7322.92,7350.3,7280.76,7282.69
2017/4/4,0.005358631,7282.69,7324.6,7282.69,7321.82
2017/4/5,0.001345754,7321.82,7362.59,7321.82,7331.68
2017/4/6,-0.003892076,7331.68,7331.68,7258.11,7303.2
2017/4/7,0.006301987,7303.2,7349.37,7284.73,7349.37
2017/4/10,-5.85E-05,7349.37,7359.25,7337.01,7348.94
2017/4/11,0.002250851,7348.94,7406.35,7332.59,7365.5
2017/4/12,-0.002244047,7365.5,7402.42,7348.84,7348.99
2017/4/13,-0.002916213,7348.99,7348.99,7298.85,7327.59
2017/4/18,-0.024884031,7327.59,7327.59,7147.5,7147.5
2017/4/19,-0.004647369,7147.5,7151.18,7114.36,7114.36
2017/4/20,0.000587372,7114.36,7127.58,7096.83,7118.54
2017/4/21,-0.000560665,7118.54,7134.53,7104.22,7114.55
2017/4/24,0.020882266,7114.55,7273.9,7114.55,7264.68
2017/4/25,0.001507532,7264.68,7290.82,7258.74,7275.64
2017/4/26,0.001796166,7275.64,7302.57,7262.32,7288.72
2017/4/27,-0.007097702,7288.72,7289.38,7224.35,7237.17
2017/4/28,-0.004602147,7237.17,7243.31,7197.28,7203.94
2017/5/2,0.006380267,7203.94,7254.32,7203.94,7250.05
2017/5/3,-0.002142969,7250.05,7250.05,7218.56,7234.53
2017/5/4,0.00187397,7234.53,7280.7,7226.07,7248.1
2017/5/5,0.006782866,7248.1,7297.43,7222.81,7297.43
2017/5/8,0.000469918,7297.43,7322.32,7285.76,7300.86
2017/5/9,0.005647738,7300.86,7359.61,7300.86,7342.21
2017/5/10,0.005843527,7342.21,7398.58,7331.3,7385.24
2017/5/11,0.000188196,7385.24,7396.19,7369.23,7386.63
2017/5/12,0.006579424,7386.63,7435.39,7381.74,7435.39
2017/5/15,0.002549404,7435.39,7460.2,7434.24,7454.37
2017/5/16,0.009035611,7454.37,7533.7,7452.44,7522.03
2017/5/17,-0.002470468,7522.03,7532.95,7478.88,7503.47
2017/5/18,-0.00897603,7503.47,7503.68,7389.26,7436.42
2017/5/19,0.004600491,7436.42,7480.28,7436.42,7470.71
2017/5/22,0.00342486,7470.71,7518.12,7470.71,7496.34
2017/5/23,-0.00147514,7496.34,7521.94,7485.29,7485.29
2017/5/24,0.003947955,7485.29,7519.58,7475.11,7514.9
2017/5/25,0.000373854,7514.9,7529.74,7497.07,7517.71
2017/5/26,0.003972036,7517.71,7554.21,7514.39,7547.63
2017/5/30,-0.002802152,7547.63,7547.65,7497.07,7526.51
2017/5/31,-0.000871966,7526.51,7586.45,7519.68,7519.95
2017/6/1,0.003162568,7519.95,7558.63,7518.32,7543.77
2017/6/2,0.00051155,7543.77,7598.99,7539.96,7547.63
2017/6/5,-0.002901804,7547.63,7562,7519.06,7525.76
2017/6/6,-0.000107636,7525.76,7527.64,7502.83,7524.95
2017/6/7,-0.006175883,7524.95,7555.62,7476.33,7478.62
2017/6/8,-0.003836935,7478.62,7489.66,7449.98,7449.98
2017/6/9,0.010329049,7449.98,7545.12,7449.73,7527.33
2017/6/12,-0.002055961,7527.33,7540.53,7483.61,7511.87
2017/6/13,-0.001522751,7511.87,7540.05,7491.86,7500.44
2017/6/14,-0.003477837,7500.44,7545.07,7474.4,7474.4
2017/6/15,-0.007391048,7474.4,7474.51,7377.86,7419.36
2017/6/16,0.005937032,7419.36,7478.99,7419.36,7463.54
2017/6/19,0.008042826,7463.54,7537.84,7463.54,7523.81
2017/6/20,-0.006814941,7523.81,7561.07,7472.71,7472.71
2017/6/21,-0.003340374,7472.71,7477.17,7417.45,7447.79
2017/6/22,-0.00114193,7447.79,7448.48,7398.83,7439.29
2017/6/23,-0.002039908,7439.29,7441.79,7396.75,7424.13
2017/6/26,0.003048904,7424.13,7480.95,7424.13,7446.8
2017/6/27,-0.001671913,7446.8,7451.68,7411.36,7434.36
2017/6/28,-0.006282506,7434.36,7445.31,7381.36,7387.8
2017/6/29,-0.005086141,7387.8,7451.95,7341.75,7350.32
2017/6/30,-0.005128552,7350.32,7377.38,7302.71,7312.72
2017/7/3,0.008763954,7312.72,7386.11,7312.26,7377.09
2017/7/4,-0.002695749,7377.09,7383.45,7336.75,7357.23
2017/7/5,0.001408505,7357.23,7386.92,7347.52,7367.6
2017/7/6,-0.004123807,7367.6,7373.85,7303.46,7337.28
2017/7/7,0.001857274,7337.28,7359.48,7314.69,7350.92
2017/7/10,0.002596301,7350.92,7388.02,7344.31,7370.03
2017/7/11,-0.005479004,7370.03,7386.88,7304.77,7329.76
2017/7/12,0.011822452,7329.76,7439.08,7329.76,7416.93
2017/7/13,-0.000470656,7416.93,7428.24,7403.75,7413.44
2017/7/14,-0.004739111,7413.44,7419.81,7363.77,7378.39
2017/7/17,0.003482495,7378.39,7426.37,7378.3,7404.13
2017/7/18,-0.001880448,7404.13,7418.53,7357.77,7390.22
2017/7/19,0.005490823,7390.22,7442.84,7379.33,7430.91
2017/7/20,0.00763605,7430.91,7502.73,7430.91,7487.87
2017/7/21,-0.004679818,7487.87,7515.12,7433.89,7452.91
2017/7/24,-0.010138557,7452.91,7453.22,7357.5,7377.73
2017/7/25,0.007708367,7377.73,7453.74,7377.73,7434.82
2017/7/26,0.002351024,7434.82,7487.05,7434.68,7452.32
2017/7/27,-0.001250056,7452.32,7461.85,7410.85,7443.01
2017/7/28,-0.010078822,7443.01,7443.01,7339.44,7368.37
2017/7/31,0.000492525,7368.37,7425.52,7367.86,7372
2017/8/1,0.006983157,7372,7440.14,7372,7423.66
2017/8/2,-0.001648794,7423.66,7434.71,7388.91,7411.43
2017/8/3,0.008509946,7411.43,7484.53,7384.22,7474.77
2017/8/4,0.004929787,7474.77,7519.06,7465.12,7511.71
2017/8/7,0.002689508,7511.71,7533.74,7511.71,7531.94
2017/8/8,0.001431541,7531.94,7551.85,7518.45,7542.73
2017/8/9,-0.005939865,7542.73,7542.73,7475.83,7498.06
2017/8/10,-0.014524705,7498.06,7498.06,7376.66,7389.94
2017/8/11,-0.010881814,7389.94,7389.96,7296.49,7309.96
2017/8/14,0.005991623,7309.96,7377.66,7309.96,7353.89
2017/8/15,0.004065758,7353.89,7399.35,7353.89,7383.85
2017/8/16,0.006638399,7383.85,7444.98,7383.85,7433.03
2017/8/17,-0.006094116,7433.03,7433.74,7382.16,7387.87
2017/8/18,-0.00868557,7387.87,7387.87,7302.47,7323.98
2017/8/21,-0.000696585,7323.98,7331.95,7296.8,7318.88
2017/8/22,0.008552072,7318.88,7387.55,7318.88,7381.74
2017/8/23,0.00012327,7381.74,7394.52,7360.33,7382.65
2017/8/24,0.003300947,7382.65,7437.87,7382.16,7407.06
2017/8/25,-0.000756321,7407.06,7439.53,7401.46,7401.46
2017/8/29,-0.008688633,7401.46,7401.62,7289.2,7337.43
2017/8/30,0.003785706,7337.43,7381.33,7337.43,7365.26
2017/8/31,0.008834949,7365.26,7443.68,7365.01,7430.62
2017/9/1,0.001059915,7430.62,7460.52,7430.06,7438.5
2017/9/4,-0.003640415,7438.5,7438.5,7404.05,7411.47
2017/9/5,-0.005214972,7411.47,7437.51,7369.58,7372.92
2017/9/6,-0.002551768,7372.92,7372.92,7322.42,7354.13
2017/9/7,0.005809749,7354.13,7412.68,7348.38,7396.98
2017/9/8,-0.002623426,7396.98,7396.98,7358.42,7377.6
2017/9/11,0.00486642,7377.6,7434.07,7377.6,7413.59
2017/9/12,-0.001741563,7413.59,7435.84,7386.98,7400.69
2017/9/13,-0.002840252,7400.69,7401.3,7336.23,7379.7
2017/9/14,-0.011490346,7379.7,7390.7,7287.73,7295.39
2017/9/15,-0.01101531,7295.39,7295.39,7196.58,7215.47
2017/9/18,0.005226448,7215.47,7257.45,7215.47,7253.28
2017/9/19,0.003024396,7253.28,7285.67,7243.59,7275.25
2017/9/20,-0.000453696,7275.25,7289.93,7249.58,7271.95
2017/9/21,-0.001107606,7271.95,7289.16,7260.05,7263.9
2017/9/22,0.006413947,7263.9,7320.28,7242.23,7310.64
2017/9/25,-0.001279776,7310.64,7312.45,7272.49,7301.29
2017/9/26,-0.002132032,7301.29,7311.82,7273.32,7285.74
2017/9/27,0.00380431,7285.74,7327.5,7285.74,7313.51
2017/9/28,0.001272177,7313.51,7323.33,7289.75,7322.82
2017/9/29,0.006796628,7322.82,7382.67,7321.64,7372.76
2017/10/2,0.008922795,7372.76,7438.84,7372.73,7438.84
2017/10/3,0.003927032,7438.84,7469.82,7426.67,7468.11
2017/10/4,-7.10E-05,7468.11,7476.33,7456.61,7467.58
2017/10/5,0.005396803,7467.58,7507.99,7464.4,7507.99
2017/10/6,0.001979927,7507.99,7527.72,7507.99,7522.87
2017/10/9,-0.001993247,7522.87,7523.65,7493.68,7507.89
2017/10/10,0.004038245,7507.89,7543.88,7504.56,7538.27
2017/10/11,-0.000591823,7538.27,7550.17,7519.6,7533.81
2017/10/12,0.002972822,7533.81,7565.11,7526.33,7556.24
2017/10/13,-0.002756487,7556.24,7556.24,7521.09,7535.44
2017/10/16,-0.001124654,7535.44,7557,7526.73,7526.97
2017/10/17,-0.001435871,7526.97,7550.44,7506.31,7516.17
2017/10/18,0.003546046,7516.17,7555.24,7516.17,7542.87
2017/10/19,-0.002632435,7542.87,7542.87,7485.42,7523.04
2017/10/20,2.53E-05,7523.04,7560.04,7517.07,7523.23
2017/10/23,0.000162151,7523.23,7542,7511.77,7524.45
2017/10/24,0.000277723,7524.45,7535.22,7508.5,7526.54
2017/10/25,-0.010595975,7526.54,7528.46,7437.42,7447.21
2017/10/26,0.005261933,7447.21,7488.26,7440.11,7486.5
2017/10/27,0.002472064,7486.5,7520.76,7485.24,7505.03
2017/10/30,-0.002297097,7505.03,7507.02,7478.41,7487.81
2017/10/31,0.000703563,7487.81,7516.85,7483.97,7493.08
2017/11/1,-0.000683531,7493.08,7532.36,7487.96,7487.96
2017/11/2,0.008955554,7487.96,7562.26,7478.88,7555.32
2017/11/3,0.000665535,7555.32,7580.95,7541.91,7560.35
2017/11/6,0.000255247,7560.35,7572.9,7544.2,7562.28
2017/11/7,-0.006523237,7562.28,7582.85,7507.83,7513.11
2017/11/8,0.002208362,7513.11,7534.49,7504.77,7529.72
2017/11/9,-0.006077086,7529.72,7532.2,7476.89,7484.1
2017/11/10,-0.00685257,7484.1,7500.29,7421.73,7432.99
2017/11/13,-0.00239895,7432.99,7469.3,7402.95,7415.18
2017/11/14,-0.000102498,7415.18,7436.57,7396.92,7414.42
2017/11/15,-0.005654971,7414.42,7415.09,7357.06,7372.61
2017/11/16,0.001941794,7372.61,7393.28,7368.14,7386.94
2017/11/17,-0.000847801,7386.94,7406.53,7356.16,7380.68
2017/11/20,0.001188885,7380.68,7397.39,7350.37,7389.46
2017/11/21,0.002956599,7389.46,7422.18,7367.86,7411.34
2017/11/22,0.001035713,7411.34,7460.91,7410.38,7419.02
2017/11/23,-0.000239953,7419.02,7422.73,7373.31,7417.24
2017/11/24,-0.001025165,7417.24,7425.19,7389.54,7409.64
2017/11/27,-0.003479901,7409.64,7438.39,7383.9,7383.9
2017/11/28,0.010340587,7383.9,7469.61,7373.95,7460.65
2017/11/29,-0.009033191,7460.65,7460.65,7386.67,7393.56
2017/11/30,-0.009088236,7393.56,7416.26,7326.67,7326.67
