Date,log_returns,QHL,QHLp,QHLm
2013/2/1,0.011147031,0.200615141,0.416050406,0.027981908
2013/2/4,-0.015944337,0.110115839,0.202401389,-0.036656554
2013/2/5,0.005733638,0.224215853,0.367210303,0.190224102
2013/2/6,0.002000303,0.154400691,0.420535681,0.124382111
2013/2/7,-0.010686988,0.412944171,0.961498921,0.104331947
2013/2/8,0.005685095,0.392371355,0.759473905,0.338947469
2013/2/11,0.002093934,0.340423001,0.424680829,0.436938246
2013/2/12,0.009721497,0.306092204,0.127681432,0.471356743
2013/2/13,0.003265215,0.176931512,-0.090983016,0.400537172
2013/2/14,-0.005005343,0.341209629,0.014799904,0.629127156
2013/2/15,0.000142229,0.365500928,0.143816708,0.581935504
2013/2/18,-0.001592542,0.4161701,0.1903445,0.577366835
2013/2/19,0.009589544,0.317676956,0.164559578,0.409984704
2013/2/20,0.002551972,0.365722835,-0.255550052,1.188156342
2013/2/21,-0.016368417,0.197571709,-0.024770616,0.535104921
2013/2/22,0.006994431,0.21493987,-0.033520486,0.480964578
2013/2/25,0.00309982,0.20995856,0.048931443,0.487251714
2013/2/26,-0.013453597,0.146370642,-0.088135778,0.402344522
2013/2/27,0.008802628,0.209124824,0.373772986,-0.095971553
2013/2/28,0.005506572,0.23329102,0.178496259,0.267916888
2013/3/1,0.00279291,0.332552933,0.590201853,-0.151830824
2013/3/4,-0.005182251,0.346804725,0.128372972,0.642660619
2013/3/5,0.013511371,0.299237757,0.120449771,0.576106991
2013/3/6,-0.000670317,0.239669463,0.135386747,0.384464825
2013/3/7,0.001790655,0.34603616,0.415207415,0.238802236
2013/3/8,0.00687473,0.237592873,0.515843299,-0.066415711
2013/3/11,0.003087656,0.229254928,0.363280734,0.107950273
2013/3/12,0.001074207,0.250220667,0.210829871,0.247107483
2013/3/13,-0.004482725,0.215515921,0.415199771,0.035227258
2013/3/14,0.007364622,0.453969237,0.475124706,0.481058867
2013/3/15,-0.006107987,0.341071416,0.223387489,0.636729693
2013/3/18,-0.004901316,0.30816031,-0.17154432,0.619849556
2013/3/19,-0.002573796,0.271374393,-0.018632215,0.644320846
2013/3/20,-0.001339131,0.410630001,0.203443511,0.679571508
2013/3/21,-0.006887031,0.259260722,0.218784531,0.534384023
2013/3/22,0.000658774,0.208066763,-0.012001114,0.488835284
2013/3/25,-0.002251953,0.248134497,0.252949465,0.188259431
2013/3/26,0.003285401,0.218505179,-0.388398232,0.923972034
2013/3/27,-0.001847199,0.161793887,0.08679927,0.296917207
2013/3/28,0.003778336,0.083063907,-0.086638357,0.259410143
2013/4/2,0.012233536,0.253024335,0.176678599,0.26961035
2013/4/3,-0.01090249,0.169108901,0.193789658,0.078801945
2013/4/4,-0.011933331,0.346677802,0.369138022,0.390470888
2013/4/5,-0.014982137,0.357872684,0.194426493,0.565232556
2013/4/8,0.004336337,0.547007825,0.619154543,0.263455028
2013/4/9,0.005761663,0.524861972,0.511297432,0.543135679
2013/4/10,0.01167834,0.305898539,0.319270204,0.234656605
2013/4/11,0.004494088,0.299972751,-0.018949893,0.532627819
2013/4/12,-0.004960742,0.185234062,0.027739627,0.279810398
2013/4/15,-0.006409518,0.182984343,0.24130134,0.13906963
2013/4/16,-0.006170077,0.208861368,0.015733539,0.257664391
2013/4/17,-0.009621719,0.172671231,0.064073471,0.106179623
2013/4/18,-8.65E-05,0.216001326,0.201985111,0.254244527
2013/4/19,0.006850643,0.418551249,0.160374634,0.838650169
2013/4/22,-0.000950092,0.272030346,0.000568364,0.698794628
2013/4/23,0.019785082,0.19163057,-0.006351585,0.560086259
2013/4/24,0.003994434,0.151441565,-0.166796208,0.486594001
2013/4/25,0.001682415,0.248792257,-0.118302821,0.791125028
2013/4/26,-0.002513015,0.27507457,0.427510284,0.318443383
2013/4/29,0.004905151,0.271968307,0.061080391,0.584320355
2013/4/30,-0.004329569,0.311305666,0.404246763,0.027263617
2013/5/1,0.00328691,0.339700769,0.107444533,0.568273147
2013/5/2,0.001459108,0.304947262,0.306197394,0.343603232
2013/5/3,0.009359058,0.256360874,0.054091454,0.644593623
2013/5/7,0.005480656,0.393552752,0.432902933,0.329934663
2013/5/8,0.003984548,0.331217063,0.521847529,0.050706876
2013/5/9,0.001405563,0.328870823,0.438347417,0.055774921
2013/5/10,0.004878309,0.330656535,0.209259141,0.093365406
2013/5/13,0.001022876,0.317702799,0.284745281,0.174814083
2013/5/14,0.008154533,0.357725306,0.381271294,0.141954021
2013/5/15,0.001119614,0.250649252,-0.071067614,0.421170016
2013/5/16,-0.000859405,0.236800949,-0.195532169,0.25942952
2013/5/17,0.005258437,0.079867384,-0.33712644,0.428475285
2013/5/20,0.004832823,0.154840976,-0.214269486,0.513570499
2013/5/21,0.007115337,0.108810683,0.064604138,0.22522884
2013/5/22,0.005335637,0.179310925,0.112625687,0.353913609
2013/5/23,-0.021198897,0.162925145,0.246061887,0.148047637
2013/5/24,-0.006359034,0.191438966,-0.312251457,0.920442264
2013/5/28,0.01605091,0.277427824,0.215156666,0.48844966
2013/5/29,-0.020142318,0.240193292,-0.005709159,0.60797876
2013/5/30,0.004489565,0.300455531,0.123005615,0.548215897
2013/5/31,-0.01116319,0.335741466,0.192045001,0.529600135
2013/6/3,-0.008844896,0.509182485,0.648121574,0.413897952
2013/6/4,0.005114772,0.393754046,0.399412929,0.443888106
2013/6/5,-0.021463481,0.48241956,0.773468145,0.199565869
2013/6/6,-0.01304562,0.463163826,0.468893403,0.51401216
2013/6/7,0.01190466,0.383167712,0.407499899,0.370701249
2013/6/10,-0.001801375,0.278369417,0.030580375,0.366183133
2013/6/11,-0.009476914,0.140289953,0.014715853,0.223652002
2013/6/12,-0.006429059,0.192710998,0.217004032,0.081174096
2013/6/13,0.000821956,0.294837094,0.017932552,0.416198842
2013/6/14,0.000575602,0.384332743,0.275693355,0.317539429
2013/6/17,0.003517757,0.263989687,0.394972904,-0.06474343
2013/6/18,0.006882519,0.387319869,-0.049561549,0.953550138
2013/6/19,-0.003991193,0.181259791,0.030549756,0.277078987
2013/6/20,-0.03027174,0.1170191,-0.055445382,0.405779037
2013/6/21,-0.007061145,0.068737005,-0.280502096,0.554166599
2013/6/24,-0.014338338,-0.093161587,-0.568924207,0.37656311
2013/6/25,0.012004091,-0.007422518,-0.326481742,0.52435603
2013/6/26,0.010364156,0.138568371,-0.004190595,0.524907186
2013/6/27,0.012558913,0.345456763,0.360759929,0.455420522
2013/6/28,-0.00448356,0.449919804,0.290711205,0.531943601
2013/7/1,0.014742447,0.434449482,0.446990078,0.296474842
2013/7/2,-0.000608957,0.450134597,0.194187195,0.897457839
2013/7/3,-0.011819369,0.496212641,0.478334083,0.532506245
2013/7/4,0.030322743,0.521931443,0.580154364,0.622660081
2013/7/5,-0.007212552,0.444941761,0.562897684,0.46129317
2013/7/8,0.011625327,0.412625898,0.177969862,0.575988004
2013/7/9,0.009721479,0.270273132,0.371489471,0.069134202
2013/7/10,-0.0012475,0.333047285,0.438255641,0.215497492
2013/7/11,0.005893473,0.2663405,0.06436929,0.212013326
2013/7/12,0.000233796,0.221737713,-0.116601106,0.226392436
2013/7/15,0.006270654,0.127325163,-0.264067146,0.130813604
2013/7/16,-0.00452884,0.288847334,0.20372829,-0.034569635
2013/7/17,0.002373503,0.373397245,0.427671116,0.420288897
2013/7/18,0.009454656,0.31600756,0.359595472,0.117522334
2013/7/19,-0.00055635,0.357594449,0.59853626,-0.072740947
2013/7/22,-0.001131748,0.262235823,-0.088627685,0.494124719
2013/7/23,-0.003892412,0.004911883,-0.074736915,0.206433382
2013/7/24,0.003478628,-0.046163564,-0.516729072,0.590619958
2013/7/25,-0.0049181,0.078792618,-0.2185641,0.63749043
2013/7/26,-0.005046143,0.08856331,-0.266249679,0.539088081
2013/7/29,0.000832632,0.166482137,0.05570288,-0.134117711
2013/7/30,0.001629707,0.181940358,-0.065689918,0.3831231
2013/7/31,0.007597059,0.412847948,0.599579218,0.082766091
2013/8/1,0.009158873,0.522944335,0.60588946,0.438791004
2013/8/2,-0.005117848,0.454422467,0.44242207,0.442581243
2013/8/5,-0.004264579,0.384003707,0.008265398,0.690593971
2013/8/6,-0.002324599,0.373764712,0.041170379,0.643620815
2013/8/7,-0.014182018,0.503454951,0.669121461,0.472400609
2013/8/8,0.002832631,0.512143868,0.767564845,0.384153588
2013/8/9,0.008191873,0.45286888,0.363048098,0.448703771
2013/8/12,-0.001375617,0.309513297,0.114295438,0.136740554
2013/8/13,0.005702913,0.382408032,0.368680157,0.308052302
2013/8/14,-0.003713818,0.212314694,0.240301513,0.176864038
2013/8/15,-0.015927478,0.099753438,-0.000274631,0.234526298
2013/8/16,0.002564829,0.141771307,0.14046951,-0.014612966
2013/8/19,-0.005284717,0.220698561,-0.120034356,0.29684705
2013/8/20,-0.0018995,0.17611938,0.145277255,0.461487397
2013/8/21,-0.009750706,0.165649068,-0.001866791,0.380358262
2013/8/22,0.008729027,0.22375969,0.260956837,0.273811446
2013/8/23,0.006991311,0.204097919,-0.008692006,0.399568739
2013/8/27,-0.007906903,0.107738912,-0.153581778,0.399935058
2013/8/28,-0.00169528,0.113175289,-0.443118072,0.713609668
2013/8/29,0.008207209,0.224274263,-0.024848523,0.36516379
2013/8/30,-0.010874814,0.192349625,0.085809169,0.316999126
2013/9/2,0.014437767,0.198493753,0.188656559,0.038407594
2013/9/3,-0.005823703,0.205100536,-0.028435886,0.269434499
2013/9/4,0.000978124,0.288947738,0.478321507,0.089307956
2013/9/5,0.008872081,0.493923006,0.47503884,0.527063372
2013/9/6,0.002276799,0.480696086,0.465074672,0.305231028
2013/9/9,-0.002537073,0.468027755,0.31728676,0.496978571
2013/9/10,0.008120685,0.351828361,0.103330887,0.448969183
2013/9/11,0.000674136,0.576852011,0.555467669,0.560054923
2013/9/12,8.35E-05,0.555996783,0.740644194,0.608355521
2013/9/13,-0.00078647,0.407176387,0.551532961,0.367598173
2013/9/16,0.005915215,0.280938691,0.655909808,-0.177588474
2013/9/17,-0.007987593,0.261005141,-0.031370564,0.271037507
2013/9/18,-0.001728999,0.129718248,-0.027962287,0.295199648
2013/9/19,0.010098529,0.103242965,-0.230236427,0.524185175
2013/9/20,-0.004380644,0.199362756,-0.090475512,0.505676404
2013/9/23,-0.005938986,0.054680845,-0.11469023,0.091524175
2013/9/24,0.002146422,0.182299965,0.322871259,0.108289699
2013/9/25,-0.00303742,0.219469218,0.039163067,0.4926129
2013/9/26,0.002143764,0.276538605,0.53789419,0.002672911
2013/9/27,-0.008094399,0.194222861,0.03872271,0.145536945
2013/9/30,-0.007775063,0.163915646,-0.023481414,0.326429788
2013/10/1,-0.000342046,0.118170715,-0.257253273,0.33527214
2013/10/2,-0.0034906,0.116468768,-0.088273566,0.243155318
2013/10/3,0.001791017,0.122298124,0.054596361,0.295193992
2013/10/4,0.000750218,0.260846237,0.214205443,0.043924361
2013/10/7,-0.00257541,0.314131952,0.315997201,0.208073234
2013/10/8,-0.011161467,0.283509316,0.37221918,-0.110166487
2013/10/9,-0.004395563,0.504017065,0.42215319,0.455153163
2013/10/10,0.01450168,0.572291038,0.58157188,0.821522948
2013/10/11,0.008778723,0.53449791,0.447870449,0.858970142
2013/10/14,0.003148945,0.414340759,0.523307369,0.204596308
2013/10/15,0.006350755,0.528565548,0.484677502,0.320487614
2013/10/16,0.00342665,0.43719755,0.623124728,0.289768533
2013/10/17,0.000695176,0.382245842,0.365508889,0.337848883
2013/10/18,0.007034034,0.313204924,0.360637344,0.272296619
2013/10/21,0.004763212,0.24236529,0.072854843,0.263238263
2013/10/22,0.006211321,0.17773873,0.135062848,0.022046746
2013/10/23,-0.003168257,0.262456471,-0.04047452,0.525267949
2013/10/24,0.00578146,0.283163905,0.118976226,0.454942427
2013/10/25,0.001214781,0.244267411,0.263064008,0.10264847
2013/10/28,0.000666312,0.25421254,0.339288417,0.059792661
2013/10/29,0.007245662,0.195109303,-0.054605717,0.218164832
2013/10/30,0.000438298,0.113268999,0.075755131,0.2784983
2013/10/31,-0.006850209,0.172286923,0.150989145,0.191947649
2013/11/1,0.000491602,0.172109111,-0.181715907,0.520985823
2013/11/4,0.004279045,0.289834019,-0.138623996,0.806152454
2013/11/5,-0.002484003,0.24688293,-0.057410278,0.477378084
2013/11/6,-0.000763612,0.281181492,0.277264335,0.273580065
2013/11/7,-0.00661812,0.375941625,0.460074076,0.131965745
2013/11/8,0.001670939,0.324399605,0.529090657,0.21131535
2013/11/11,0.002969461,0.32692212,0.80608555,-0.076090783
2013/11/12,-0.000234854,0.473995175,0.375960244,0.263789167
2013/11/13,-0.014493257,0.4129167,0.450272379,0.45192227
2013/11/14,0.005434677,0.455261754,0.36638509,0.452379502
2013/11/15,0.004088461,0.503708043,0.501628842,0.364849352
2013/11/18,0.004474961,0.490735413,0.430416815,0.543421286
2013/11/19,-0.003792436,0.455138661,0.759048961,0.179382151
2013/11/20,-0.002530816,0.405094515,0.319394422,0.332295905
2013/11/21,3.74E-05,0.405691293,0.335350805,0.419014825
2013/11/22,-0.00105274,0.300597732,0.126879581,0.441477893
2013/11/25,0.003039889,0.239858987,-0.069340378,0.512797856
2013/11/26,-0.008761694,0.150493202,-0.309818515,0.483379483
2013/11/27,0.001994628,0.208637492,-0.052645164,0.482366198
2013/11/28,0.000751657,0.148988388,0.054699705,0.585627118
2013/11/29,-0.000586244,0.182933487,-0.044266342,0.250080316
2013/12/2,-0.008340742,0.163640288,-0.014766689,0.369424467
2013/12/3,-0.00958282,0.177614732,0.100544972,0.141724475
2013/12/4,-0.003444155,0.321871054,0.03858748,0.378321355
2013/12/5,-0.001789627,0.336824614,0.216093389,0.469693243
2013/12/6,0.008223599,0.324405866,0.043051067,0.841705997
2013/12/9,0.001142511,0.265178078,0.34259025,0.193328527
2013/12/10,-0.005529416,0.279152629,0.069212779,0.377490357
2013/12/11,-0.002392751,0.223923245,0.221818511,0.124934903
2013/12/12,-0.009645739,0.192498774,0.177952592,0.224801935
2013/12/13,-0.000821096,0.363647648,0.777793166,0.173084213
2013/12/16,0.012689413,0.394289148,0.507238823,0.274575511
2013/12/17,-0.005536441,0.333991307,0.662328287,0.273455799
2013/12/18,0.000907671,0.387307552,0.525221185,0.266310802
2013/12/19,0.014165804,0.415843037,0.383839369,0.177976007
2013/12/20,0.003317346,0.544614278,0.820517201,0.310159392
2013/12/23,0.01084376,0.528089918,0.62362901,0.487308796
2013/12/24,0.002327116,0.513835969,0.303047163,0.396304969
2013/12/27,0.008434387,0.408136713,0.464102338,0.190825722
2013/12/30,-0.002907552,0.452895049,0.32044819,0.548378793
2013/12/31,0.002643848,0.348761803,0.168874438,0.461714239
2014/1/2,-0.004630587,0.321364646,-0.042901332,0.699381834
2014/1/3,0.001897599,0.224896701,-0.250887563,0.59550466
2014/1/6,8.91E-06,0.196660331,-0.06974484,0.492357215
2014/1/7,0.003665979,0.301414332,0.159601621,0.277368008
2014/1/8,-0.004996586,0.224520687,0.535873971,0.104214256
2014/1/9,-0.004538847,0.273274368,0.9921843,-0.258128085
2014/1/10,0.00723687,0.333221067,0.286702212,0.162968896
2014/1/13,0.002550181,0.469855194,-0.053992702,0.782291622
2014/1/14,0.001435965,0.419485499,0.428514049,0.30867986
2014/1/15,0.007801775,0.41995905,0.564747367,0.184725854
2014/1/16,-0.000651252,0.338068367,0.598338858,0.035956766
2014/1/17,0.002034487,0.24926976,0.826582742,-0.223003144
2014/1/20,0.001087368,0.310064806,0.822465395,0.019412929
2014/1/21,-0.000361349,0.363948531,0.887248696,0.067090085
2014/1/22,-0.001161004,0.505212698,0.705526576,0.482920407
2014/1/23,-0.007801734,0.594358373,0.805173226,0.580308064
2014/1/24,-0.016304571,0.455224754,0.280258871,0.579799707
2014/1/27,-0.017115081,0.362972575,0.449738514,0.241497777
2014/1/28,0.003302604,0.473918878,0.693845086,0.325575394
2014/1/29,-0.004277026,0.646266167,0.487525149,0.727251412
2014/1/30,-0.000891251,0.57772216,0.251564797,0.795511243
2014/1/31,-0.004293092,0.427032851,-0.11213954,0.758980556
2014/2/3,-0.006901947,0.36954869,-0.182525433,0.683805852
2014/2/4,-0.002538149,0.372063552,-0.047255739,0.619914589
2014/2/5,0.001335693,0.330946784,0.115638282,0.522680645
2014/2/6,0.015425734,0.157726137,0.126646628,0.081949455
2014/2/7,0.002041134,0.246262286,0.553169137,0.079339303
2014/2/10,0.003019018,0.410157974,0.346341226,0.3859199
2014/2/11,0.012230055,0.515148809,0.56391791,0.546355462
2014/2/12,0.000355118,0.560825544,1.185288499,0.033691263
2014/2/13,-0.002341305,0.54505408,0.669176145,0.328214036
2014/2/14,0.000630487,0.53968098,0.803616501,0.350056226
2014/2/17,0.010803397,0.475856272,0.791886795,0.222779426
2014/2/18,0.008931197,0.424442533,1.012427798,-0.201251303
2014/2/19,4.12E-05,0.382275757,0.925729929,-0.133894457
2014/2/20,0.002392412,0.516959014,0.744608471,0.333841742
2014/2/21,0.003672982,0.484698898,0.591343464,0.384804866
2014/2/24,0.004057239,0.295993003,0.559929013,0.114906321
2014/2/25,-0.005163427,0.27075814,0.279908618,0.30098625
2014/2/26,-0.004600273,0.315474129,0.138579122,0.45960935
2014/2/27,0.001634163,0.371609593,0.151450686,0.610077447
2014/2/28,-8.37E-05,0.366607513,-0.024477893,0.570349691
2014/3/3,-0.014995047,0.476812903,0.192646749,0.598680709
2014/3/4,0.017059086,0.731062499,0.06237413,0.979269591
2014/3/5,-0.007110748,0.655610582,0.526188362,0.670717018
2014/3/6,0.001927174,0.474681593,0.415394743,0.304496761
2014/3/7,-0.011231746,0.316473674,0.67480586,-0.186633674
2014/3/10,-0.003465127,0.287863493,-0.012931603,0.366391152
2014/3/11,-0.000587665,0.289274944,-0.031098098,0.478669597
2014/3/12,-0.009712681,0.405752748,0.296806786,0.602558967
2014/3/13,-0.01018933,0.508406548,1.066269452,0.205532604
2014/3/14,-0.003958215,0.542697443,0.92430866,-0.160834612
2014/3/17,0.006178892,0.560792876,1.319811765,-0.118110887
2014/3/18,0.00560667,0.662549472,1.847861435,-0.312456795
2014/3/19,-0.004879202,0.62042449,1.067017676,0.100476268
2014/3/20,-0.004679942,0.640186277,1.157329971,0.033249148
2014/3/21,0.002248923,0.484887428,0.94894657,0.106552371
2014/3/24,-0.005624917,0.404002986,0.624340257,0.150649052
2014/3/25,0.012876094,0.317248469,0.514515394,0.145424463
2014/3/26,6.21E-05,0.328055952,0.102567426,0.455341612
2014/3/27,-0.002573973,0.262530074,0.298384911,0.285407034
2014/3/28,0.004129089,0.207036097,-0.147350024,0.407978977
2014/3/31,-0.002604824,0.265463579,-0.072989635,0.46380279
2014/4/1,0.00818661,0.313918732,-0.287324382,0.795162008
2014/4/2,0.000966071,0.392960648,0.00086496,0.862714108
2014/4/3,-0.001487807,0.3850648,0.007803303,0.663306135
2014/4/4,0.006955604,0.548657032,0.617494638,0.534467663
2014/4/7,-0.010918846,0.694671285,0.479528348,0.636760527
2014/4/8,-0.004866234,0.634820271,0.444735057,0.561989812
2014/4/9,0.006792553,0.637371648,0.597249355,0.587875682
2014/4/10,0.000958006,0.60755583,0.448109885,0.714432787
2014/4/11,-0.012158891,0.443031739,0.527485435,0.230126217
2014/4/14,0.003356295,0.37157166,0.46284252,0.246261283
2014/4/15,-0.006422698,0.413675304,0.837585692,0.114107718
2014/4/16,0.006484971,0.5460245,1.160390566,0.218998933
2014/4/17,0.006219824,0.580471838,0.9906223,0.140572833
2014/4/22,0.008493319,0.618317581,1.302875412,-0.077013136
2014/4/23,-0.001051174,0.566188636,1.310552948,-0.202210841
2014/4/24,0.004224935,0.54531287,0.916964153,0.154244222
2014/4/25,-0.002585766,0.466627416,0.80834857,0.26382931
2014/4/28,0.002161985,0.253398828,0.630797283,0.080997721
2014/4/29,0.010356386,0.293145892,0.367632256,0.197535943
2014/4/30,0.001493734,0.343133852,0.485297308,0.169131488
2014/5/1,0.004244647,0.379286667,-0.021150363,0.747707097
2014/5/2,0.001988074,0.330550196,0.054764523,0.613777386
2014/5/6,-0.003503423,0.293491611,0.037295006,0.461041527
2014/5/7,-0.000311879,0.288034835,0.313498501,0.314548998
2014/5/8,0.006279131,0.339911595,-0.164469632,0.779245953
2014/5/9,-0.003615109,0.348240104,0.00473946,0.582579339
2014/5/12,0.005441127,0.485728386,0.274366377,0.627259455
2014/5/13,0.003108238,0.725902212,0.437339403,1.071594422
2014/5/14,0.000786819,0.805854042,0.507529971,0.959368336
2014/5/15,-0.005481311,0.71289104,0.957410548,0.217074537
2014/5/16,0.002178628,0.580511716,0.745054179,0.208873895
2014/5/19,-0.001643753,0.501897406,0.582296403,0.337492308
2014/5/20,-0.006236029,0.551162631,0.756770642,0.435491995
2014/5/21,0.002795266,0.421224858,0.60831131,0.297705363
2014/5/22,-7.04E-05,0.407591624,1.076692979,0.015960686
2014/5/23,-0.000705469,0.448586863,1.271196722,0.025195164
2014/5/27,0.004273583,0.58770294,1.367340234,-0.1196494
2014/5/28,0.000917045,0.454255551,1.056709263,-0.055437716
2014/5/29,0.002925123,0.408503566,0.923257217,-0.197226743
2014/5/30,-0.00390499,0.408888581,0.918557907,-0.264081385
2014/6/2,0.00285806,0.43259015,0.237322607,0.64147768
2014/6/3,-0.004058281,0.377640698,0.487659577,0.276119264
2014/6/4,-0.002588078,0.34508805,0.330379447,0.309003615
2014/6/5,-0.000754101,0.366961416,0.777625743,-0.009679067
2014/6/6,0.006542004,0.403485686,-0.008562654,0.706337898
2014/6/9,0.002445169,0.500123116,0.221144215,0.719875695
2014/6/10,-0.000210931,0.437266073,0.36229864,0.419376625
2014/6/11,-0.005058199,0.443591826,0.009134238,0.863773854
2014/6/12,0.000619793,0.442465003,0.089528508,0.820522078
2014/6/13,-0.009582364,0.457731299,0.221371823,0.870738437
2014/6/16,-0.003430266,0.504477604,0.556048553,0.400211309
2014/6/17,0.001794192,0.610305545,0.550301379,0.65332205
2014/6/18,0.001740822,0.804241119,0.76035765,0.674445946
2014/6/19,0.004349859,0.762693901,0.963950602,0.532819526
2014/6/20,0.002507096,0.532334644,0.687753105,0.104237871
2014/6/23,-0.003616683,0.481438279,0.763435578,0.069384963
2014/6/24,-0.00198563,0.495533261,0.853863786,0.196973371
2014/6/25,-0.007906442,0.483938865,0.866900456,0.268933121
2014/6/26,0.000222738,0.32806417,0.852389495,0.037919794
2014/6/27,0.003357327,0.368911294,1.424363643,-0.342438753
2014/6/30,-0.00204863,0.402861479,1.154051213,0.005207452
2014/7/1,0.008707608,0.467996348,0.826545316,0.064952393
2014/7/2,0.00197514,0.46061075,1.256643498,-0.213501244
2014/7/3,0.007139557,0.375538296,1.118871101,-0.298779377
2014/7/4,0.000122349,0.587943562,1.00037901,0.227481422
2014/7/7,-0.006214975,0.507450637,0.65068021,0.315212094
2014/7/8,-0.012544074,0.536552628,0.593290189,0.446680464
2014/7/9,-0.003033483,0.512399284,0.819120155,0.307343193
2014/7/10,-0.006821326,0.5383837,0.335999628,0.778886554
2014/7/11,0.002664166,0.532558732,0.459115166,0.71310145
2014/7/14,0.008331205,0.402329228,0.39098332,0.678976858
2014/7/15,-0.005304477,0.399040734,0.428802621,0.424864638
2014/7/16,0.010999643,0.342553575,-0.128260149,0.682347837
2014/7/17,-0.00685502,0.344724034,-0.149420434,0.762683156
2014/7/18,0.001650384,0.336222955,0.081420321,0.609094108
2014/7/21,-0.003117701,0.419201472,0.324007469,0.518702654
2014/7/22,0.009893764,0.540000067,0.487223034,0.496551805
2014/7/23,0.000413433,0.455143257,0.567972053,0.231870307
2014/7/24,0.003423009,0.542564163,0.535406226,0.40086757
2014/7/25,-0.004394333,0.494221713,0.827148911,0.017483722
2014/7/28,-0.000512533,0.49274434,0.929055687,0.098251489
2014/7/29,0.002895009,0.48633213,0.92735774,0.156014429
2014/7/30,-0.005052587,0.457336061,1.458511694,-0.043966219
2014/7/31,-0.006417594,0.475365436,1.693285475,-0.27267109
2014/8/1,-0.007596263,0.459148977,1.115700541,-0.027360322
2014/8/4,-0.000248564,0.62563386,1.212685255,0.117385577
2014/8/5,0.000742515,0.656483623,1.390505091,-0.098566556
2014/8/6,-0.006955693,0.7414476,1.224117114,0.146386049
2014/8/7,-0.005862398,0.620914611,0.319949004,0.819237304
2014/8/8,-0.00455916,0.339914768,0.49773617,0.200276411
2014/8/11,0.009918128,0.337776158,0.428375865,0.397445945
2014/8/12,-6.03E-05,0.419093051,0.221978161,0.714961033
2014/8/13,0.003651117,0.489258603,-0.068196826,1.070839898
2014/8/14,0.004284241,0.415378402,-0.127406736,1.098527193
2014/8/15,0.000571243,0.325689873,-0.061940946,0.699766643
2014/8/18,0.007769022,0.291286208,-0.193440451,0.868799245
2014/8/19,0.005629959,0.277150832,-0.00150255,0.536275795
2014/8/20,-0.003521299,0.232696254,-0.110494974,0.697850734
2014/8/21,0.003277882,0.312284676,0.010679732,0.709810142
2014/8/22,-0.000355643,0.472069915,0.272725461,0.720544541
2014/8/26,0.006987816,0.505041108,0.577263077,0.340685085
2014/8/27,0.001157219,0.621091667,0.951502221,0.253976549
2014/8/28,-0.003646112,0.637690515,0.918344738,0.235546134
2014/8/29,0.002047624,0.711554663,1.309386827,0.059051871
2014/9/1,0.000814947,0.708157784,1.408890333,0.011301878
2014/9/2,0.000565382,0.564260135,1.33599175,-0.146477676
2014/9/3,0.006481933,0.605798412,1.379039914,0.091105305
2014/9/4,0.000638474,0.699295235,1.76191605,-0.049289697
2014/9/5,-0.003330649,0.706811147,1.288673864,0.376556306
2014/9/8,-0.002970082,0.552884578,0.921005426,0.117076907
2014/9/9,-0.000844569,0.504000833,0.904219109,-0.055694966
2014/9/10,0.000162529,0.561789597,0.588362972,0.546510313
2014/9/11,-0.004474051,0.552187131,0.331814524,0.820378229
2014/9/12,0.00107889,0.304529056,0.086563909,0.402003329
2014/9/15,-0.00040408,0.248521505,-0.012930724,0.429067159
2014/9/16,-0.001760754,0.227345702,-0.1272078,0.510741493
2014/9/17,-0.001670948,0.332273363,-0.330920062,0.982000924
2014/9/18,0.005645524,0.337492722,-0.145752894,0.898412929
2014/9/19,0.002728231,0.307459179,-0.14635008,0.881572798
2014/9/22,-0.00944646,0.310050831,-0.086879326,0.680132068
2014/9/23,-0.014506143,0.315919838,0.145501897,0.559857844
2014/9/24,0.004511921,0.364638337,0.335959031,0.470493641
2014/9/25,-0.009974622,0.344277183,0.266178838,0.429503533
2014/9/26,0.001456833,0.471108159,0.952845072,0.04452079
2014/9/29,-0.000419675,0.701684785,1.161599815,0.170044809
2014/9/30,-0.003599284,0.840913932,1.44834795,0.09212792
2014/10/1,-0.009893679,0.825324831,1.049176494,0.467902911
2014/10/2,-0.017092198,0.893824175,1.504936576,0.1940665
2014/10/3,0.012566547,0.835943788,1.714016134,-0.080520669
2014/10/6,0.00546002,0.606661972,1.108018015,0.045232443
2014/10/7,-0.010424905,0.372947728,1.322025723,-0.209756661
2014/10/8,-0.002055816,0.404354043,1.102308627,0.038572542
2014/10/9,-0.007803919,0.473230306,0.531469478,0.607779629
2014/10/10,-0.014388174,0.496398727,0.39105299,0.590443098
2014/10/13,0.004134992,0.464838608,0.631294251,0.149104966
2014/10/14,0.004144557,0.296875088,0.072293342,0.170845959
2014/10/15,-0.028728635,0.296515347,-0.074332433,0.457140017
2014/10/16,-0.002535554,0.149527232,-0.139262945,0.45648535
2014/10/17,0.018292237,0.188535717,-0.051169527,0.452826294
2014/10/20,-0.006872693,0.171070541,-0.228548184,0.510509341
2014/10/21,0.016656239,0.265029636,-0.245445647,0.809954316
2014/10/22,0.004290622,0.449907581,0.238015468,0.721666223
2014/10/23,0.003029908,0.398372189,0.234319123,0.620815046
2014/10/24,-0.00475021,0.33323185,0.719082916,0.056608996
2014/10/27,-0.003963246,0.459960478,0.61756092,0.25069078
2014/10/28,0.006064741,0.511205509,0.637699052,0.365219144
2014/10/29,0.008042955,0.492235134,0.514927744,0.338918065
2014/10/30,0.001498752,0.629098433,0.974100557,0.337984524
2014/10/31,0.012747271,0.791656326,0.958694881,0.341419379
2014/11/3,-0.00897628,0.79893199,1.116106592,0.216725771
2014/11/4,-0.005254248,0.661329562,0.940179241,0.285974852
2014/11/5,0.013110213,0.650973246,1.076491404,0.076201382
2014/11/6,0.001834948,0.620999586,0.820865409,0.641333432
2014/11/7,0.002453046,0.416483077,0.686331609,0.230933841
2014/11/10,0.00667909,0.31695106,0.804706552,0.20198307
2014/11/11,0.002439827,0.307219775,0.781407291,-0.012483004
2014/11/12,-0.002471592,0.328798292,0.553914661,0.085008447
2014/11/13,0.003685509,0.366356643,0.075591066,0.546459852
2014/11/14,0.002847294,0.449145121,0.249624253,0.519745622
2014/11/17,0.002641387,0.376286814,0.098619553,0.484995399
2014/11/18,0.005554117,0.369811254,0.513456087,0.262659145
2014/11/19,-0.00186935,0.17470896,0.219387175,0.2204579
2014/11/20,-0.002646632,0.22943215,-0.159488557,0.632973296
2014/11/21,0.010701788,0.189901508,0.388877461,-0.02903466
2014/11/24,-0.003111152,0.312993397,0.071609459,0.589180122
2014/11/25,0.00020058,0.537393334,0.471098253,0.528095043
2014/11/26,-0.000292712,0.493524775,0.282416019,0.677207604
2014/11/27,-0.000854854,0.595793347,0.47707702,0.634150756
2014/11/28,-0.000118994,0.542710987,0.263556429,0.587897527
2014/12/1,-0.009903669,0.501115686,0.299505721,0.403114504
2014/12/2,0.012797158,0.450852825,0.519391341,0.273668564
2014/12/3,-0.003784908,0.614514112,0.635961726,0.535891291
2014/12/4,-0.005562869,0.700135741,0.86111719,0.389915559
2014/12/5,0.009457529,0.612735359,0.887058357,0.046237944
2014/12/8,-0.010539054,0.633885537,0.77063676,0.4305906
2014/12/9,-0.021616371,0.570734271,0.707672026,0.528529815
2014/12/10,-0.004517445,0.459240812,1.287662818,-0.431550459
2014/12/11,-0.00591589,0.192597901,0.581063748,-0.163316154
2014/12/12,-0.025242813,0.176683479,0.781502612,-0.105205683
2014/12/15,-0.018891324,0.282705891,0.736812951,-0.091347144
2014/12/16,0.02383099,0.386827491,0.461989923,0.227920939
2014/12/17,0.000734115,0.471543192,0.405628294,0.461909719
2014/12/18,0.02023427,0.514330247,0.494394402,0.421049375
2014/12/19,0.012184972,0.402582577,0.308290344,0.369218159
2014/12/22,0.00479653,0.304758598,0.1975732,0.469618722
2014/12/23,0.003254672,0.215417502,0.020013168,0.40430637
2014/12/24,0.00177921,0.40362196,0.27169137,0.611017962
2014/12/29,0.003561012,0.568366164,0.19444526,0.804553237
2014/12/30,-0.013127146,0.59193822,-0.099718215,0.9836715
2014/12/31,0.002911597,0.477680232,-0.085365479,0.588431431
2015/1/2,-0.002789411,0.374871788,-0.213598822,0.33059949
2015/1/5,-0.020153463,0.367004054,-0.006957833,0.428262102
2015/1/6,-0.007924213,0.335212305,-0.324910514,0.865425022
2015/1/7,0.008340199,0.443509392,0.451683542,0.535616984
2015/1/8,0.023116107,0.651065462,0.869081086,0.519132226
2015/1/9,-0.010530198,0.853991073,1.142596197,1.204379006
2015/1/12,4.31E-05,0.785214027,1.242894609,-0.225117708
2015/1/13,0.006252886,0.726648257,1.137267523,-0.104798309
2015/1/14,-0.023780263,0.657322302,1.631000428,-0.800840901
2015/1/15,0.017121229,0.484233053,1.325114794,-1.209409692
2015/1/16,0.007891803,0.388459747,1.470128244,-1.186346068
2015/1/19,0.005368548,0.346479394,0.69611048,-0.744707718
2015/1/20,0.005235658,0.583627055,0.947621781,1.193688154
2015/1/21,0.016173392,0.586081451,0.758921076,0.698830968
2015/1/22,0.010143033,0.483570795,0.623307032,0.705060586
2015/1/23,0.005312035,0.453710863,0.03261526,0.734013643
2015/1/26,0.00286002,0.290664469,0.162756626,0.078954279
2015/1/27,-0.005970447,0.188771164,-0.243023999,0.445269985
2015/1/28,0.002101551,0.21675602,-0.290286382,0.668889823
2015/1/29,-0.002249839,0.228109024,-0.189536889,0.451724781
2015/1/30,-0.00902661,0.473682618,0.095441617,0.832718277
2015/2/2,0.004899525,0.447146986,0.286836958,0.442330089
2015/2/3,0.013072943,0.291832201,-0.297602976,0.11551105
2015/2/4,-0.001715723,0.18327118,-0.029521147,0.084241055
2015/2/5,0.000861143,0.21832629,0.029132087,-0.706180469
2015/2/6,-0.001820784,0.471218519,0.312773403,0.158828121
2015/2/9,-0.002379738,0.734214617,0.84815433,0.508410089
2015/2/10,-0.001175156,0.766328021,1.383633546,-0.523985521
2015/2/11,-0.001604715,0.882633461,1.057349872,0.962319275
2015/2/12,0.001456808,0.90873491,1.689552137,-0.032208373
2015/2/13,0.006628433,0.685443538,1.879960338,-1.455144045
2015/2/16,-0.002399028,0.683376692,1.604006454,-0.851430695
2015/2/17,0.00597304,0.60073935,0.616887346,0.386947456
2015/2/18,-7.25E-06,0.501827463,1.163788484,0.113181728
2015/2/19,-0.001331691,0.483027085,0.195478889,0.857106928
2015/2/20,0.003810467,0.512026121,0.566756581,0.406199906
2015/2/23,-0.000439708,0.45544095,0.898804688,0.746070081
2015/2/24,0.005406241,0.294128951,-0.001537454,0.80698379
2015/2/25,-0.002052574,0.157720096,-0.482109471,0.878529977
2015/2/26,0.002066963,0.062252719,-0.828564524,0.671206639
2015/2/27,-0.000441841,-0.008141808,-0.777142551,0.672221248
2015/3/2,-0.000866979,-0.069474746,-0.856199744,0.711626597
2015/3/3,-0.007449182,0.12589656,-0.17653203,0.449738842
2015/3/4,0.00436113,0.283215499,0.076700609,0.466798221
2015/3/5,0.006037317,0.415122362,1.114492232,-0.302661315
2015/3/6,-0.007113158,0.50016972,1.010735024,-0.129797694
2015/3/9,-0.005124657,0.65353149,1.228626046,-0.694102963
2015/3/10,-0.025574122,0.614555882,1.229039446,-0.626421203
2015/3/11,0.002781514,0.499261967,0.349865752,-0.171986629
2015/3/12,0.00586833,0.639368727,1.001162273,-0.364575136
2015/3/13,-0.003035187,0.717164201,1.682865473,-1.335272224
2015/3/16,0.009376458,0.895583417,1.783513019,-0.588394229
2015/3/17,0.004915823,0.949729404,1.499455227,0.98879605
2015/3/18,0.015612518,0.919586774,1.562746792,0.688320878
2015/3/19,0.002461979,0.825846276,1.422615354,0.4789007
2015/3/20,0.008607952,0.799481614,0.950155822,0.179242249
2015/3/23,0.002156445,0.523093645,0.185552038,0.502795217
2015/3/24,-0.002559517,0.190373604,-0.502661994,0.400507223
2015/3/25,-0.004098317,0.104108196,-0.111563897,0.385795358
2015/3/26,-0.013774945,0.079051655,0.145616489,0.482928393
2015/3/27,-0.00586314,0.253231681,-0.09007237,1.925543479
2015/3/30,0.00529738,0.127973395,-0.606991129,1.431424359
2015/3/31,-0.017328585,0.005589686,-0.4874728,0.45425906
2015/4/1,0.00536867,0.106193486,-0.534269359,0.715823387
2015/4/2,0.003512438,0.125407932,0.183752002,-0.325128044
2015/4/7,0.018602618,0.131714445,0.063812776,-0.052679424
2015/4/8,-0.003505246,0.484044589,0.877578716,-0.370087
2015/4/9,0.011173525,0.554566452,1.394640878,-0.807484703
2015/4/10,0.010550869,0.653883892,1.706653424,-0.953806349
2015/4/13,-0.003598969,0.624256624,1.478679606,-0.914501617
2015/4/14,0.001550261,0.60748729,0.892424298,-0.849909629
2015/4/15,0.003036968,0.612234489,1.089723534,-0.417728388
2015/4/16,-0.005132371,0.663254566,0.581840353,0.11989943
2015/4/17,-0.009366077,0.806713708,1.06204064,0.110884578
2015/4/20,0.008186987,0.867500438,1.14438471,1.037260275
2015/4/21,0.001530281,0.984522767,2.390366603,0.341999458
2015/4/22,-0.004923661,0.820301327,1.46876087,1.139179651
2015/4/23,0.00361173,0.686001931,0.643515453,1.246887323
2015/4/24,0.002411436,0.39988822,0.515058623,0.03512466
2015/4/27,0.004695705,0.329064561,0.056325209,0.209223092
2015/4/28,-0.010393096,0.266808448,-0.826235569,1.549730692
2015/4/29,-0.01205583,0.078781296,-0.868785843,0.992366585
2015/4/30,0.002063723,-0.033354994,-0.234658716,0.132910098
2015/5/1,0.003631002,0.060991184,-0.508940591,0.158093197
2015/5/5,-0.008390443,0.317342072,0.673876268,0.840743089
2015/5/6,0.000888804,0.285733677,0.846056729,0.25323642
2015/5/7,-0.006771034,0.310048205,0.849298185,-0.094280102
2015/5/8,0.022948135,0.269129229,0.647415471,-0.062283513
2015/5/11,-0.002411083,0.274321161,0.304468777,0.057420353
2015/5/12,-0.013757365,0.35168041,0.877275399,-0.098691771
2015/5/13,0.002280417,0.384301353,1.267403248,-1.004581435
2015/5/14,0.003362864,0.430242307,1.310146573,-0.984150362
2015/5/15,-0.00180141,0.675436982,1.357879982,-0.010517535
2015/5/18,0.001203214,0.803500811,1.283347228,0.141579609
2015/5/19,0.003756816,0.76294363,0.522696248,0.488057964
2015/5/20,0.001736851,0.731791098,1.138721789,0.371804642
2015/5/21,0.000885831,0.631055413,0.907118258,0.267409401
2015/5/22,0.002598756,0.651158928,0.542051755,0.853032028
2015/5/26,-0.011835016,0.563817468,0.806067791,0.182898508
2015/5/27,0.012063953,0.52810278,0.775019451,-0.043554421
2015/5/28,0.001078566,0.585362927,0.658466051,1.505955132
2015/5/29,-0.008055458,0.524069859,-0.247277019,1.353620444
2015/6/1,-0.004426751,0.345784866,-0.355334548,0.608302443
2015/6/2,-0.003646492,0.367391703,-0.789376144,1.111540714
2015/6/3,0.003197702,0.355732312,0.14987388,0.40781019
2015/6/4,-0.013211196,0.2595922,0.135616726,-0.331346462
2015/6/5,-0.007997794,0.328398631,0.564448747,0.001082799
2015/6/8,-0.002142021,0.230815972,1.06120079,-0.382308929
2015/6/9,-0.005351523,0.317497945,0.613292873,0.556543172
2015/6/10,0.011258895,0.381152672,1.034228484,0.267281126
2015/6/11,0.002408422,0.300623635,1.167750075,-0.613369681
2015/6/12,-0.009070124,0.170948876,0.553002195,-0.262046163
2015/6/15,-0.011026058,0.30247861,0.029955815,0.558688871
2015/6/16,-6.26E-05,0.406034405,0.607858114,0.263208234
2015/6/17,-0.004413535,0.532648826,0.685776015,0.263825158
2015/6/18,0.004082635,0.618258462,1.234320711,-0.025487506
2015/6/19,0.000383058,0.714060847,1.356453621,0.340107041
2015/6/22,0.017024492,0.665415266,0.738708475,0.326720711
2015/6/23,0.001346945,0.528545422,0.522353613,-0.644293329
2015/6/24,0.00145179,0.532792361,0.573389166,-0.18086146
2015/6/25,-0.005417288,0.539094925,0.238584546,1.251545497
2015/6/26,-0.007981449,0.54726768,0.202212898,0.241730326
2015/6/29,-0.019922628,0.489219372,-0.331974398,0.5135149
2015/6/30,-0.015143203,0.630560649,0.194502931,0.660146653
2015/7/1,0.013345647,0.631067557,0.867267085,0.796831902
2015/7/2,0.003305374,0.611615104,0.257611427,0.559648035
2015/7/3,-0.006762912,0.743442872,0.373810385,0.500953608
2015/7/6,-0.007636382,0.655195319,0.873495081,0.340451925
2015/7/7,-0.015958216,0.349712565,0.511978895,-0.16333418
2015/7/8,0.009052203,0.199533148,0.088102175,-0.009583567
2015/7/9,0.013912052,0.121286377,0.963837149,-0.505226657
2015/7/10,0.013844043,0.036840397,1.013756754,-0.823886665
2015/7/13,0.009629246,0.250583927,0.130382133,0.983912579
2015/7/14,0.002342182,0.335409899,0.151870021,1.240977977
2015/7/15,0,0.351043443,0.635978763,0.582778973
2015/7/16,0.006302511,0.412078524,0.475234554,0.893031865
2015/7/17,-0.003149242,0.364298324,0.455523599,0.285676339
2015/7/20,0.002006817,0.287964794,0.351059347,-0.111642658
2015/7/21,-0.002894285,0.388925868,1.007899811,-0.719772209
2015/7/22,-0.015142727,0.467995371,1.058077997,-0.199063903
2015/7/23,-0.001851025,0.643621561,0.616605656,1.305777494
2015/7/24,-0.011364085,0.649849358,0.385180653,-0.292538033
2015/7/27,-0.011414773,0.637398465,-0.366239507,-1.209180078
2015/7/28,0.007679735,0.647485464,-0.225177513,0.431101926
2015/7/29,0.011484791,0.573010915,0.672166891,-0.222855356
2015/7/30,0.005694808,0.554874549,0.54828052,0.126104568
2015/7/31,0.004101718,0.799521607,1.011590005,0.157685925
2015/8/3,-0.001144573,0.822246609,1.409605738,-0.404264661
2015/8/4,-0.000306538,0.652562018,0.504078827,0.148728845
2015/8/5,0.009798441,0.587458187,-0.059518771,1.024204913
2015/8/6,-0.000788177,0.464448488,0.382125119,-0.095257108
2015/8/7,-0.004247874,0.375842731,0.714464517,-0.187790134
2015/8/10,0.00263551,0.339127455,0.145945508,1.068948805
2015/8/11,-0.010698003,0.11282584,0.2427444,0.883100578
2015/8/12,-0.014105992,0.004932975,0.403814006,0.36930071
2015/8/13,-0.000435328,0.173661424,0.891441314,0.667765585
2015/8/14,-0.002681594,0.355319969,0.582650628,1.485368868
2015/8/17,-6.72E-05,0.328471006,0.262349888,0.983824181
2015/8/18,-0.003672215,0.329101449,0.495549145,-0.321534962
2015/8/19,-0.019001727,0.306308284,0.879699622,-0.522546428
2015/8/20,-0.005568733,0.257538467,0.209851785,0.205589185
2015/8/21,-0.028712804,0.209550243,-0.097298044,0.02925105
2015/8/24,-0.047794563,0.406741375,0.312414964,-0.265962514
2015/8/25,0.030464259,0.598070847,0.215695331,0.230530877
2015/8/26,-0.016938287,0.7110745,1.051437061,-0.188774503
2015/8/27,0.034976201,0.789908574,0.661663851,-0.167976841
2015/8/28,0.008988828,0.841805422,0.455798025,0.33586992
2015/9/1,-0.030782962,0.728085947,1.288075653,-0.175656078
2015/9/2,0.004080109,0.630665477,0.513156219,0.330746794
2015/9/3,0.01804827,0.659405542,0.521220813,0.333974493
2015/9/4,-0.024709887,0.488036441,0.6344746,0.61532494
2015/9/7,0.005215635,0.465225422,0.929253736,-0.155631127
2015/9/8,0.011714761,0.654112976,0.540740185,1.839327554
2015/9/9,0.013399677,0.686626776,0.404759208,2.557223196
2015/9/10,-0.01182106,0.472856264,0.611741011,0.555171323
2015/9/11,-0.006200335,0.437629999,0.34745612,1.705896286
2015/9/14,-0.005436671,0.329091785,0.466028816,1.376540737
2015/9/15,0.008674441,0.08241517,0.258748229,0.654695228
2015/9/16,0.014815733,0.02736638,0.251933245,-0.250208471
2015/9/17,-0.006800819,0.211731312,0.758231667,-0.607660101
2015/9/18,-0.013486385,0.543256296,0.899932314,0.504342095
2015/9/21,0.000753307,0.567239505,0.31221094,0.605979038
2015/9/22,-0.02870707,0.439499827,-0.583912532,-0.0503772
2015/9/23,0.016109866,0.399478804,-0.112878877,-0.663478716
2015/9/24,-0.011797968,0.306152061,0.686273968,-0.918289128
2015/9/25,0.024444281,0.336356262,0.171073092,-0.362874225
2015/9/28,-0.024885543,0.627782676,0.392321009,0.94856873
2015/9/29,-0.00836196,0.598651068,1.567427147,-0.770773649
2015/9/30,0.025458214,0.648047238,0.858501254,-0.448410356
2015/10/1,0.00179,0.736026253,0.340791185,0.15550292
2015/10/2,0.009426046,0.64625531,0.6294137,0.034944693
2015/10/5,0.027186703,0.429682382,0.439780139,0.470569703
2015/10/6,0.004315227,0.520746056,0.095767303,1.731989701
2015/10/7,0.001609476,0.60270115,0.788497345,1.882212561
2015/10/8,0.006052962,0.5131096,0.727359037,2.077762609
2015/10/9,0.006463953,0.631940817,0.623967687,2.90389824
2015/10/12,-0.007035112,0.796290949,0.736460754,2.489611049
2015/10/13,-0.004546371,0.733630754,0.704533757,1.284983839
2015/10/14,-0.011524173,0.400064657,0.15644737,0.115192153
2015/10/15,0.010954816,0.29747237,0.369602113,0.008498461
2015/10/16,0.006191873,0.246197683,0.426096377,-0.050529077
2015/10/19,-0.004039165,0.180472139,0.254460361,-0.149289197
2015/10/20,-0.001134085,0.152154898,-1.15297645,-0.157696318
2015/10/21,0.000518374,0.36019895,-0.001949949,-0.694370199
2015/10/22,0.004378892,0.500087423,1.24682035,-0.661839198
2015/10/23,0.010577025,0.525649858,0.205526365,-0.250765689
2015/10/26,-0.004208044,0.650973895,-0.099204544,0.423825728
2015/10/27,-0.008097185,0.493617785,0.790310754,-0.367623032
2015/10/28,0.011330216,0.285930519,0.374159346,-0.035445627
2015/10/29,-0.006545342,0.301059711,-0.175101499,0.76445945
2015/10/30,-0.005441779,0.498753551,0.787497852,0.242132026
2015/11/2,0.00011161,0.559627514,1.162059662,0.750053262
2015/11/3,0.003422412,0.640059126,0.643610927,1.370694849
2015/11/4,0.0045747,0.662584734,0.501720431,1.496925924
2015/11/5,-0.007509947,0.626316298,0.42424769,1.157291509
2015/11/6,-0.00174074,0.596730375,0.590416594,2.543256363
2015/11/9,-0.009276697,0.544195391,0.062747065,2.241164098
2015/11/10,-0.003162979,0.541870908,0.212008049,1.795212759
2015/11/11,0.003486985,0.418651338,0.230128895,0.954845663
2015/11/12,-0.019000434,0.572213663,0.50180041,0.930916919
2015/11/13,-0.009823645,0.68085288,0.777027722,0.475100296
2015/11/16,0.004582279,0.667153621,0.336877874,0.917256285
2015/11/17,0.019715277,0.409056347,-1.064514492,-0.066277369
2015/11/18,0.001627386,0.386769777,-0.146894748,-0.417429898
2015/11/19,0.008083223,0.288542195,0.672391924,-0.826507269
2015/11/20,0.000742229,0.128298966,0.227590443,-0.832037987
2015/11/23,-0.004610724,0.367405167,0.539503469,-0.374252607
2015/11/24,-0.004491882,0.513627858,1.060329424,-0.757958042
2015/11/25,0.009577659,0.619668632,0.808253943,-0.126724101
2015/11/26,0.008717517,0.504824764,0.356878312,0.145340107
2015/11/27,-0.002816356,0.449709917,0.826588471,-0.363824363
2015/11/30,-0.002994212,0.381890698,0.773935948,0.042426187
2015/12/1,0.006204663,0.314872576,-0.219749592,1.793773841
2015/12/2,0.003944895,0.259237664,0.126141426,1.884477747
2015/12/3,-0.022989482,0.504054244,0.65342555,1.405929143
2015/12/4,-0.005867379,0.663258482,0.844625115,1.699361973
2015/12/7,-0.002370443,0.731998532,1.064722326,1.43808433
2015/12/8,-0.014289726,0.689081358,0.306479468,1.229516122
2015/12/9,-0.001392933,0.574294557,-0.037006206,0.835855184
2015/12/10,-0.006325171,0.522019599,0.095277609,0.956367337
2015/12/11,-0.022469496,0.541305605,0.002592257,1.207699445
2015/12/14,-0.01331229,0.644577653,0.44880257,0.735432564
2015/12/15,0.024174035,0.508494871,-0.721188575,0.874667378
2015/12/16,0.007186068,0.636655162,1.398239887,-0.338944778
2015/12/17,0.006798928,0.585237605,1.437130291,-0.008200025
2015/12/18,-0.008246886,0.521594789,0.434239448,0.541460997
2015/12/21,-0.00290885,0.475502481,0.533852612,-0.178539788
2015/12/22,0.007965092,0.491373857,1.202159588,-0.775323165
2015/12/23,0.025622787,0.410992884,0.492774761,-0.18891157
2015/12/24,0.002186367,0.376191942,0.392182245,0.491941688
2015/12/29,0.009536073,0.427364323,1.093575134,0.111031809
2015/12/30,-0.006437583,0.428242492,1.128204364,0.388561839
2015/12/31,-0.005070171,0.574315035,1.143577617,0.290966951
2016/1/4,-0.024140767,0.367639383,0.594836639,0.545880613
2016/1/5,0.007163988,0.396806101,0.655660253,0.872253881
2016/1/6,-0.010459843,0.316334884,0.256701957,1.132615244
2016/1/7,-0.019838588,0.519340046,1.089865581,-0.296998374
2016/1/8,-0.007018093,0.67389347,1.002765479,-0.113647563
2016/1/11,-0.006892266,0.730225206,0.379847705,0.915312689
2016/1/12,0.009729703,0.741795792,-0.034290982,1.195406
2016/1/13,0.005337177,0.606031242,0.708284357,0.219308604
2016/1/14,-0.007195802,0.68231746,0.331521511,0.983703487
2016/1/15,-0.019472853,0.501059353,-1.316403105,1.252659642
2016/1/18,-0.004174723,0.593448816,2.2924203,0.736513858
2016/1/19,0.016622554,0.533062365,0.91987171,0.515393754
2016/1/20,-0.035192084,0.551550709,0.530709287,0.388734505
2016/1/21,0.017508399,0.650914177,0.32013681,0.917136374
2016/1/22,0.021625335,0.724239866,0.842993832,0.568750281
2016/1/25,-0.003907618,0.737790915,0.965917803,0.54572458
2016/1/26,0.005846412,0.609657461,0.480542486,1.276795235
2016/1/27,0.01326034,0.586920844,0.813440241,0.71739859
2016/1/28,-0.009828843,0.488878898,0.869376698,1.163116604
2016/1/29,0.02530352,0.5672695,1.387013255,-0.911602573
2016/2/1,-0.003901555,0.440294003,1.246557936,-1.739244957
2016/2/2,-0.023050383,0.401610023,0.609974422,0.023888174
2016/2/3,-0.014434967,0.338950846,0.646709424,0.005770761
2016/2/4,0.010501208,0.264067118,1.047763522,-1.143124809
2016/2/5,-0.008632177,0.418014852,0.989983355,-0.313692368
2016/2/8,-0.027512219,0.351729033,0.756235922,0.034620878
2016/2/9,-0.01009941,0.431206394,1.074829052,-0.095407533
2016/2/10,0.007096325,0.598334704,0.837363088,0.484019572
2016/2/11,-0.024147259,0.695566925,1.225587364,0.025232061
2016/2/12,0.0303512,0.684267388,-1.049489863,1.142491178
2016/2/15,0.020236767,0.704565507,1.59997192,1.104409196
2016/2/16,0.006484456,0.641464863,0.89897525,0.42539641
2016/2/17,0.028280235,0.502230605,-0.313501705,1.447521783
2016/2/18,-0.00972657,0.642927019,-0.075864883,1.642679576
2016/2/19,-0.003643633,0.735536867,0.739148951,0.790289277
2016/2/22,0.014598239,0.786541268,0.467599118,1.314505908
2016/2/23,-0.012570124,0.587011296,0.585300965,1.12160632
2016/2/24,-0.01608388,0.585255848,0.487467119,1.497728195
2016/2/25,0.024518084,0.543706674,0.601817417,1.842328455
2016/2/26,0.013742265,0.569975504,1.041353832,0.032498679
2016/2/29,0.000177149,0.551415973,0.8714255,0.094499769
2016/3/1,0.009108657,0.520876954,0.933251688,-0.239525131
2016/3/2,-0.000946346,0.425893246,0.744542016,0.050436937
2016/3/3,-0.002704131,0.431545565,0.982681723,-1.214978155
2016/3/4,0.011187564,0.490352355,1.208429724,-1.063762023
2016/3/7,-0.002750807,0.520084539,1.253447765,-0.376454014
2016/3/8,-0.009255955,0.340063749,0.653705226,-0.187714524
2016/3/9,0.003402938,0.191385811,0.641312171,-0.44510764
2016/3/10,-0.017996024,0.358187283,0.652151771,0.020415871
2016/3/11,0.016933035,0.417313297,0.000627644,0.143325475
2016/3/14,0.005648705,0.519813318,1.749981371,0.298843349
2016/3/15,-0.005619388,0.576512582,0.961836707,0.261523302
2016/3/16,0.005768375,0.548891284,0.918684523,0.119380536
2016/3/17,0.004141689,0.784152344,-0.813264523,1.67427032
2016/3/18,-0.001852994,0.917908281,0.373216511,0.993257483
2016/3/21,-0.000817829,0.832405539,0.619128085,1.023272409
2016/3/22,0.001318541,0.579977721,-0.33756406,2.62088084
2016/3/23,0.001028095,0.564373411,0.421682546,1.797788662
2016/3/24,-0.015055231,0.550760163,0.292203199,2.074591445
2016/3/29,-9.50E-05,0.566915587,0.69603556,0.570560992
2016/3/30,0.015804935,0.498623703,0.827071003,0.234770779
2016/3/31,-0.004567764,0.472895659,0.936842568,0.392810756
2016/4/1,-0.004683089,0.557429016,0.551141998,0.964132694
2016/4/4,0.003033119,0.60039834,0.814439935,0.345316067
2016/4/5,-0.011992686,0.69757691,1.12108524,0.111977521
2016/4/6,0.011491321,0.602696444,1.421468346,-0.430112933
2016/4/7,-0.004023254,0.449687723,1.234733198,-1.064820395
2016/4/8,0.01094223,0.282743984,0.920215733,-0.951382992
2016/4/11,-0.000691683,0.355029562,1.271900616,-1.216787614
2016/4/12,0.006794475,0.369755578,-0.116115755,0.199805931
2016/4/13,0.019119555,0.31707751,1.737536149,-0.26953699
2016/4/14,0.000347266,0.186289228,1.031765277,-0.764290436
2016/4/15,-0.003359867,0.283054076,0.480561526,-0.081296312
2016/4/18,0.001538914,0.562017876,0.05365734,1.179601897
2016/4/19,0.008124589,0.663071465,0.71265222,0.566372
2016/4/20,0.000766253,0.818086322,0.788757687,0.932035551
2016/4/21,-0.004506055,0.636331781,0.116743202,1.841285653
2016/4/22,-0.011188373,0.758501776,-0.41175443,2.442598521
2016/4/25,-0.007878266,0.688671495,-0.46393857,2.390294048
2016/4/26,0.003762328,0.705630185,1.128087714,0.486860614
2016/4/27,0.005615501,0.535155902,0.305168231,0.965297412
2016/4/28,0.000393915,0.509251741,0.452628232,0.713556309
2016/4/29,-0.012815862,0.496576439,0.617253779,0.676263956
2016/5/3,-0.009060628,0.697528447,0.776482926,0.676703819
2016/5/4,-0.011965069,0.769021379,0.881237983,0.849567544
2016/5/5,0.000855325,0.63936131,1.110899949,0.509067629
2016/5/6,0.001380386,0.616365314,0.505046091,0.679011431
2016/5/9,-0.001779338,0.478706634,1.08765775,-0.067751139
2016/5/10,0.006819101,0.570428857,1.464788362,-0.357248769
2016/5/11,0.000948118,0.361126559,0.468195029,-0.896790939
2016/5/12,-0.009505496,0.323811207,1.818273483,-0.781278194
2016/5/13,0.005604992,0.27327785,1.477220929,-1.465358554
2016/5/16,0.002099286,0.191805866,1.056723973,-1.543692928
2016/5/17,0.002657648,0.414151555,0.136635705,0.684884556
2016/5/18,-0.000319453,0.478455322,0.576953536,0.239096613
2016/5/19,-0.018406055,0.495594339,1.106297312,-0.274911211
2016/5/20,0.016867359,0.450461145,-0.134646681,1.981307895
2016/5/23,-0.003236057,0.51921194,-0.012863052,1.952051013
2016/5/24,0.013407789,0.517270456,0.392691059,1.479872344
2016/5/25,0.006984424,0.659583873,0.39281172,0.870851241
2016/5/26,0.000446981,0.631314919,0.528512471,0.829622615
2016/5/27,0.00082001,0.653032529,-0.578150139,1.378217813
2016/5/31,-0.006399213,0.690617694,-0.318264067,1.390302343
2016/6/1,-0.006256299,0.776402975,1.497939282,0.252725759
2016/6/2,-0.001021205,0.896319246,0.678724714,1.057155347
2016/6/3,0.003875686,0.713507034,0.711731728,0.761494232
2016/6/6,0.01021716,0.575250287,0.535061514,0.545193036
2016/6/7,0.001772586,0.463934304,0.919249403,0.296356273
2016/6/8,0.002699816,0.576960978,1.417518292,-0.077466583
2016/6/9,-0.011111217,0.490380142,0.563076877,0.401778128
2016/6/10,-0.018810612,0.46681595,1.613358186,0.311114625
2016/6/13,-0.011642525,0.431474958,1.213127823,-0.156542905
2016/6/14,-0.020293966,0.387817588,1.210578224,-1.011335862
2016/6/15,0.007278215,0.423175213,0.676556995,-0.288638492
2016/6/16,-0.002738882,0.470096064,1.109799752,-0.618400004
2016/6/17,0.011796417,0.490577452,0.815777104,-0.342313572
2016/6/20,0.029925939,0.248729693,0.383068901,0.485995459
2016/6/21,0.003628162,0.3858727,0.183445988,1.606765854
2016/6/22,0.005547856,0.421534332,0.422603759,1.331915069
2016/6/23,0.012208776,0.453056851,0.719948043,0.121217199
2016/6/24,-0.031967675,0.3765782,-0.104770612,1.111557304
2016/6/27,-0.025822971,0.477948765,0.252097484,0.765276248
2016/6/28,0.026099865,0.557972343,0.026468042,1.297405163
2016/6/29,0.035149553,0.725254955,0.758963887,0.61530321
2016/6/30,0.022430298,0.790297198,0.380505803,1.073992935
2016/7/1,0.011236795,0.924652317,0.225112014,1.116917694
2016/7/4,-0.008483962,0.799241478,0.314290751,1.022474518
2016/7/5,0.003536988,0.638012988,0.982878273,0.448125667
2016/7/6,-0.012573038,0.59694547,0.947446653,0.517150772
2016/7/7,0.010802282,0.515866816,0.403918448,0.198778968
2016/7/8,0.008663288,0.431256817,0.931559266,0.122284036
2016/7/11,0.013895579,0.367377293,0.649730656,0.213268908
2016/7/12,-0.000324764,0.43901049,1.177397329,-0.848002435
2016/7/13,-0.001541447,0.445687787,0.973642007,-0.219241467
2016/7/14,-0.002391019,0.572577591,1.216996683,-0.231163235
2016/7/15,0.002217101,0.519349945,1.09223334,-0.468152077
2016/7/18,0.0039178,0.347130214,0.469069991,0.332822469
2016/7/19,0.000291201,0.257785089,0.822614131,-0.31250582
2016/7/20,0.004710146,0.251724639,0.757258473,0.265666037
2016/7/21,-0.00433395,0.41080068,0.504808491,0.42973597
2016/7/22,0.004555355,0.281952677,0.280112871,0.280566442
2016/7/25,-0.003028139,0.463742351,0.522729835,0.632872269
2016/7/26,0.002069352,0.535195452,-0.17591514,1.608664831
2016/7/27,0.003918529,0.499101627,0.360707574,0.080531121
2016/7/28,-0.004360326,0.59415968,-0.074718729,1.02147296
2016/7/29,0.000501283,0.476666057,-0.842923638,1.104804991
2016/8/1,-0.00454303,0.557658991,-0.26190332,0.717868693
2016/8/2,-0.007279247,0.533686412,0.081509921,0.976421715
2016/8/3,-0.001656652,0.610706758,1.316937726,0.272490107
2016/8/4,0.015815429,0.614469914,0.530562468,0.875116351
2016/8/5,0.007878193,0.575043672,1.133623795,0.281287978
2016/8/8,0.002302502,0.418968257,1.706059823,-0.674079106
2016/8/9,0.006174057,0.398827133,0.988890929,-0.536904558
2016/8/10,0.002204449,0.459337814,1.132740112,-0.005951576
2016/8/11,0.007008162,0.493499608,1.340513642,-0.421333723
2016/8/12,0.000189433,0.659815629,0.801040022,0.166854311
2016/8/15,0.00363277,0.410745614,0.480026841,0.269014
2016/8/16,-0.006833366,0.463327176,0.909915319,-0.31954765
2016/8/17,-0.005056336,0.410193025,0.877791221,0.058204584
2016/8/18,0.001429185,0.403892175,0.886552646,-0.042374772
2016/8/19,-0.001458343,0.337436265,0.597601744,0.196224271
2016/8/22,-0.004443481,0.279771785,0.554548987,0.082744367
2016/8/23,0.00583631,0.198591782,-0.237901941,0.833500604
2016/8/24,-0.004776616,0.396173587,0.549590853,0.084713314
2016/8/25,-0.002765759,0.636894787,0.43131617,0.276564655
2016/8/26,0.00309778,0.812801114,-0.759403372,1.713871896
2016/8/30,-0.002527302,0.602746519,-0.823979414,1.238435106
2016/8/31,-0.00577551,0.331963152,0.588026808,-0.510648646
2016/9/1,-0.005254501,0.356211167,0.129942626,0.863934718
2016/9/2,0.021793207,0.396179715,0.185862036,0.879710874
2016/9/5,-0.00220415,0.308676686,0.478870244,0.552734089
2016/9/6,-0.007788171,0.423759089,1.279105,-0.47723445
2016/9/7,0.003003082,0.476166381,1.689714407,-1.075997732
2016/9/8,0.001768662,0.615522006,1.468062721,-0.198863433
2016/9/9,-0.011990771,0.702203173,1.866564535,0.040147473
2016/9/12,-0.011285302,0.845435392,2.144204022,-0.232280315
2016/9/13,-0.005277373,0.510405331,0.681601088,0.389145518
2016/9/14,0.001151516,0.415084338,1.183803924,-0.161199933
2016/9/15,0.00850373,0.467053692,0.682270542,0.519717086
2016/9/16,-0.00297904,0.509068314,0.957717334,0.264152757
2016/9/19,0.015272598,0.314256251,0.777340297,0.021850544
2016/9/20,0.002527057,0.299501565,0.688944019,-0.113752169
2016/9/21,0.000582486,0.269052933,-0.024843656,0.624799375
2016/9/22,0.011149403,0.099296489,0.06251649,-0.053774609
2016/9/23,-0.000285077,0.337919788,-0.497941201,0.666152659
2016/9/26,-0.013315105,0.408987755,-0.742782474,0.933421247
2016/9/27,-0.001522123,0.466216016,-0.557936797,0.775044643
2016/9/28,0.00610822,0.501028508,0.557944846,0.365874006
2016/9/29,0.010173814,0.674742696,0.984660103,0.323827412
2016/9/30,-0.002907646,0.75859697,0.367276132,1.562109885
2016/10/3,0.012128782,0.555547552,0.674220874,1.011788647
2016/10/4,0.012921065,0.190398903,0.773518092,-0.585629979
2016/10/5,-0.00582525,0.250130307,0.965025403,-0.56676624
2016/10/6,-0.004744469,0.265896896,0.759717824,-0.503851751
2016/10/7,0.006327121,0.46679268,1.353242674,-0.386517301
2016/10/10,0.007511054,0.796532873,1.191637883,0.294993845
2016/10/11,-0.003757668,0.504566271,1.253030526,-0.217488871
2016/10/12,-0.006650662,0.542896165,1.134990766,0.113266315
2016/10/13,-0.006609198,0.6084993,1.414778983,0.459041389
2016/10/14,0.00511891,0.672681591,1.655734517,0.101124638
2016/10/17,-0.009454913,0.365762339,0.707085488,0.454505426
2016/10/18,0.007529641,0.352717186,1.327586393,-0.142252403
2016/10/19,0.003117964,0.318614333,0.143676244,0.676473947
2016/10/20,0.000708956,0.355416063,0.555841796,0.122166646
2016/10/21,-0.000915474,0.309470416,-0.225531704,0.286647289
2016/10/24,-0.004864765,0.315967512,-0.191307563,0.246541969
2016/10/25,0.004461577,0.270726548,-0.380295359,0.309882732
2016/10/26,-0.008521968,0.164207769,0.235072016,0.088205862
2016/10/27,0.004084723,0.342831089,0.110816674,0.789506848
2016/10/28,0.001385986,0.514128038,0.891347094,0.388670093
2016/10/31,-0.006027051,0.531768717,0.908742933,0.626498368
2016/11/1,-0.00534628,0.546483978,0.767119681,0.565986154
2016/11/2,-0.010422574,0.545079046,0.819579024,0.316809795
2016/11/3,-0.008053766,0.657743412,1.221358909,0.154316336
2016/11/4,-0.014424999,0.606311189,0.816982435,0.3646592
2016/11/7,0.016835754,0.568954849,0.850563272,-0.179000916
2016/11/8,0.005308426,0.285186763,-0.087110539,1.241755919
2016/11/9,0.009990654,0.214716544,0.945330927,-0.430286071
2016/11/10,-0.012207007,0.33993178,0.336238512,0.384156802
2016/11/11,-0.014389841,0.554581351,1.302560469,-0.081676723
2016/11/14,0.00337447,0.430752002,0.920919919,0.083993238
2016/11/15,0.00584089,0.511746997,0.723095135,0.594754188
2016/11/16,-0.006353372,0.491064335,1.027382395,0.790900953
2016/11/17,0.006643346,0.457103259,1.483912175,-0.204960897
2016/11/18,-0.002791355,0.526057994,0.118720716,0.636341765
2016/11/21,0.000323158,0.387089138,0.345189326,0.188494626
2016/11/22,0.006142244,0.326715036,-0.055183462,0.348851029
2016/11/23,-0.000294777,0.232244783,0.166140319,0.246086357
2016/11/24,0.001683898,0.326151708,0.5472269,0.249855454
2016/11/25,0.001689838,0.391573329,0.719133691,0.047418358
2016/11/28,-0.006052707,0.446548401,0.611161039,0.394913593
2016/11/29,-0.004048204,0.233616463,0.145470698,0.690373371
2016/11/30,0.001739479,0.417770881,0.796529466,0.340760543
2016/12/1,-0.004559458,0.491389572,1.315811297,0.211898692
2016/12/2,-0.003294363,0.613917262,1.162832966,0.235258067
2016/12/5,0.002390643,0.84436042,0.822754035,0.661740914
2016/12/6,0.004880738,0.504723093,0.852770825,0.03418603
2016/12/7,0.017891045,0.447490724,-0.137564707,1.11675303
2016/12/8,0.004238906,0.327343442,0.090446287,0.792284231
2016/12/9,0.003263778,0.196388572,0.676140824,-0.720496675
2016/12/12,-0.00921519,0.09521055,0.245813775,0.06546607
2016/12/13,0.011277998,0.206248165,0.542444252,-0.004753095
2016/12/14,-0.002784933,0.232144687,0.530481703,0.22910472
2016/12/15,0.007143604,0.319876635,0.667634152,0.418544719
2016/12/16,0.001802915,0.463193819,0.305642229,0.663539388
2016/12/19,0.000786953,0.495994297,0.394404984,0.525775133
2016/12/20,0.003811934,0.324854691,0.54458419,0.099740931
2016/12/21,-0.000360658,0.374423281,0.986734196,-0.168402373
2016/12/22,0.003156308,0.47687374,0.774508126,0.113631979
2016/12/23,0.000635444,0.523535988,0.980626552,-0.005296455
2016/12/28,0.005349149,0.423131527,0.651061802,0.135427167
2016/12/29,0.001993486,0.402758402,0.458603601,0.3338501
2016/12/30,0.003164815,0.316929562,0.755923605,-0.160447964
2017/1/3,0.004896412,0.220848835,0.567860618,0.079486677
2017/1/4,0.001649542,0.264218142,0.5175318,0.300265179
2017/1/5,0.000774415,0.26744177,0.330667539,-0.03222912
2017/1/6,0.002046461,0.283241013,-0.27585113,0.631633839
2017/1/9,0.003837262,0.232256529,-0.007932206,0.48729999
2017/1/10,0.005195268,0.251338039,-0.324881264,0.920264412
2017/1/11,0.002062343,0.322918246,-0.171809785,1.056057372
2017/1/12,0.000257837,0.085288638,-0.224299636,0.325977547
2017/1/13,0.006211837,0.218921158,0.219998556,0.057574596
2017/1/16,-0.001456535,0.163242089,-0.047026847,0.326766417
2017/1/17,-0.014676315,0.085304903,0.553306978,-0.412590895
2017/1/18,0.003764176,0.220678079,0.188547004,0.092091372
2017/1/19,-0.005419198,0.323479107,0.185642905,0.540295508
2017/1/20,-0.001388226,0.305765514,0.296075978,0.15464099
2017/1/23,-0.006586958,0.262483107,0.527579917,0.122346533
2017/1/24,-0.00011747,0.329595531,0.97675581,-0.384091318
2017/1/25,0.001968597,0.296681973,0.72433807,-0.337387437
2017/1/26,-0.000410445,0.332214918,1.132418433,-0.440012912
2017/1/27,0.003206476,0.31003573,1.105898324,-0.67855277
2017/1/30,-0.009230316,0.452614087,1.650783934,-0.819758065
2017/1/31,-0.002719161,0.388119571,1.27150698,-0.200302043
2017/2/1,0.00119661,0.403732627,0.827601845,0.455615971
2017/2/2,0.004646144,0.434212627,0.458196418,0.635422694
2017/2/3,0.006636891,0.276313852,0.075065515,0.45981517
2017/2/6,-0.002249234,0.321705323,0.238318508,0.235479061
2017/2/7,0.001959833,0.331159682,0.075911188,0.68607831
2017/2/8,0.000361738,0.284196516,0.111003842,0.586836006
2017/2/9,0.005642836,0.202489462,-0.735492077,1.099939209
2017/2/10,0.00403776,0.27959738,-0.485608595,0.790367486
2017/2/13,0.002774862,0.273989709,-0.825936042,1.301212317
2017/2/14,-0.001424302,0.184058575,-0.288721533,0.889368277
2017/2/15,0.004646233,0.121322591,-0.084036575,0.523819728
2017/2/16,-0.003359324,0.166500071,-0.04515157,0.847093802
2017/2/17,0.003023762,0.092111856,0.031655443,0.181441088
2017/2/20,-1.37E-05,0.093636432,0.529729328,-0.303372998
2017/2/21,-0.003434725,0.208620089,0.623526026,-0.27532487
2017/2/22,0.003762075,0.23769199,0.815818179,-0.448636882
2017/2/23,-0.0042378,0.280781993,0.625420119,-0.395876643
2017/2/24,-0.003812594,0.276744153,0.852080994,-0.281843175
2017/2/27,0.001283051,0.299699846,1.67675719,-1.125567403
2017/2/28,0.001438369,0.267408156,1.884720803,-1.587071911
2017/3/1,0.01631297,0.33333451,1.767872679,-0.818790064
2017/3/2,-7.45E-05,0.444225009,1.261187989,-0.411840746
2017/3/3,-0.001096458,0.367437362,0.681420918,0.258540358
2017/3/6,-0.003278919,0.415456864,0.816383513,0.000421107
2017/3/7,-0.001515409,0.468605395,0.006892827,0.848456426
2017/3/8,-0.000596991,0.573045985,-0.272695354,1.67631539
2017/3/9,-0.002682674,0.352621684,-0.531152664,1.359554975
2017/3/10,0.003836807,0.341487821,0.224719291,0.352001475
2017/3/13,0.003263054,0.314429146,-0.071314069,0.782389347
2017/3/14,-0.001253656,0.148296765,0.197973549,0.547695354
2017/3/15,0.001465387,0.321299077,-0.802265991,1.625059715
2017/3/16,0.006399929,0.174601928,-0.802210733,1.308013546
2017/3/17,0.001214211,0.019551429,-0.493850207,0.836860791
2017/3/20,0.000652989,0.150141595,-0.079314188,0.894254124
2017/3/21,-0.006951605,0.193867856,0.434750707,-0.188344622
2017/3/22,-0.007293752,0.177160008,0.556108879,-0.48201429
2017/3/23,0.002180639,0.152722314,0.407781084,-0.623405611
2017/3/24,-0.000530062,0.080292423,0.789704254,-0.754523502
2017/3/27,-0.005921966,0.243218397,1.356377979,-0.497871715
2017/3/28,0.006821134,0.189419534,1.364702299,-0.8230249
2017/3/29,0.004117654,0.301693625,1.706543951,-0.869502319
2017/3/30,-0.000569753,0.437770967,1.462021854,-0.441368039
2017/3/31,-0.00634342,0.304966445,1.065546209,-0.612861916
2017/4/3,-0.005508856,0.30462911,1.543819278,-1.019735199
2017/4/4,0.005358631,0.3782905,0.784296679,-0.409422917
2017/4/5,0.001345754,0.499570388,0.269066001,0.578887195
2017/4/6,-0.003892076,0.468525854,-0.17979091,1.504902596
2017/4/7,0.006301987,0.488178952,0.103747499,0.973235871
2017/4/10,-5.85E-05,0.452375913,-0.279317811,1.501663152
2017/4/11,0.002250851,0.410713102,-0.219367117,1.580540113
2017/4/12,-0.002244047,0.397602933,-0.022230604,1.280022926
2017/4/13,-0.002916213,0.351487808,0.107580055,0.857533131
2017/4/18,-0.024884031,0.122590427,0.357077717,0.427035211
2017/4/19,-0.004647369,0.043799054,0.392459217,0.152164738
2017/4/20,0.000587372,0.196973914,-0.380559984,0.485186217
2017/4/21,-0.000560665,0.096537061,-0.395299723,0.02871008
2017/4/24,0.020882266,0.060160905,-0.068689046,0.165789195
2017/4/25,0.001507532,0.067589403,0.314413323,-0.221990621
2017/4/26,0.001796166,0.11192299,1.176242133,-0.92757525
2017/4/27,-0.007097702,0.175751813,1.212442113,-0.725759763
2017/4/28,-0.004602147,0.15588428,1.238771678,-0.700581618
2017/5/2,0.006380267,0.248308781,0.984185969,-0.747212067
2017/5/3,-0.002142969,0.232651781,0.827160693,-0.164710399
2017/5/4,0.00187397,0.305639301,1.108394502,-0.178357523
2017/5/5,0.006782866,0.35458723,0.680437711,-0.072104003
2017/5/8,0.000469918,0.446913857,0.451538376,0.470606197
2017/5/9,0.005647738,0.356609168,0.395675936,0.120827222
2017/5/10,0.005843527,0.435312618,0.917098538,-0.212020815
2017/5/11,0.000188196,0.381648519,0.62439342,0.679921539
2017/5/12,0.006579424,0.310562455,0.185802007,0.697742149
2017/5/15,0.002549404,0.436100938,0.162954751,1.437162514
2017/5/16,0.009035611,0.508812963,0.04907255,1.562088282
2017/5/17,-0.002470468,0.442796078,-0.501711573,1.687281586
2017/5/18,-0.00897603,0.356591453,0.097346372,1.2186261
2017/5/19,0.004600491,0.247409512,0.348796188,0.082566805
2017/5/22,0.00342486,0.156616098,0.349213017,-0.136109594
2017/5/23,-0.00147514,0.200589414,0.645996013,-0.325186711
2017/5/24,0.003947955,-0.087898932,0.292740807,-0.738765015
2017/5/25,0.000373854,-0.046771373,-0.07746788,-0.20648201
2017/5/26,0.003972036,-0.026022648,0.145899961,-0.100693214
2017/5/30,-0.002802152,0.097429643,0.072798106,0.478297435
2017/5/31,-0.000871966,0.30509327,0.375832068,0.080378627
2017/6/1,0.003162568,0.234215578,-0.148229552,0.526709417
2017/6/2,0.00051155,0.354314287,1.376376814,-0.249563727
2017/6/5,-0.002901804,0.336717961,0.109032424,0.724929671
2017/6/6,-0.000107636,0.261658713,0.114300813,0.462840947
2017/6/7,-0.006175883,0.289794266,0.708407427,0.299054577
2017/6/8,-0.003836935,0.403045611,0.452336549,0.401649735
2017/6/9,0.010329049,0.466002741,0.518289966,0.900166183
2017/6/12,-0.002055961,0.429493183,0.33764936,0.928992027
2017/6/13,-0.001522751,0.382274892,0.569961503,0.203701855
2017/6/14,-0.003477837,0.308302661,0.317664701,0.361460218
2017/6/15,-0.007391048,0.320359396,0.444058369,0.516787718
2017/6/16,0.005937032,0.408744003,0.36363118,0.426675542
2017/6/19,0.008042826,0.488950542,0.754529156,0.360494231
2017/6/20,-0.006814941,0.409032241,0.131007297,0.554960003
2017/6/21,-0.003340374,0.389129429,0.588859381,0.472047098
2017/6/22,-0.00114193,0.349956846,0.476120845,0.264190979
2017/6/23,-0.002039908,0.209552001,-0.216608219,0.922461836
2017/6/26,0.003048904,0.094710063,0.639908945,-0.291587594
2017/6/27,-0.001671913,0.043219142,-0.082864635,0.228658576
2017/6/28,-0.006282506,0.03587802,-0.042219206,0.121138777
2017/6/29,-0.005086141,0.154174783,0.223220025,0.099632813
2017/6/30,-0.005128552,0.202418489,0.092622793,0.288085698
2017/7/3,0.008763954,0.26165701,0.111365047,0.497609417
2017/7/4,-0.002695749,0.203059538,-0.202224744,0.422998429
2017/7/5,0.001408505,0.194534722,-0.222963647,0.441249375
2017/7/6,-0.004123807,0.283907392,0.156434655,0.32234619
2017/7/7,0.001857274,0.185393918,-0.079059084,0.475961336
2017/7/10,0.002596301,0.297861732,-0.205790217,0.880016392
2017/7/11,-0.005479004,0.363350976,0.102878937,0.816659908
2017/7/12,0.011822452,0.416456096,0.298215041,0.599933123
2017/7/13,-0.000470656,0.471059313,0.217837474,0.780423661
2017/7/14,-0.004739111,0.597965003,0.507106664,0.739643109
2017/7/17,0.003482495,0.608887962,0.79601629,0.305981655
2017/7/18,-0.001880448,0.310629173,0.523492169,-0.041531501
2017/7/19,0.005490823,0.287324334,0.69658079,-0.146600691
2017/7/20,0.00763605,0.282033346,0.585352819,-0.099680617
2017/7/21,-0.004679818,0.454641652,0.938306008,0.027334127
2017/7/24,-0.010138557,0.270594877,0.563569441,-0.041896245
2017/7/25,0.007708367,0.257434923,0.515002149,-0.012132347
2017/7/26,0.002351024,0.205096923,0.465942997,-0.088685846
2017/7/27,-0.001250056,0.142877093,0.283489663,-0.2412283
2017/7/28,-0.010078822,0.05209983,0.129037609,-0.09270408
2017/7/31,0.000492525,0.003204648,0.22263648,-0.181208847
2017/8/1,0.006983157,-0.045314378,0.158970206,-0.179820402
2017/8/2,-0.001648794,0.108290571,-0.062433156,0.350219755
2017/8/3,0.008509946,0.284955177,0.038941394,0.499979161
2017/8/4,0.004929787,0.328658105,-0.09560619,0.756049725
2017/8/7,0.002689508,0.427243833,-0.007546883,0.991913656
2017/8/8,0.001431541,0.435061625,0.05141437,0.893947677
2017/8/9,-0.005939865,0.361911741,0.420243891,0.463057631
2017/8/10,-0.014524705,0.202248485,0.000837369,0.454794226
2017/8/11,-0.010881814,0.265078358,0.113040968,0.466693703
2017/8/14,0.005991623,0.408318119,0.270015535,0.580756297
2017/8/15,0.004065758,0.460098106,0.402776087,0.479796487
2017/8/16,0.006638399,0.506091106,0.532659517,0.528135801
2017/8/17,-0.006094116,0.421664406,0.621937516,0.27958333
2017/8/18,-0.00868557,0.370697172,0.759068245,-0.049188057
2017/8/21,-0.000696585,0.152272986,0.703047286,-0.427842108
2017/8/22,0.008552072,0.175117528,0.540975426,-0.250074049
2017/8/23,0.00012327,0.204622847,0.504589689,-0.240829622
2017/8/24,0.003300947,0.305220755,0.638175241,0.002892382
2017/8/25,-0.000756321,0.265420595,0.348661304,0.111617588
2017/8/29,-0.008688633,0.253352942,0.311465513,0.123334415
2017/8/30,0.003785706,0.148482526,0.087007464,0.060151914
2017/8/31,0.008834949,0.102893728,0.194851763,0.007121524
2017/9/1,0.001059915,0.109500935,0.147191737,0.087204183
2017/9/4,-0.003640415,0.044455229,0.06923069,-0.008928142
2017/9/5,-0.005214972,0.112120331,0.030531737,0.243268043
2017/9/6,-0.002551768,0.271739564,0.507690297,0.242986338
2017/9/7,0.005809749,0.393242963,0.233763791,0.530937917
2017/9/8,-0.002623426,0.424984632,0.042839376,1.052265417
2017/9/11,0.00486642,0.442575833,0.128641198,0.791728522
2017/9/12,-0.001741563,0.268659915,0.07704653,0.376275077
2017/9/13,-0.002840252,0.298852663,0.316041162,0.21863995
2017/9/14,-0.011490346,0.319018207,0.12891969,0.443581456
2017/9/15,-0.01101531,0.262234506,-0.011759737,0.571402803
2017/9/18,0.005226448,0.370531218,0.294724579,0.43623446
2017/9/19,0.003024396,0.302177139,0.527590348,0.129609439
2017/9/20,-0.000453696,0.355603746,0.727981682,0.081609069
2017/9/21,-0.001107606,0.2957662,0.61434203,0.050925132
2017/9/22,0.006413947,0.284998101,0.431592424,0.235608028
2017/9/25,-0.001279776,0.202677924,0.311054077,0.147041073
2017/9/26,-0.002132032,0.205492987,0.387493762,0.055750298
2017/9/27,0.00380431,0.164506997,0.381693876,-0.097273191
2017/9/28,0.001272177,0.382440993,0.616703443,0.237667195
2017/9/29,0.006796628,0.443466713,0.666773267,0.295964896
2017/10/2,0.008922795,0.33593259,0.237212432,0.400157936
2017/10/3,0.003927032,0.280544215,0.118952595,0.26251955
2017/10/4,-7.10E-05,0.106283562,0.101709455,-0.197523155
2017/10/5,0.005396803,0.072804266,0.071218512,0.132360443
2017/10/6,0.001979927,0.090188846,-0.281426739,0.623312064
2017/10/9,-0.001993247,0.214682151,0.014787357,0.559946923
2017/10/10,0.004038245,0.267695964,0.311635094,0.29224292
2017/10/11,-0.000591823,0.352953543,0.33387861,0.38603631
2017/10/12,0.002972822,0.483257703,0.243505511,0.75979488
2017/10/13,-0.002756487,0.517650731,0.250237104,0.716092568
2017/10/16,-0.001124654,0.370166032,0.007001783,0.798196128
2017/10/17,-0.001435871,0.162586536,0.106292913,0.173045649
2017/10/18,0.003546046,0.138153064,0.254614088,0.034879744
2017/10/19,-0.002632435,0.2145578,0.39830568,-0.056491593
2017/10/20,2.53E-05,0.296862358,0.351275147,0.414484334
2017/10/23,0.000162151,0.342049218,0.599716869,0.135409213
2017/10/24,0.000277723,0.331717266,0.603990105,0.154079418
2017/10/25,-0.010595975,0.253888481,0.197269013,0.40178251
2017/10/26,0.005261933,0.385571266,0.474090538,0.438992098
2017/10/27,0.002472064,0.386590411,0.506590927,0.57888036
2017/10/30,-0.002297097,0.327048915,0.424983351,0.939368121
2017/10/31,0.000703563,0.311372126,0.243726749,0.321056502
2017/11/1,-0.000683531,0.388004969,0.667302971,0.060960361
2017/11/2,0.008955554,0.475972945,0.825909608,-0.028993202
2017/11/3,0.000665535,0.393706371,0.426228854,0.374645383
2017/11/6,0.000255247,0.357710385,0.164019493,0.453538476
2017/11/7,-0.006523237,0.109727863,0.011239285,-0.088255106
2017/11/8,0.002208362,-0.010384361,0.173161673,-0.12901431
2017/11/9,-0.006077086,0.020605403,0.033927205,0.037995681
2017/11/10,-0.00685257,0.161073888,0.039142783,0.291773434
2017/11/13,-0.00239895,0.404205229,0.155648395,0.690590618
2017/11/14,-0.000102498,0.298276631,-0.122422589,0.545213949
2017/11/15,-0.005654971,0.317235924,0.174523583,0.414250902
2017/11/16,0.001941794,0.391934748,0.285609742,0.484966494
2017/11/17,-0.000847801,0.342850675,0.058783811,0.617157222
2017/11/20,0.001188885,0.215585142,0.076116097,0.397121381
2017/11/21,0.002956599,0.206698278,0.149440492,0.344300453
2017/11/22,0.001035713,0.246658528,0.380581998,0.193052952
2017/11/23,-0.000239953,0.433936815,0.4565536,0.499857971
2017/11/24,-0.001025165,0.524687061,0.85903591,0.283774408
2017/11/27,-0.003479901,0.500931595,0.558850656,0.59300702
2017/11/28,0.010340587,0.573020772,0.745221797,0.736015899
2017/11/29,-0.009033191,0.462296665,0.566118753,0.40816431
2017/11/30,-0.009088236,0.38350211,0.679055893,0.087012192
