Date,log_returns,QHL,oQHLp,QHLm
2013/2/1,0.011147031,0.200196028,0.466606106,-0.011108245
2013/2/4,-0.015944337,0.109695738,0.18382723,-0.016444607
2013/2/5,0.005733638,0.224329336,0.379436202,0.161963118
2013/2/6,0.002000303,0.154441146,0.436589237,0.063883906
2013/2/7,-0.010686988,0.412902202,0.938868997,0.081657375
2013/2/8,0.005685095,0.392357915,0.903816657,0.130877741
2013/2/11,0.002093934,0.340418017,0.349005738,0.476807153
2013/2/12,0.009721497,0.306029987,0.12689696,0.471536041
2013/2/13,0.003265215,0.176899193,-0.19015374,0.472858561
2013/2/14,-0.005005343,0.341224321,0.061482504,0.578943998
2013/2/15,0.000142229,0.365582887,0.145825488,0.577530624
2013/2/18,-0.001592542,0.416095712,0.145597771,0.60885021
2013/2/19,0.009589544,0.317726148,0.16461552,0.410025147
2013/2/20,0.002551972,0.365793213,-0.211693774,1.140644959
2013/2/21,-0.016368417,0.197565008,0.006995077,0.52625922
2013/2/22,0.006994431,0.214936825,-0.058216452,0.547548819
2013/2/25,0.00309982,0.209972505,0.08705463,0.451685625
2013/2/26,-0.013453597,0.146613354,-0.133133181,0.522900529
2013/2/27,0.008802628,0.209161954,0.441184531,-0.148066637
2013/2/28,0.005506572,0.233328809,0.145603229,0.355675827
2013/3/1,0.00279291,0.332813079,0.591341559,-0.154114619
2013/3/4,-0.005182251,0.346959031,0.194075076,0.571632297
2013/3/5,0.013511371,0.299249319,0.109414618,0.63032264
2013/3/6,-0.000670317,0.23968545,0.138898136,0.396692906
2013/3/7,0.001790655,0.346103544,0.41074772,0.221817474
2013/3/8,0.00687473,0.237500318,0.528015812,-0.128940817
2013/3/11,0.003087656,0.229245372,0.363197949,0.108044293
2013/3/12,0.001074207,0.250264003,0.19465309,0.236542659
2013/3/13,-0.004482725,0.215517224,0.371057156,0.018073515
2013/3/14,0.007364622,0.453945714,0.495723231,0.463099402
2013/3/15,-0.006107987,0.341126528,0.187337932,0.600397744
2013/3/18,-0.004901316,0.308082688,-0.171767371,0.616391683
2013/3/19,-0.002573796,0.271170432,-0.049591906,0.682020435
2013/3/20,-0.001339131,0.41056191,0.102893532,0.879111213
2013/3/21,-0.006887031,0.25903745,0.297163573,0.381148738
2013/3/22,0.000658774,0.207617276,-0.095669936,0.548847506
2013/3/25,-0.002251953,0.248052274,0.20798178,0.277376747
2013/3/26,0.003285401,0.218472337,-0.455099893,1.161344797
2013/3/27,-0.001847199,0.161731274,0.089136883,0.294619747
2013/3/28,0.003778336,0.083074643,-0.056569287,0.253664893
2013/4/2,0.012233536,0.253066725,0.144109393,0.386306295
2013/4/3,-0.01090249,0.169318233,0.225091767,-0.022786669
2013/4/4,-0.011933331,0.346811891,0.444985253,0.270749065
2013/4/5,-0.014982137,0.357653601,0.212423955,0.572917241
2013/4/8,0.004336337,0.547042734,0.827993809,0.059736739
2013/4/9,0.005761663,0.524739245,0.586258439,0.463953654
2013/4/10,0.01167834,0.305906712,0.345395895,0.234918913
2013/4/11,0.004494088,0.300065673,-0.020446613,0.53292824
2013/4/12,-0.004960742,0.185160466,0.03131721,0.22381887
2013/4/15,-0.006409518,0.182944892,0.348727022,-0.066781487
2013/4/16,-0.006170077,0.208921664,0.075389573,0.22373458
2013/4/17,-0.009621719,0.17259761,-0.082897754,0.140846883
2013/4/18,-8.65E-05,0.215838746,0.160438688,0.240403715
2013/4/19,0.006850643,0.418393168,0.120133633,0.912662523
2013/4/22,-0.000950092,0.272269071,0.090609562,0.624675903
2013/4/23,0.019785082,0.191723766,-0.086493171,0.615881766
2013/4/24,0.003994434,0.151499171,-0.16662072,0.48662591
2013/4/25,0.001682415,0.248772376,-0.214097213,1.103055457
2013/4/26,-0.002513015,0.274807038,0.456659383,0.112050137
2013/4/29,0.004905151,0.271736796,0.060940774,0.584035059
2013/4/30,-0.004329569,0.311349742,0.433240928,0.026631749
2013/5/1,0.00328691,0.339505242,0.080153801,0.684809066
2013/5/2,0.001459108,0.304873186,0.306493948,0.343026863
2013/5/3,0.009359058,0.256331302,0.055367172,0.641812439
2013/5/7,0.005480656,0.393443364,0.449922928,0.334133925
2013/5/8,0.003984548,0.331080609,0.563289142,-0.055823696
2013/5/9,0.001405563,0.32885215,0.540050192,-0.026127949
2013/5/10,0.004878309,0.330393703,0.180264356,0.175791128
2013/5/13,0.001022876,0.317687746,0.284670741,0.174955071
2013/5/14,0.008154533,0.357730111,0.423750265,0.12308471
2013/5/15,0.001119614,0.250685648,-0.068604825,0.395500566
2013/5/16,-0.000859405,0.236779762,-0.231084284,0.315165624
2013/5/17,0.005258437,0.079852512,-0.297929354,0.363802567
2013/5/20,0.004832823,0.15478598,-0.224025674,0.593317329
2013/5/21,0.007115337,0.108803523,0.028646505,0.219555338
2013/5/22,0.005335637,0.179436162,0.131055626,0.350147815
2013/5/23,-0.021198897,0.162921178,0.300235725,0.183441891
2013/5/24,-0.006359034,0.191218021,-0.44094393,0.996013964
2013/5/28,0.01605091,0.277296409,0.250621225,0.4910924
2013/5/29,-0.020142318,0.240164912,-0.005812131,0.608002672
2013/5/30,0.004489565,0.30024632,-0.099231409,0.633098574
2013/5/31,-0.01116319,0.335923109,0.1924078,0.529627128
2013/6/3,-0.008844896,0.509247453,0.648588327,0.420251574
2013/6/4,0.005114772,0.393936876,0.399746211,0.443964193
2013/6/5,-0.021463481,0.482513007,0.773611549,0.199626097
2013/6/6,-0.01304562,0.463136331,0.469022593,0.513860147
2013/6/7,0.01190466,0.383145846,0.40752052,0.370619982
2013/6/10,-0.001801375,0.278510108,0.024486229,0.372714383
2013/6/11,-0.009476914,0.140305343,-0.068786081,0.25721951
2013/6/12,-0.006429059,0.192692926,0.267419409,-0.003467706
2013/6/13,0.000821956,0.294811545,0.120598649,0.37023617
2013/6/14,0.000575602,0.384157684,0.161672869,0.347310471
2013/6/17,0.003517757,0.264033883,0.240340197,0.008843198
2013/6/18,0.006882519,0.387342401,0.052558578,0.696390042
2013/6/19,-0.003991193,0.181218797,0.030647583,0.27687976
2013/6/20,-0.03027174,0.117069863,-0.110548248,0.461638134
2013/6/21,-0.007061145,0.068470826,-0.179196783,0.390414777
2013/6/24,-0.014338338,-0.093029325,-0.590517252,0.467162528
2013/6/25,0.012004091,-0.007873289,-0.146716955,0.242571593
2013/6/26,0.010364156,0.138316949,-0.051037647,0.546089415
2013/6/27,0.012558913,0.345881768,0.360970506,0.456091936
2013/6/28,-0.00448356,0.450103632,0.291078855,0.53191694
2013/7/1,0.014742447,0.434411286,0.455531553,0.289106129
2013/7/2,-0.000608957,0.450048945,0.194184264,0.897267315
2013/7/3,-0.011819369,0.496108818,0.479908085,0.531316344
2013/7/4,0.030322743,0.521828576,0.58019616,0.622391359
2013/7/5,-0.007212552,0.444875025,0.584513683,0.475002975
2013/7/8,0.011625327,0.412386491,0.182545237,0.610944072
2013/7/9,0.009721479,0.27037797,0.283882997,0.089892016
2013/7/10,-0.0012475,0.333169811,0.438912733,0.215238675
2013/7/11,0.005893473,0.266385892,0.064460369,0.211946318
2013/7/12,0.000233796,0.221802508,-0.116415248,0.226299603
2013/7/15,0.006270654,0.127298778,-0.263998933,0.130638861
2013/7/16,-0.00452884,0.288794056,0.203827798,-0.03487167
2013/7/17,0.002373503,0.373401919,0.42770858,0.420235677
2013/7/18,0.009454656,0.315991444,0.359578997,0.117499496
2013/7/19,-0.00055635,0.357609178,0.600023999,-0.13982891
2013/7/22,-0.001131748,0.26220254,-0.08871652,0.494184565
2013/7/23,-0.003892412,0.004833463,-0.074823202,0.206335149
2013/7/24,0.003478628,-0.046186268,-0.503261356,0.561034522
2013/7/25,-0.0049181,0.078778627,-0.218759748,0.637627008
2013/7/26,-0.005046143,0.088426911,-0.255733186,0.532486553
2013/7/29,0.000832632,0.166501239,0.06536206,0.02265674
2013/7/30,0.001629707,0.182043825,-0.054721529,0.445520608
2013/7/31,0.007597059,0.412776495,0.647475769,0.152020287
2013/8/1,0.009158873,0.522985726,0.605882383,0.438907456
2013/8/2,-0.005117848,0.454418896,0.442412898,0.442598403
2013/8/5,-0.004264579,0.384018961,0.017797082,0.684578893
2013/8/6,-0.002324599,0.373705127,0.041136329,0.643525914
2013/8/7,-0.014182018,0.503466499,0.669189098,0.47236055
2013/8/8,0.002832631,0.512373334,0.747201469,0.316301689
2013/8/9,0.008191873,0.452905959,0.362338159,0.444854473
2013/8/12,-0.001375617,0.309816798,0.114603389,0.136981717
2013/8/13,0.005702913,0.382594186,0.361209578,0.30213817
2013/8/14,-0.003713818,0.212427862,0.240716011,0.176416045
2013/8/15,-0.015927478,0.099807272,0.04412055,0.184540909
2013/8/16,0.002564829,0.141449077,0.14047764,-0.015376304
2013/8/19,-0.005284717,0.220362975,-0.153223785,0.328371872
2013/8/20,-0.0018995,0.175795719,0.252226291,0.402244087
2013/8/21,-0.009750706,0.165243043,0.053976235,0.288856685
2013/8/22,0.008729027,0.223625912,0.289218992,0.208592723
2013/8/23,0.006991311,0.203840426,-0.055396946,0.416635302
2013/8/27,-0.007906903,0.10725659,-0.160385546,0.341233578
2013/8/28,-0.00169528,0.112887603,-0.443688293,0.713709434
2013/8/29,0.008207209,0.223974077,-0.061030108,0.412811769
2013/8/30,-0.010874814,0.192335777,0.096275479,0.355454948
2013/9/2,0.014437767,0.198580568,0.188345889,0.039246468
2013/9/3,-0.005823703,0.204994549,0.051676307,0.228489455
2013/9/4,0.000978124,0.289118139,0.395962516,0.127457148
2013/9/5,0.008872081,0.493929684,0.475096625,0.527025434
2013/9/6,0.002276799,0.480799159,0.46500455,0.305593879
2013/9/9,-0.002537073,0.468061628,0.317325369,0.497006769
2013/9/10,0.008120685,0.351821442,-0.005654083,0.467042904
2013/9/11,0.000674136,0.576999678,0.555779269,0.560048267
2013/9/12,8.35E-05,0.556293074,0.741059556,0.608468646
2013/9/13,-0.00078647,0.407297731,0.551736982,0.367602899
2013/9/16,0.005915215,0.281216339,0.656296962,-0.177446896
2013/9/17,-0.007987593,0.261095144,-0.031132429,0.270969888
2013/9/18,-0.001728999,0.129604805,-0.058135357,0.32021423
2013/9/19,0.010098529,0.103175141,-0.229784956,0.523406074
2013/9/20,-0.004380644,0.199260503,-0.074310354,0.542751863
2013/9/23,-0.005938986,0.054603594,-0.114692639,0.091352499
2013/9/24,0.002146422,0.182138719,0.254930747,0.092620146
2013/9/25,-0.00303742,0.219329169,0.038790493,0.492741265
2013/9/26,0.002143764,0.276094509,0.527459822,0.001654013
2013/9/27,-0.008094399,0.193863617,0.064753062,0.11512745
2013/9/30,-0.007775063,0.163435143,-0.029600198,0.289589663
2013/10/1,-0.000342046,0.117838848,-0.257823655,0.335206221
2013/10/2,-0.0034906,0.116172639,-0.117729474,0.310844089
2013/10/3,0.001791017,0.122185323,0.054319405,0.295210437
2013/10/4,0.000750218,0.260660851,0.219291218,0.098856529
2013/10/7,-0.00257541,0.313918488,0.315461059,0.208303511
2013/10/8,-0.011161467,0.283614856,0.372014451,-0.10956881
2013/10/9,-0.004395563,0.50434101,0.422568541,0.45540897
2013/10/10,0.01450168,0.572624195,0.532018028,0.707144024
2013/10/11,0.008778723,0.534637632,0.450789286,0.858549137
2013/10/14,0.003148945,0.414583854,0.523601804,0.204811766
2013/10/15,0.006350755,0.528600053,0.49345669,0.314580565
2013/10/16,0.00342665,0.437198987,0.623078647,0.289826754
2013/10/17,0.000695176,0.382269605,0.36553301,0.337868923
2013/10/18,0.007034034,0.313155385,0.360557703,0.272290794
2013/10/21,0.004763212,0.242437506,0.072891484,0.263362376
2013/10/22,0.006211321,0.177717131,0.135145654,0.021849826
2013/10/23,-0.003168257,0.262409314,-0.04039425,0.525051032
2013/10/24,0.00578146,0.283100116,0.118878601,0.454909677
2013/10/25,0.001214781,0.244291218,0.263023021,0.10273594
2013/10/28,0.000666312,0.254304865,0.344637792,0.173596699
2013/10/29,0.007245662,0.195382008,-0.025889069,0.21366912
2013/10/30,0.000438298,0.113343122,0.197940013,-0.001845937
2013/10/31,-0.006850209,0.172447906,0.192312786,0.055428743
2013/11/1,0.000491602,0.172513603,-0.111104738,0.493339728
2013/11/4,0.004279045,0.290055525,-0.20367311,0.804479428
2013/11/5,-0.002484003,0.246988054,-0.142717078,0.486093274
2013/11/6,-0.000763612,0.281085178,0.347219588,0.151164859
2013/11/7,-0.00661812,0.375982271,0.449186398,0.267495733
2013/11/8,0.001670939,0.324406987,0.481227109,0.195560397
2013/11/11,0.002969461,0.326861033,0.81511341,-0.081719997
2013/11/12,-0.000234854,0.473747027,0.376053729,0.263994687
2013/11/13,-0.014493257,0.412780164,0.450176953,0.451717989
2013/11/14,0.005434677,0.455100238,0.366217266,0.452202993
2013/11/15,0.004088461,0.503714851,0.518732763,0.366859839
2013/11/18,0.004474961,0.490525692,0.43035864,0.542946074
2013/11/19,-0.003792436,0.455191267,0.768371677,0.17547277
2013/11/20,-0.002530816,0.405329438,0.319713833,0.332422578
2013/11/21,3.74E-05,0.405595742,0.501592804,0.064727988
2013/11/22,-0.00105274,0.300674576,0.360613959,0.05033277
2013/11/25,0.003039889,0.240242005,-0.077970045,0.533905133
2013/11/26,-0.008761694,0.150788544,-0.309778905,0.483885372
2013/11/27,0.001994628,0.208937407,0.119523813,0.20321439
2013/11/28,0.000751657,0.148937319,0.368735274,0.088546389
2013/11/29,-0.000586244,0.182796197,0.069997986,0.331691172
2013/12/2,-0.008340742,0.163653379,-0.085315694,0.360155403
2013/12/3,-0.00958282,0.177614465,-0.006848362,0.164151371
2013/12/4,-0.003444155,0.321985279,0.149213199,0.245887626
2013/12/5,-0.001789627,0.33682428,0.217750265,0.469547106
2013/12/6,0.008223599,0.324406249,-0.007125193,0.824473023
2013/12/9,0.001142511,0.265216978,0.403190218,0.173319907
2013/12/10,-0.005529416,0.279123697,0.069305809,0.377326912
2013/12/11,-0.002392751,0.223913462,0.320471606,0.111996982
2013/12/12,-0.009645739,0.192472808,0.178296661,0.225392185
2013/12/13,-0.000821096,0.363598983,0.777552346,0.17321133
2013/12/16,0.012689413,0.394141147,0.479192648,0.290243627
2013/12/17,-0.005536441,0.333922019,0.662288432,0.273341923
2013/12/18,0.000907671,0.387281847,0.525171684,0.266308382
2013/12/19,0.014165804,0.41597302,0.672181112,-0.176383802
2013/12/20,0.003317346,0.544485047,1.037145409,-0.056497432
2013/12/23,0.01084376,0.528403754,0.623008311,0.487360123
2013/12/24,0.002327116,0.514460545,0.305421867,0.397008823
2013/12/27,0.008434387,0.408507343,0.415235811,0.197855581
2013/12/30,-0.002907552,0.453241325,0.382659219,0.4061665
2013/12/31,0.002643848,0.34908231,0.173123236,0.46329078
2014/1/2,-0.004630587,0.321393385,-0.11326786,0.695969841
2014/1/3,0.001897599,0.22480712,-0.197518171,0.543042498
2014/1/6,8.91E-06,0.197009686,-0.030261808,0.473353407
2014/1/7,0.003665979,0.301270446,0.27534458,0.261055453
2014/1/8,-0.004996586,0.22462979,0.468797155,0.088694462
2014/1/9,-0.004538847,0.273267889,0.42283176,0.379021197
2014/1/10,0.00723687,0.33305508,0.286386766,0.16299727
2014/1/13,0.002550181,0.469302542,0.53012951,0.47884814
2014/1/14,0.001435965,0.418858144,0.47574307,0.26427426
2014/1/15,0.007801775,0.419698341,0.412917102,0.39739007
2014/1/16,-0.000651252,0.338019525,0.592334445,0.038009451
2014/1/17,0.002034487,0.249369189,0.710568829,-0.099388093
2014/1/20,0.001087368,0.310530739,0.823553285,0.019279619
2014/1/21,-0.000361349,0.364235116,0.88809937,0.066871651
2014/1/22,-0.001161004,0.505301747,0.753385387,0.459875591
2014/1/23,-0.007801734,0.594391027,0.773001245,0.600210173
2014/1/24,-0.016304571,0.454961199,0.279719616,0.579799512
2014/1/27,-0.017115081,0.362671406,0.396686541,0.275353767
2014/1/28,0.003302604,0.473888904,0.694888876,0.325495681
2014/1/29,-0.004277026,0.645992394,0.487259896,0.724095767
2014/1/30,-0.000891251,0.577667553,0.251340125,0.795652009
2014/1/31,-0.004293092,0.42713267,-0.118849074,0.764027908
2014/2/3,-0.006901947,0.369689964,0.072455622,0.452421851
2014/2/4,-0.002538149,0.372144046,-0.094928313,0.578340251
2014/2/5,0.001335693,0.331207256,0.116020124,0.522775688
2014/2/6,0.015425734,0.157977018,0.224352505,0.023711842
2014/2/7,0.002041134,0.246334885,0.553271372,0.079390206
2014/2/10,0.003019018,0.41025591,0.34654977,0.385907155
2014/2/11,0.012230055,0.515445881,0.56434605,0.546514909
2014/2/12,0.000355118,0.560749756,1.185182752,0.033670154
2014/2/13,-0.002341305,0.545346217,0.673292204,0.323396706
2014/2/14,0.000630487,0.539849575,0.803811737,0.350193693
2014/2/17,0.010803397,0.475722276,0.792166438,0.222264079
2014/2/18,0.008931197,0.424423855,1.032182263,-0.231556632
2014/2/19,4.12E-05,0.382306866,0.874763233,-0.122499368
2014/2/20,0.002392412,0.516977303,0.834020796,0.263540981
2014/2/21,0.003672982,0.48467353,0.565662936,0.409005472
2014/2/24,0.004057239,0.295964644,0.505453099,0.159233061
2014/2/25,-0.005163427,0.270670435,0.279731792,0.300978783
2014/2/26,-0.004600273,0.315786374,0.173926562,0.435514592
2014/2/27,0.001634163,0.371667625,0.152533964,0.609815964
2014/2/28,-8.37E-05,0.366737632,-0.358370436,0.841166213
2014/3/3,-0.014995047,0.47691233,0.192753672,0.598752796
2014/3/4,0.017059086,0.73111084,0.062540838,0.979108607
2014/3/5,-0.007110748,0.65554102,0.529424389,0.666158052
2014/3/6,0.001927174,0.474555471,0.415370119,0.304226021
2014/3/7,-0.011231746,0.316512657,0.674847076,-0.186584395
2014/3/10,-0.003465127,0.288133307,-0.012604622,0.366588296
2014/3/11,-0.000587665,0.289459334,-0.030897284,0.478828909
2014/3/12,-0.009712681,0.406188798,0.413238439,0.556056744
2014/3/13,-0.01018933,0.509239083,0.836470009,0.29132432
2014/3/14,-0.003958215,0.543529545,0.860211423,0.165126103
2014/3/17,0.006178892,0.56125505,1.118131347,0.10623494
2014/3/18,0.00560667,0.662857158,1.749387425,-0.28637551
2014/3/19,-0.004879202,0.620829646,1.042151761,0.092738249
2014/3/20,-0.004679942,0.640272902,0.991664036,0.327179541
2014/3/21,0.002248923,0.484594586,0.884781835,0.127417984
2014/3/24,-0.005624917,0.403665839,0.717224278,0.081498274
2014/3/25,0.012876094,0.317007629,0.514013946,0.145437158
2014/3/26,6.21E-05,0.327469571,0.101957584,0.454809101
2014/3/27,-0.002573973,0.2621026,0.297884606,0.285077588
2014/3/28,0.004129089,0.20676092,-0.147739602,0.407799632
2014/3/31,-0.002604824,0.265236179,-0.073182353,0.463495627
2014/4/1,0.00818661,0.313849472,-0.287380103,0.795073609
2014/4/2,0.000966071,0.392903975,0.000836151,0.862627769
2014/4/3,-0.001487807,0.385051224,0.007724545,0.663346595
2014/4/4,0.006955604,0.548733539,0.617549877,0.534572332
2014/4/7,-0.010918846,0.694673515,0.479519873,0.636771351
2014/4/8,-0.004866234,0.634846881,0.444816813,0.561957901
2014/4/9,0.006792553,0.637223717,0.598932945,0.583821172
2014/4/10,0.000958006,0.607378894,0.447952936,0.714235103
2014/4/11,-0.012158891,0.443361699,0.52798219,0.230251943
2014/4/14,0.003356295,0.371941442,0.463344772,0.246487489
2014/4/15,-0.006422698,0.414062293,0.975112758,0.070223345
2014/4/16,0.006484971,0.546075246,1.160448489,0.219050991
2014/4/17,0.006219824,0.580379845,0.994557561,0.138051171
2014/4/22,0.008493319,0.618308813,1.302624609,-0.076637542
2014/4/23,-0.001051174,0.566248242,1.310673991,-0.202120914
2014/4/24,0.004224935,0.54548068,0.886585938,0.173939473
2014/4/25,-0.002585766,0.466881297,0.746634361,0.270217519
2014/4/28,0.002161985,0.253545482,0.625886679,0.079728913
2014/4/29,0.010356386,0.293411658,0.367925014,0.197755763
2014/4/30,0.001493734,0.343379419,0.446110895,0.190017631
2014/5/1,0.004244647,0.379627612,-0.004871533,0.717091695
2014/5/2,0.001988074,0.330856341,0.055090535,0.614066349
2014/5/6,-0.003503423,0.29380473,0.037617478,0.46137147
2014/5/7,-0.000311879,0.288107063,0.308837911,0.311356023
2014/5/8,0.006279131,0.339972935,-0.164505776,0.779416231
2014/5/9,-0.003615109,0.348195677,0.00825378,0.57767991
2014/5/12,0.005441127,0.485581817,0.11832091,0.797940504
2014/5/13,0.003108238,0.725748314,0.437202982,1.071422091
2014/5/14,0.000786819,0.80571232,0.507441658,0.959113057
2014/5/15,-0.005481311,0.713044636,0.951346548,0.220364876
2014/5/16,0.002178628,0.58070161,0.745179323,0.209178035
2014/5/19,-0.001643753,0.502178254,0.535747078,0.335208368
2014/5/20,-0.006236029,0.551494821,0.757608914,0.435341584
2014/5/21,0.002795266,0.421574582,0.610891387,0.295434871
2014/5/22,-7.04E-05,0.407853803,1.077125838,0.016065912
2014/5/23,-0.000705469,0.44876568,1.265803025,0.028329871
2014/5/27,0.004273583,0.587959897,1.367380684,-0.119236051
2014/5/28,0.000917045,0.454005899,0.990782724,-0.04182764
2014/5/29,0.002925123,0.408372179,0.921781646,-0.19937635
2014/5/30,-0.00390499,0.408633849,0.876582173,-0.276529545
2014/6/2,0.00285806,0.432050529,0.643867635,0.238238233
2014/6/3,-0.004058281,0.37738457,0.487752109,0.275455331
2014/6/4,-0.002588078,0.344596318,0.330031274,0.308319865
2014/6/5,-0.000754101,0.366768429,0.777317993,-0.009716885
2014/6/6,0.006542004,0.403404524,-0.008688712,0.706304465
2014/6/9,0.002445169,0.500206889,0.240659997,0.682804802
2014/6/10,-0.000210931,0.437405206,0.362525223,0.419438532
2014/6/11,-0.005058199,0.443554151,-0.043835867,0.957693961
2014/6/12,0.000619793,0.442447616,0.089560429,0.820444578
2014/6/13,-0.009582364,0.457743737,0.221398909,0.870739036
2014/6/16,-0.003430266,0.504296533,0.555837679,0.400059046
2014/6/17,0.001794192,0.610030731,0.608784279,0.634820018
2014/6/18,0.001740822,0.803890516,0.760016186,0.673983351
2014/6/19,0.004349859,0.76230737,0.963669917,0.532240224
2014/6/20,0.002507096,0.532079334,0.687488513,0.10399826
2014/6/23,-0.003616683,0.481346347,0.763263965,0.069379194
2014/6/24,-0.00198563,0.495491575,0.944488734,0.151502881
2014/6/25,-0.007906442,0.483487859,0.841175744,0.280621448
2014/6/26,0.000222738,0.327378462,1.006312836,0.127616242
2014/6/27,0.003357327,0.368299689,1.544022382,-0.327066646
2014/6/30,-0.00204863,0.402651405,1.186512966,-0.099916899
2014/7/1,0.008707608,0.468336547,0.985883476,0.053924371
2014/7/2,0.00197514,0.460892369,1.190513277,-0.209345546
2014/7/3,0.007139557,0.376001397,1.128002821,-0.299900087
2014/7/4,0.000122349,0.588337204,1.000169783,0.228456521
2014/7/7,-0.006214975,0.507824261,0.62790027,0.332578078
2014/7/8,-0.012544074,0.537029802,0.624853263,0.468748108
2014/7/9,-0.003033483,0.512406995,0.781310462,0.343415295
2014/7/10,-0.006821326,0.538408432,0.34374393,0.778153573
2014/7/11,0.002664166,0.532580532,0.459090581,0.713174285
2014/7/14,0.008331205,0.4023915,0.391044035,0.679044786
2014/7/15,-0.005304477,0.399009272,0.243559838,0.542702168
2014/7/16,0.010999643,0.342539732,-0.128259213,0.682318878
2014/7/17,-0.00685502,0.344797293,-0.149203499,0.762655523
2014/7/18,0.001650384,0.336468434,0.082283658,0.608752221
2014/7/21,-0.003117701,0.419421312,0.326193041,0.517652196
2014/7/22,0.009893764,0.540212958,0.471356456,0.457127649
2014/7/23,0.000413433,0.455400142,0.573241394,0.221060357
2014/7/24,0.003423009,0.542754546,0.534656179,0.400459418
2014/7/25,-0.004394333,0.494378196,0.782995554,-0.002917753
2014/7/28,-0.000512533,0.492833266,0.887561609,0.09744123
2014/7/29,0.002895009,0.486451782,0.925739713,0.157147104
2014/7/30,-0.005052587,0.457519302,1.458791798,-0.043774272
2014/7/31,-0.006417594,0.475605923,1.695468508,-0.274901407
2014/8/1,-0.007596263,0.459289492,1.276514542,-0.082457415
2014/8/4,-0.000248564,0.625482295,1.171805352,0.134589687
2014/8/5,0.000742515,0.656141027,1.336735684,-0.086580552
2014/8/6,-0.006955693,0.740920607,1.142586241,0.42177176
2014/8/7,-0.005862398,0.620361686,0.850281064,0.344540864
2014/8/8,-0.00455916,0.33923613,0.542134533,0.17680756
2014/8/11,0.009918128,0.337371279,0.427997455,0.397050351
2014/8/12,-6.03E-05,0.418949449,0.246552541,0.670478734
2014/8/13,0.003651117,0.489097523,-0.045675548,0.994168703
2014/8/14,0.004284241,0.415157379,-0.149707905,1.023159177
2014/8/15,0.000571243,0.325507836,-0.063554864,0.701544405
2014/8/18,0.007769022,0.291285619,-0.26240236,0.924457132
2014/8/19,0.005629959,0.277204138,-0.037525492,0.495205766
2014/8/20,-0.003521299,0.23264184,-0.110452841,0.697701858
2014/8/21,0.003277882,0.312136983,0.010559748,0.709609232
2014/8/22,-0.000355643,0.471942337,0.279382772,0.718091874
2014/8/26,0.006987816,0.504709766,0.664225427,0.294741386
2014/8/27,0.001157219,0.620589993,0.951182695,0.253076962
2014/8/28,-0.003646112,0.637497339,0.918270574,0.235111958
2014/8/29,0.002047624,0.711527214,1.30930788,0.059117352
2014/9/1,0.000814947,0.707991147,1.398114645,-0.006205517
2014/9/2,0.000565382,0.564029583,1.359996951,-0.315297422
2014/9/3,0.006481933,0.605532612,1.532359255,0.06241059
2014/9/4,0.000638474,0.699141442,1.755192348,-0.075074934
2014/9/5,-0.003330649,0.706822123,1.288680932,0.376558197
2014/9/8,-0.002970082,0.553129432,0.921195474,0.117481635
2014/9/9,-0.000844569,0.504291994,0.952837509,-0.075112513
2014/9/10,0.000162529,0.561885163,0.581265724,0.554294548
2014/9/11,-0.004474051,0.552229734,0.331872134,0.820406154
2014/9/12,0.00107889,0.304592671,0.086528203,0.402166895
2014/9/15,-0.00040408,0.248516521,-0.012962779,0.429088424
2014/9/16,-0.001760754,0.227307019,-0.127327717,0.510776412
2014/9/17,-0.001670948,0.332227724,-0.331012652,0.982002305
2014/9/18,0.005645524,0.337446792,-0.145862192,0.898444021
2014/9/19,0.002728231,0.307633965,-0.146310897,0.88190445
2014/9/22,-0.00944646,0.310030706,-0.086708673,0.679920167
2014/9/23,-0.014506143,0.315951261,0.133994804,0.512165293
2014/9/24,0.004511921,0.364837326,0.276646668,0.501579921
2014/9/25,-0.009974622,0.344689042,0.266551622,0.430118149
2014/9/26,0.001456833,0.47155737,0.953205076,0.045008899
2014/9/29,-0.000419675,0.702101039,1.161907397,0.170588368
2014/9/30,-0.003599284,0.841235734,1.384519884,0.130506347
2014/10/1,-0.009893679,0.825680885,1.074061443,0.42617582
2014/10/2,-0.017092198,0.894288374,1.577808708,0.270725131
2014/10/3,0.012566547,0.836054629,1.714249274,-0.080590344
2014/10/6,0.00546002,0.606741033,1.101848102,0.031228606
2014/10/7,-0.010424905,0.37299828,1.473863864,-0.195151129
2014/10/8,-0.002055816,0.404311463,1.102342791,0.038513898
2014/10/9,-0.007803919,0.473174891,0.722355764,0.558396358
2014/10/10,-0.014388174,0.495888024,0.280990619,0.592640636
2014/10/13,0.004134992,0.464580075,0.522575964,0.169269893
2014/10/14,0.004144557,0.296785738,0.020671271,0.43751762
2014/10/15,-0.028728635,0.295803593,0.060877112,0.419012201
2014/10/16,-0.002535554,0.149067951,-0.106067899,0.431567949
2014/10/17,0.018292237,0.188490085,-0.188914168,0.543655011
2014/10/20,-0.006872693,0.171150391,-0.225456506,0.492987172
2014/10/21,0.016656239,0.264982013,-0.160751019,0.683546177
2014/10/22,0.004290622,0.449824884,0.106649196,0.863614111
2014/10/23,0.003029908,0.398370063,0.259381537,0.600666346
2014/10/24,-0.00475021,0.333372053,0.6581647,0.120282213
2014/10/27,-0.003963246,0.460189752,0.713147579,0.168444334
2014/10/28,0.006064741,0.511568468,0.573824821,0.374752136
2014/10/29,0.008042955,0.49278199,0.515249435,0.339568953
2014/10/30,0.001498752,0.629740748,0.97277221,0.339594519
2014/10/31,0.012747271,0.791982637,0.95879346,0.342002784
2014/11/3,-0.00897628,0.799303625,1.070006443,0.210441237
2014/11/4,-0.005254248,0.661504568,0.890164229,0.35350711
2014/11/5,0.013110213,0.651044035,1.046744326,0.07853726
2014/11/6,0.001834948,0.621061692,0.928416384,0.436013654
2014/11/7,0.002453046,0.416592102,0.646237022,0.215990153
2014/11/10,0.00667909,0.317080763,0.804932028,0.202040517
2014/11/11,0.002439827,0.307198868,0.644992188,0.035812647
2014/11/12,-0.002471592,0.328759443,0.553901039,0.084924093
2014/11/13,0.003685509,0.36629661,0.075551439,0.546368931
2014/11/14,0.002847294,0.449095083,0.249609648,0.519649619
2014/11/17,0.002641387,0.376264607,0.098630908,0.484912799
2014/11/18,0.005554117,0.369945679,0.513442228,0.262909243
2014/11/19,-0.00186935,0.17477996,0.219398654,0.220572496
2014/11/20,-0.002646632,0.229432287,-0.159473941,0.632936632
2014/11/21,0.010701788,0.189861018,0.388886947,-0.029120327
2014/11/24,-0.003111152,0.312938164,0.07165683,0.5890094
2014/11/25,0.00020058,0.537351901,0.413651512,0.580671278
2014/11/26,-0.000292712,0.49349253,0.282485695,0.677096004
2014/11/27,-0.000854854,0.595740583,0.463119441,0.638915352
2014/11/28,-0.000118994,0.542613405,0.263439645,0.58785556
2014/12/1,-0.009903669,0.501062302,0.299539548,0.403008153
2014/12/2,0.012797158,0.450613071,0.519055113,0.273534028
2014/12/3,-0.003784908,0.614304779,0.635820824,0.535640644
2014/12/4,-0.005562869,0.700033849,0.813543214,0.428283111
2014/12/5,0.009457529,0.612535419,0.745860774,0.32024319
2014/12/8,-0.010539054,0.633765167,0.770440278,0.430487588
2014/12/9,-0.021616371,0.570708774,0.707633356,0.52852406
2014/12/10,-0.004517445,0.459236015,1.01702665,-0.078053001
2014/12/11,-0.00591589,0.192631489,0.583923101,-0.162499863
2014/12/12,-0.025242813,0.176733777,0.579935426,0.107405174
2014/12/15,-0.018891324,0.282579963,0.651206548,-0.016502129
2014/12/16,0.02383099,0.38685145,0.635792234,0.141088037
2014/12/17,0.000734115,0.471553753,0.469821841,0.423056071
2014/12/18,0.02023427,0.514638324,0.491633578,0.423412007
2014/12/19,0.012184972,0.403036432,0.308604957,0.369804792
2014/12/22,0.00479653,0.305144363,0.258655472,0.488200749
2014/12/23,0.003254672,0.215560617,0.022536979,0.402172672
2014/12/24,0.00177921,0.403619592,0.27222702,0.610463048
2014/12/29,0.003561012,0.568385624,0.195417063,0.803631251
2014/12/30,-0.013127146,0.591932153,-0.099668471,0.983585251
2014/12/31,0.002911597,0.477597058,-0.08547796,0.588394511
2015/1/2,-0.002789411,0.374814194,-0.213779975,0.330760954
2015/1/5,-0.020153463,0.367049487,-0.024607979,0.443091392
2015/1/6,-0.007924213,0.335327595,-0.385387578,0.931449244
2015/1/7,0.008340199,0.443559552,0.287015239,0.524938544
2015/1/8,0.023116107,0.651081918,0.869186788,0.519006568
2015/1/9,-0.010530198,0.854200267,1.142929594,1.204471642
2015/1/12,4.31E-05,0.785355533,1.243031151,-0.22493829
2015/1/13,0.006252886,0.72666136,1.039103342,-0.087808864
2015/1/14,-0.023780263,0.657477585,1.40433636,-0.459446681
2015/1/15,0.017121229,0.484273349,1.325010701,-1.209188298
2015/1/16,0.007891803,0.388438713,1.47010271,-1.18636499
2015/1/19,0.005368548,0.346488877,0.69609609,-0.744662185
2015/1/20,0.005235658,0.583599832,0.947570601,1.193646087
2015/1/21,0.016173392,0.58605269,0.7587683,0.699005862
2015/1/22,0.010143033,0.483726131,0.62226296,0.703810317
2015/1/23,0.005312035,0.453955493,0.032723127,0.73457102
2015/1/26,0.00286002,0.29099895,0.163162763,0.079150739
2015/1/27,-0.005970447,0.189146997,-0.24269712,0.445739143
2015/1/28,0.002101551,0.217079595,-0.289999006,0.669312028
2015/1/29,-0.002249839,0.228332144,-0.404550875,0.430551122
2015/1/30,-0.00902661,0.473897472,0.140123789,0.823177166
2015/2/2,0.004899525,0.446987402,0.213949148,0.490504988
2015/2/3,0.013072943,0.291713872,-0.074464798,0.190987086
2015/2/4,-0.001715723,0.183221612,-0.236835074,0.133291643
2015/2/5,0.000861143,0.217936244,0.005509597,-0.632875157
2015/2/6,-0.001820784,0.470735257,0.452655111,0.336458563
2015/2/9,-0.002379738,0.733551933,1.475730138,-0.763455697
2015/2/10,-0.001175156,0.765484942,1.389682234,-0.538874653
2015/2/11,-0.001604715,0.881696072,0.942753382,0.977969592
2015/2/12,0.001456808,0.907965157,1.753536502,-0.023432201
2015/2/13,0.006628433,0.684858219,1.992955157,-1.405796906
2015/2/16,-0.002399028,0.682816605,1.606916566,-0.849564637
2015/2/17,0.00597304,0.600664124,0.564562493,0.405086159
2015/2/18,-7.25E-06,0.501993207,1.106157494,0.084211268
2015/2/19,-0.001331691,0.483460874,0.435656514,0.829770603
2015/2/20,0.003810467,0.512379468,0.576437928,0.395417453
2015/2/23,-0.000439708,0.455777422,0.899448647,0.74558566
2015/2/24,0.005406241,0.294452321,-0.001331032,0.80736496
2015/2/25,-0.002052574,0.158001118,-0.481673071,0.87849633
2015/2/26,0.002066963,0.062663406,-0.827834576,0.67086192
2015/2/27,-0.000441841,-0.007740599,-0.77655154,0.672190341
2015/3/2,-0.000866979,-0.069082117,-0.858065562,0.713202576
2015/3/3,-0.007449182,0.126079646,-0.176388843,0.450024089
2015/3/4,0.00436113,0.283336235,0.265670549,0.407233728
2015/3/5,0.006037317,0.415105151,1.052196431,-0.263711958
2015/3/6,-0.007113158,0.500012686,0.954670697,-0.11902857
2015/3/9,-0.005124657,0.653450583,1.271668954,-0.691738944
2015/3/10,-0.025574122,0.61461918,1.229054826,-0.626162587
2015/3/11,0.002781514,0.499318549,0.34989365,-0.171928914
2015/3/12,0.00586833,0.639268307,0.888113958,-0.351199665
2015/3/13,-0.003035187,0.717028138,1.643548904,-1.244069882
2015/3/16,0.009376458,0.895311253,1.783408932,-0.588886256
2015/3/17,0.004915823,0.949304854,1.498859458,0.988656615
2015/3/18,0.015612518,0.918994681,1.427079575,0.691375125
2015/3/19,0.002461979,0.825092254,1.667919874,0.330215078
2015/3/20,0.008607952,0.799364617,1.038509117,0.132443618
2015/3/23,0.002156445,0.523397032,0.185611818,0.503319481
2015/3/24,-0.002559517,0.19100331,-0.56906252,0.523799101
2015/3/25,-0.004098317,0.104924115,0.011427293,0.454435381
2015/3/26,-0.013774945,0.07962523,0.091650148,0.10092223
2015/3/27,-0.00586314,0.253790291,-0.068202189,1.889529615
2015/3/30,0.00529738,0.128408415,-0.607574752,1.410228477
2015/3/31,-0.017328585,0.005772459,-0.241771719,0.36441242
2015/4/1,0.00536867,0.106505735,-0.489494086,0.567797586
2015/4/2,0.003512438,0.125704026,0.20784378,-0.017433854
2015/4/7,0.018602618,0.132028695,0.166184908,0.070594799
2015/4/8,-0.003505246,0.484213363,0.874759584,-0.364384422
2015/4/9,0.011173525,0.554322806,1.37636059,-0.764903207
2015/4/10,0.010550869,0.653637902,1.536715498,-0.464012844
2015/4/13,-0.003598969,0.624046765,1.47890156,-0.915833325
2015/4/14,0.001550261,0.606911629,1.042760264,-0.943752208
2015/4/15,0.003036968,0.611690816,1.114288423,-0.259173838
2015/4/16,-0.005132371,0.662997289,0.675410849,0.099485773
2015/4/17,-0.009366077,0.806561875,1.244602091,0.417373661
2015/4/20,0.008186987,0.867004168,1.329340305,0.888089925
2015/4/21,0.001530281,0.983983064,2.158828043,0.272809353
2015/4/22,-0.004923661,0.819884977,1.467722729,1.139394973
2015/4/23,0.00361173,0.68573062,0.639048586,1.249303637
2015/4/24,0.002411436,0.399726193,0.652864604,-0.040679223
2015/4/27,0.004695705,0.328970598,0.231142254,0.013145308
2015/4/28,-0.010393096,0.26692146,-0.826209089,1.554607597
2015/4/29,-0.01205583,0.078948707,-0.874119995,0.983187991
2015/4/30,0.002063723,-0.033072411,-0.276070192,0.059738607
2015/5/1,0.003631002,0.061272129,-0.467248497,0.088349803
2015/5/5,-0.008390443,0.31733468,0.673843629,0.840746508
2015/5/6,0.000888804,0.285785289,0.825924187,0.491651967
2015/5/7,-0.006771034,0.310025478,1.035709196,-0.154219309
2015/5/8,0.022948135,0.269198004,0.484121014,0.048132439
2015/5/11,-0.002411083,0.274410869,0.297706079,0.051255814
2015/5/12,-0.013757365,0.351716689,0.877425722,-0.098839652
2015/5/13,0.002280417,0.384338936,1.256415702,-1.000829895
2015/5/14,0.003362864,0.430284418,1.310253798,-0.984240953
2015/5/15,-0.00180141,0.67545515,1.446973157,-0.035955173
2015/5/18,0.001203214,0.803586237,1.283447534,0.14157814
2015/5/19,0.003756816,0.762988728,0.522659669,0.488215702
2015/5/20,0.001736851,0.731824486,1.138744338,0.371837876
2015/5/21,0.000885831,0.630915644,0.810231413,0.261696833
2015/5/22,0.002598756,0.651096479,0.541648294,0.848937205
2015/5/26,-0.011835016,0.56384627,0.741711709,0.166074832
2015/5/27,0.012063953,0.528060225,0.945915733,-0.12561372
2015/5/28,0.001078566,0.585334105,0.651250674,1.510467952
2015/5/29,-0.008055458,0.524214231,-0.289725411,1.327213503
2015/6/1,-0.004426751,0.345807929,-0.371088817,0.614649941
2015/6/2,-0.003646492,0.367384297,-0.781709665,1.191405052
2015/6/3,0.003197702,0.355752548,0.169719693,0.473285489
2015/6/4,-0.013211196,0.259334971,0.22187461,-0.267283612
2015/6/5,-0.007997794,0.328092342,0.55519685,0.003842442
2015/6/8,-0.002142021,0.230691209,0.895307632,-0.385850315
2015/6/9,-0.005351523,0.317430005,0.665803734,0.616181145
2015/6/10,0.011258895,0.381082171,0.968037148,0.263727772
2015/6/11,0.002408422,0.300594613,1.170202679,-0.614261457
2015/6/12,-0.009070124,0.170918965,0.517604034,-0.309128002
2015/6/15,-0.011026058,0.302148568,-0.120866256,0.707695647
2015/6/16,-6.26E-05,0.405773244,0.562010782,0.312864748
2015/6/17,-0.004413535,0.532375168,0.879119041,0.120142612
2015/6/18,0.004082635,0.618230997,1.078271232,-0.004050228
2015/6/19,0.000383058,0.714061973,1.355399305,0.339428964
2015/6/22,0.017024492,0.665449429,0.806001736,0.251435765
2015/6/23,0.001346945,0.528604027,0.565601809,-0.665895764
2015/6/24,0.00145179,0.532790918,0.589718881,-0.016165449
2015/6/25,-0.005417288,0.539077741,0.153515591,1.241854354
2015/6/26,-0.007981449,0.547466634,0.259732849,0.356359144
2015/6/29,-0.019922628,0.489511862,-0.085741935,0.517510476
2015/6/30,-0.015143203,0.630864569,0.214832792,0.674920173
2015/7/1,0.013345647,0.63140964,0.842195242,0.754190583
2015/7/2,0.003305374,0.612051794,0.233390407,0.555339627
2015/7/3,-0.006762912,0.743656122,0.364917856,0.509657001
2015/7/6,-0.007636382,0.655339708,0.882984735,0.328615749
2015/7/7,-0.015958216,0.349814188,0.383305303,-0.059552086
2015/7/8,0.009052203,0.199458873,0.208461262,0.102003843
2015/7/9,0.013912052,0.121081188,0.968672231,-0.372785113
2015/7/10,0.013844043,0.036915748,1.079410782,-0.836168987
2015/7/13,0.009629246,0.250558961,0.13249482,0.982524763
2015/7/14,0.002342182,0.33539216,0.151964191,1.240597616
2015/7/15,0,0.351105391,0.567620494,0.592344075
2015/7/16,0.006302511,0.411990696,0.475080366,0.893008846
2015/7/17,-0.003149242,0.363973528,0.033519796,0.435339167
2015/7/20,0.002006817,0.287819519,0.414112664,-0.153023622
2015/7/21,-0.002894285,0.388705883,1.122185027,-0.718808528
2015/7/22,-0.015142727,0.468022704,1.018313791,-0.164239379
2015/7/23,-0.001851025,0.643593172,0.680612686,1.52386904
2015/7/24,-0.011364085,0.64996985,0.299714221,-0.458222187
2015/7/27,-0.011414773,0.637720779,-0.368363837,-1.174466831
2015/7/28,0.007679735,0.647632185,-0.237086454,0.409317287
2015/7/29,0.011484791,0.573282598,0.672734413,-0.22347183
2015/7/30,0.005694808,0.555283597,0.468181032,-0.232307229
2015/7/31,0.004101718,0.80024021,1.102947679,0.276194965
2015/8/3,-0.001144573,0.822958912,1.37128374,-0.400044145
2015/8/4,-0.000306538,0.653275893,0.534474716,0.233545404
2015/8/5,0.009798441,0.587721595,-0.100694855,0.991501462
2015/8/6,-0.000788177,0.464552386,0.382207594,-0.095043115
2015/8/7,-0.004247874,0.375841498,0.629347598,-0.177950023
2015/8/10,0.00263551,0.339020691,-0.012285335,1.183731434
2015/8/11,-0.010698003,0.112661754,0.242548562,0.882792153
2015/8/12,-0.014105992,0.004676141,0.516435391,0.474556458
2015/8/13,-0.000435328,0.173579362,0.809247986,0.683066673
2015/8/14,-0.002681594,0.355090727,0.597784963,1.227820761
2015/8/17,-6.72E-05,0.328247457,0.154464334,1.001897214
2015/8/18,-0.003672215,0.328739819,0.496874133,-0.321242631
2015/8/19,-0.019001727,0.305786147,0.804925115,-0.479375697
2015/8/20,-0.005568733,0.256678733,0.276885674,0.153884483
2015/8/21,-0.028712804,0.208176051,-0.307799048,-0.039248837
2015/8/24,-0.047794563,0.405978178,-0.459483075,-0.142153362
2015/8/25,0.030464259,0.598323636,0.293372055,0.161717516
2015/8/26,-0.016938287,0.711687435,1.182165808,0.041605396
2015/8/27,0.034976201,0.790913183,0.538074893,-0.181090881
2015/8/28,0.008988828,0.842886447,0.279559286,0.354525833
2015/9/1,-0.030782962,0.729542184,1.245394984,-0.107836916
2015/9/2,0.004080109,0.631638418,0.474117821,0.341665751
2015/9/3,0.01804827,0.660293692,0.817208092,0.262489333
2015/9/4,-0.024709887,0.489215611,0.68347475,0.572144152
2015/9/7,0.005215635,0.465712301,0.662792335,0.529456831
2015/9/8,0.011714761,0.654720202,0.501188596,1.73864199
2015/9/9,0.013399677,0.686916851,0.475889659,2.47250726
2015/9/10,-0.01182106,0.472575808,0.611244365,0.555179503
2015/9/11,-0.006200335,0.436955651,0.346947058,1.704528701
2015/9/14,-0.005436671,0.328033621,0.424104546,1.05020551
2015/9/15,0.008674441,0.081428325,0.234076263,0.686962987
2015/9/16,0.014815733,0.026591575,0.26881813,-0.175901909
2015/9/17,-0.006800819,0.211078123,0.782740519,-0.553661435
2015/9/18,-0.013486385,0.542658679,0.968685449,0.555481293
2015/9/21,0.000753307,0.566816464,0.228426358,0.530491458
2015/9/22,-0.02870707,0.438835223,-1.007622991,0.081169367
2015/9/23,0.016109866,0.398952973,-0.113834463,-0.663269101
2015/9/24,-0.011797968,0.305749167,0.618949838,-0.856193909
2015/9/25,0.024444281,0.336197146,-0.006812365,-0.385867614
2015/9/28,-0.024885543,0.628445104,0.180233339,0.899872227
2015/9/29,-0.00836196,0.59979439,1.325096691,-0.216079158
2015/9/30,0.025458214,0.648823603,0.979939334,-0.158781641
2015/10/1,0.00179,0.737000094,0.286732187,0.183024494
2015/10/2,0.009426046,0.646859054,0.632153736,0.046955134
2015/10/5,0.027186703,0.429774852,0.395919045,0.468464148
2015/10/6,0.004315227,0.520733261,-0.008337855,1.891000115
2015/10/7,0.001609476,0.602694733,0.730862518,1.897355502
2015/10/8,0.006052962,0.513078952,0.727283574,2.077866224
2015/10/9,0.006463953,0.631940696,0.623952447,2.903958385
2015/10/12,-0.007035112,0.796439571,0.736411368,2.490073174
2015/10/13,-0.004546371,0.733738775,0.646566276,1.313429062
2015/10/14,-0.011524173,0.400287845,0.158911152,0.113179573
2015/10/15,0.010954816,0.298081035,0.303783122,0.026499678
2015/10/16,0.006191873,0.246734997,0.374222493,-0.016729688
2015/10/19,-0.004039165,0.180990731,0.193538855,-0.235591116
2015/10/20,-0.001134085,0.152641543,-1.172464059,-0.083490663
2015/10/21,0.000518374,0.360472257,-0.140443774,-0.783103479
2015/10/22,0.004378892,0.500108489,1.004009336,-0.598162162
2015/10/23,0.010577025,0.525356433,0.204203437,-0.253173113
2015/10/26,-0.004208044,0.650711159,0.309184719,0.016676474
2015/10/27,-0.008097185,0.493284171,0.856143207,-0.530669287
2015/10/28,0.011330216,0.285652945,0.282805425,-0.05057426
2015/10/29,-0.006545342,0.300685219,0.20686415,-0.069648443
2015/10/30,-0.005441779,0.498208241,0.858528366,0.236826671
2015/11/2,0.00011161,0.558939906,1.101386026,0.679559937
2015/11/3,0.003422412,0.639589114,0.644858383,1.366748328
2015/11/4,0.0045747,0.662174675,0.563248049,1.621662417
2015/11/5,-0.007509947,0.626126312,0.335347549,1.177832639
2015/11/6,-0.00174074,0.596750097,0.590268746,2.543562414
2015/11/9,-0.009276697,0.544481803,0.064694768,2.242960068
2015/11/10,-0.003162979,0.542122559,0.434672161,1.170663784
2015/11/11,0.003486985,0.418888001,0.177526593,0.96622064
2015/11/12,-0.019000434,0.572317806,0.501894115,0.931027738
2015/11/13,-0.009823645,0.680824357,0.781818573,0.564622196
2015/11/16,0.004582279,0.667257094,0.268947614,0.850678356
2015/11/17,0.019715277,0.409226362,-1.064296329,-0.066306696
2015/11/18,0.001627386,0.386981433,-0.14650797,-0.417368812
2015/11/19,0.008083223,0.288770723,0.636687657,-0.792145541
2015/11/20,0.000742229,0.128413327,0.13733821,-0.850141373
2015/11/23,-0.004610724,0.367270549,0.483825065,-0.366508818
2015/11/24,-0.004491882,0.513503863,1.031559404,-0.71513921
2015/11/25,0.009577659,0.619409877,0.807567363,-0.127108121
2015/11/26,0.008717517,0.504571045,0.502271633,-0.006886571
2015/11/27,-0.002816356,0.449531976,0.741913354,-0.433007283
2015/11/30,-0.002994212,0.381708119,0.773858943,0.041913968
2015/12/1,0.006204663,0.314876997,-0.157239564,1.71533811
2015/12/2,0.003944895,0.259242834,0.470810885,1.274978363
2015/12/3,-0.022989482,0.503973823,0.654773064,1.401649346
2015/12/4,-0.005867379,0.663120253,0.813946447,1.755620007
2015/12/7,-0.002370443,0.731964581,1.06589472,1.438645736
2015/12/8,-0.014289726,0.689094956,0.306498518,1.229506895
2015/12/9,-0.001392933,0.574314667,-0.03518457,0.836238167
2015/12/10,-0.006325171,0.52194915,0.031053232,0.982810933
2015/12/11,-0.022469496,0.541075254,0.002534861,1.207165868
2015/12/14,-0.01331229,0.644579226,0.343374667,0.689526213
2015/12/15,0.024174035,0.508594808,-0.719078724,0.872869203
2015/12/16,0.007186068,0.636825796,1.412932222,-0.348471793
2015/12/17,0.006798928,0.585424704,1.464801303,0.044807438
2015/12/18,-0.008246886,0.521531826,0.532182621,0.283912648
2015/12/21,-0.00290885,0.475465085,0.534394232,-0.180242964
2015/12/22,0.007965092,0.491406291,1.243422036,-0.618680792
2015/12/23,0.025622787,0.41116265,0.352615413,-0.083904185
2015/12/24,0.002186367,0.376013099,0.535641222,0.145872615
2015/12/29,0.009536073,0.426915954,0.987554462,0.018735803
2015/12/30,-0.006437583,0.427740389,1.12185701,0.393970874
2015/12/31,-0.005070171,0.573840984,1.165335463,0.204847033
2016/1/4,-0.024140767,0.367601725,0.595026166,0.545140138
2016/1/5,0.007163988,0.396813628,0.62317991,0.87564034
2016/1/6,-0.010459843,0.316278581,0.265494304,1.159413706
2016/1/7,-0.019838588,0.519357671,1.024803009,-0.259965292
2016/1/8,-0.007018093,0.674091687,0.9977721,-0.114147161
2016/1/11,-0.006892266,0.730297942,0.222901402,1.026620719
2016/1/12,0.009729703,0.741711024,0.208937038,1.026328105
2016/1/13,0.005337177,0.605920779,0.770108566,0.428714217
2016/1/14,-0.007195802,0.682228071,0.352225675,0.9719766
2016/1/15,-0.019472853,0.501057167,-1.398773165,1.287662707
2016/1/18,-0.004174723,0.59356177,2.292849252,0.736577374
2016/1/19,0.016622554,0.533345881,0.922362872,0.513534028
2016/1/20,-0.035192084,0.551553957,0.585738517,0.333981424
2016/1/21,0.017508399,0.650863843,0.363699912,0.926842469
2016/1/22,0.021625335,0.724321088,0.843125529,0.568772866
2016/1/25,-0.003907618,0.737758693,1.009292422,0.570855781
2016/1/26,0.005846412,0.60955276,0.480420207,1.278764999
2016/1/27,0.01326034,0.586919947,0.813461448,0.717254126
2016/1/28,-0.009828843,0.488958252,0.876855059,1.191334857
2016/1/29,0.02530352,0.567482353,1.327434847,-0.884224172
2016/2/1,-0.003901555,0.440573008,1.301654508,-1.586530122
2016/2/2,-0.023050383,0.401666294,0.620751543,0.0029005
2016/2/3,-0.014434967,0.338906261,0.680036798,-0.070232356
2016/2/4,0.010501208,0.263970587,1.007809079,-0.978007239
2016/2/5,-0.008632177,0.4180478,0.924526311,-0.273047226
2016/2/8,-0.027512219,0.351727511,0.825772917,-0.047084078
2016/2/9,-0.01009941,0.431236426,1.074841824,-0.095422945
2016/2/10,0.007096325,0.598399775,0.766613857,0.519713619
2016/2/11,-0.024147259,0.695742613,1.219435996,0.143177732
2016/2/12,0.0303512,0.68433111,-1.04920758,1.14245421
2016/2/15,0.020236767,0.704388876,1.518002372,1.143887924
2016/2/16,0.006484456,0.641315454,1.013277918,0.370027904
2016/2/17,0.028280235,0.501815015,-0.316028786,1.391980563
2016/2/18,-0.00972657,0.642737319,-0.073609992,1.639856129
2016/2/19,-0.003643633,0.735625946,0.680525431,0.834032016
2016/2/22,0.014598239,0.786793558,0.469571265,1.311907451
2016/2/23,-0.012570124,0.587122232,0.670724514,1.029915588
2016/2/24,-0.01608388,0.585284061,0.487468984,1.497757402
2016/2/25,0.024518084,0.543890314,0.585473703,1.838911015
2016/2/26,0.013742265,0.570221752,1.050020942,0.06418204
2016/2/29,0.000177149,0.551628175,0.965921795,-0.093269393
2016/3/1,0.009108657,0.521224145,0.92631224,-0.333683834
2016/3/2,-0.000946346,0.426292171,0.746201941,0.139390425
2016/3/3,-0.002704131,0.431853103,0.926499205,-1.055363946
2016/3/4,0.011187564,0.490797775,1.306600359,-1.076092574
2016/3/7,-0.002750807,0.520130823,1.191067814,-0.357325287
2016/3/8,-0.009255955,0.339838866,0.612731062,-0.163260624
2016/3/9,0.003402938,0.190902619,0.667766391,-0.504177869
2016/3/10,-0.017996024,0.358003749,0.661110143,0.061333792
2016/3/11,0.016933035,0.416957247,-0.058060507,0.172089208
2016/3/14,0.005648705,0.51906111,1.663568766,0.38282367
2016/3/15,-0.005619388,0.576021008,0.78485845,0.372458501
2016/3/16,0.005768375,0.548100165,0.952463935,0.076418939
2016/3/17,0.004141689,0.783111051,-0.860901782,1.775996487
2016/3/18,-0.001852994,0.917547617,0.336705038,1.029977263
2016/3/21,-0.000817829,0.832134689,0.585104358,1.133651085
2016/3/22,0.001318541,0.579680921,-0.211903734,2.506255655
2016/3/23,0.001028095,0.564551522,0.413348945,1.804944594
2016/3/24,-0.015055231,0.551485735,0.292601346,2.075551121
2016/3/29,-9.50E-05,0.567371361,0.676664,0.573194545
2016/3/30,0.015804935,0.499168704,0.98825747,0.006913
2016/3/31,-0.004567764,0.473249868,0.936930761,0.393478461
2016/4/1,-0.004683089,0.557955542,0.609891363,0.928876257
2016/4/4,0.003033119,0.600935589,0.801180617,0.365398705
2016/4/5,-0.011992686,0.697849676,1.081702827,0.110774362
2016/4/6,0.011491321,0.603233081,1.207260634,-0.442330573
2016/4/7,-0.004023254,0.449935443,1.24851143,-1.078299082
2016/4/8,0.01094223,0.282741542,0.920400595,-0.951720169
2016/4/11,-0.000691683,0.355116278,1.25918307,-1.176937142
2016/4/12,0.006794475,0.369264439,-0.153461607,0.20224942
2016/4/13,0.019119555,0.316523976,1.77171185,-0.295842546
2016/4/14,0.000347266,0.185720721,1.025439347,-0.746582498
2016/4/15,-0.003359867,0.282512933,0.332082462,0.106145393
2016/4/18,0.001538914,0.561346795,0.004349808,1.223318948
2016/4/19,0.008124589,0.662617576,0.69218301,0.616495858
2016/4/20,0.000766253,0.8178675,0.789053984,0.929832005
2016/4/21,-0.004506055,0.636010256,0.149103898,1.835282411
2016/4/22,-0.011188373,0.758280669,-0.457178956,2.549025825
2016/4/25,-0.007878266,0.688685634,-0.463910171,2.390361025
2016/4/26,0.003762328,0.705817085,1.112948423,0.493342209
2016/4/27,0.005615501,0.535276053,0.369408636,0.822012208
2016/4/28,0.000393915,0.509488716,0.397471352,0.783495192
2016/4/29,-0.012815862,0.496571626,0.611229926,0.675831963
2016/5/3,-0.009060628,0.697617202,0.860714086,0.589985468
2016/5/4,-0.011965069,0.769160402,1.175219839,0.440801145
2016/5/5,0.000855325,0.63953147,1.109075815,0.511187714
2016/5/6,0.001380386,0.616414218,0.505055914,0.679123343
2016/5/9,-0.001779338,0.478689053,1.105308537,-0.084938032
2016/5/10,0.006819101,0.570332041,1.403417442,-0.331587022
2016/5/11,0.000948118,0.361042798,0.342357586,-0.902879341
2016/5/12,-0.009505496,0.323533553,1.770454362,-0.737713929
2016/5/13,0.005604992,0.273125435,1.460939187,-1.484867607
2016/5/16,0.002099286,0.191547959,1.032935598,-1.597391929
2016/5/17,0.002657648,0.414006063,0.13651826,0.684695652
2016/5/18,-0.000319453,0.47871004,0.67360044,0.13752693
2016/5/19,-0.018406055,0.495884781,1.106543583,-0.274579736
2016/5/20,0.016867359,0.450616235,-0.129793284,2.005320055
2016/5/23,-0.003236057,0.519235259,0.11680128,1.933534738
2016/5/24,0.013407789,0.517270475,0.450795372,1.514666236
2016/5/25,0.006984424,0.659586365,0.436306598,0.839926104
2016/5/26,0.000446981,0.63129593,0.88467111,0.348992954
2016/5/27,0.00082001,0.653083027,-0.567481242,1.468374968
2016/5/31,-0.006399213,0.690288722,-0.186200086,1.46876404
2016/6/1,-0.006256299,0.776077732,1.468958476,0.272389582
2016/6/2,-0.001021205,0.896266663,0.66097338,1.101104258
2016/6/3,0.003875686,0.71342899,0.765429485,0.672658976
2016/6/6,0.01021716,0.575365208,0.538582131,0.494164759
2016/6/7,0.001772586,0.463905067,0.863034002,0.315085386
2016/6/8,0.002699816,0.577047819,1.72366826,-0.524757947
2016/6/9,-0.011111217,0.490387213,0.562909646,0.40193282
2016/6/10,-0.018810612,0.466930803,1.613750667,0.310955881
2016/6/13,-0.011642525,0.431527066,1.215903773,-0.161256256
2016/6/14,-0.020293966,0.388126983,1.122877279,-1.067723914
2016/6/15,0.007278215,0.423538968,0.642891951,-0.305806352
2016/6/16,-0.002738882,0.470262187,1.207302224,-0.72209687
2016/6/17,0.011796417,0.491058557,0.792747294,-0.362782638
2016/6/20,0.029925939,0.24883823,0.3831329,0.486185731
2016/6/21,0.003628162,0.385884932,0.183457389,1.606849349
2016/6/22,0.005547856,0.421523903,0.448496369,1.306401818
2016/6/23,0.012208776,0.452885607,0.719808614,0.121081306
2016/6/24,-0.031967675,0.377287679,-0.030790517,1.025166738
2016/6/27,-0.025822971,0.478101136,0.404538813,0.638794806
2016/6/28,0.026099865,0.557909347,0.026448813,1.297343973
2016/6/29,0.035149553,0.725111095,0.713813781,0.677091819
2016/6/30,0.022430298,0.790164032,0.619164358,0.699326251
2016/7/1,0.011236795,0.924756644,0.225290756,1.11698481
2016/7/4,-0.008483962,0.799506514,-0.135143976,1.252658703
2016/7/5,0.003536988,0.638009767,1.264012295,0.371916283
2016/7/6,-0.012573038,0.59688544,0.947363949,0.517166934
2016/7/7,0.010802282,0.515755368,0.297078045,0.27951005
2016/7/8,0.008663288,0.431332112,0.931564382,0.122655375
2016/7/11,0.013895579,0.367659743,0.789661098,0.097384431
2016/7/12,-0.000324764,0.439127751,1.177498424,-0.847918541
2016/7/13,-0.001541447,0.445598486,1.009759173,-0.246151987
2016/7/14,-0.002391019,0.572647842,1.157058983,-0.199232429
2016/7/15,0.002217101,0.519400082,1.057386099,-0.456831394
2016/7/18,0.0039178,0.347162754,0.431328365,0.188800871
2016/7/19,0.000291201,0.25776821,0.749555491,-0.303995449
2016/7/20,0.004710146,0.251752174,0.676833186,0.315463038
2016/7/21,-0.00433395,0.410846202,0.534440336,0.436989813
2016/7/22,0.004555355,0.282063514,0.393763128,0.166416669
2016/7/25,-0.003028139,0.463732253,0.445139771,0.726335415
2016/7/26,0.002069352,0.535168212,-0.175311408,1.605109561
2016/7/27,0.003918529,0.499028668,0.332938623,0.116672348
2016/7/28,-0.004360326,0.594227186,-0.150857559,1.158610899
2016/7/29,0.000501283,0.476606126,-0.843105698,1.10490155
2016/8/1,-0.00454303,0.557627383,-0.29807265,0.752710496
2016/8/2,-0.007279247,0.533706074,0.081562503,0.976392988
2016/8/3,-0.001656652,0.610742845,1.485997909,-0.104883056
2016/8/4,0.015815429,0.614531349,0.349912042,0.928732296
2016/8/5,0.007878193,0.575038455,1.159472881,0.255089768
2016/8/8,0.002302502,0.419330026,1.704177084,-0.671663745
2016/8/9,0.006174057,0.398866513,0.982735496,-0.519712242
2016/8/10,0.002204449,0.459358266,1.035624287,-0.010385737
2016/8/11,0.007008162,0.493470948,1.356117493,-0.446838843
2016/8/12,0.000189433,0.659757541,0.776974499,0.211439617
2016/8/15,0.00363277,0.410795772,0.580361337,-0.049946213
2016/8/16,-0.006833366,0.463382715,0.903202088,-0.382498525
2016/8/17,-0.005056336,0.410122574,0.830196109,0.095342672
2016/8/18,0.001429185,0.403797371,0.883439855,0.019049063
2016/8/19,-0.001458343,0.337487617,0.555929253,0.218985374
2016/8/22,-0.004443481,0.279718744,0.377050019,0.212367037
2016/8/23,0.00583631,0.198521314,-0.197556504,0.798344986
2016/8/24,-0.004776616,0.396070633,0.549535661,0.084559448
2016/8/25,-0.002765759,0.636739371,0.412403073,0.279132512
2016/8/26,0.00309778,0.812027916,-0.671529482,1.610276673
2016/8/30,-0.002527302,0.602309104,-0.82405564,1.237683159
2016/8/31,-0.00577551,0.331617425,0.640928334,-0.385527152
2016/9/1,-0.005254501,0.35608912,0.129895565,0.863744994
2016/9/2,0.021793207,0.396071775,0.185673197,0.879727138
2016/9/5,-0.00220415,0.308444472,0.446335351,0.570799635
2016/9/6,-0.007788171,0.423750524,1.279098118,-0.477199459
2016/9/7,0.003003082,0.476160717,1.689618652,-1.075920296
2016/9/8,0.001768662,0.615558218,1.515249747,-0.219616634
2016/9/9,-0.011990771,0.702237733,1.86661364,0.040173932
2016/9/12,-0.011285302,0.845390034,2.144187151,-0.232361103
2016/9/13,-0.005277373,0.510323762,0.755095947,0.221328595
2016/9/14,0.001151516,0.415111105,1.234564692,-0.198312114
2016/9/15,0.00850373,0.467075493,0.634059276,0.543071419
2016/9/16,-0.00297904,0.509197231,0.957791026,0.264307201
2016/9/19,0.015272598,0.314382887,0.73123262,0.056531395
2016/9/20,0.002527057,0.299531037,0.65120952,-0.083526378
2016/9/21,0.000582486,0.269027556,-0.024892605,0.624761376
2016/9/22,0.011149403,0.099343326,0.119709923,-0.114718772
2016/9/23,-0.000285077,0.337897451,-0.500130801,0.668496642
2016/9/26,-0.013315105,0.408718359,-0.743337783,0.933305738
2016/9/27,-0.001522123,0.46602476,-0.556023066,0.770302949
2016/9/28,0.00610822,0.500315778,0.557304668,0.365081602
2016/9/29,0.010173814,0.674587982,0.984613647,0.323498054
2016/9/30,-0.002907646,0.758340909,0.455378064,1.459982438
2016/10/3,0.012128782,0.555079559,0.700142811,1.019170948
2016/10/4,0.012921065,0.190167615,0.779916894,-0.438015968
2016/10/5,-0.00582525,0.249931033,0.96473031,-0.56688103
2016/10/6,-0.004744469,0.265801597,0.759597389,-0.503893405
2016/10/7,0.006327121,0.466771432,1.408507716,-0.414267758
2016/10/10,0.007511054,0.79657255,1.132930373,0.355450576
2016/10/11,-0.003757668,0.504658674,1.325289127,-0.401917947
2016/10/12,-0.006650662,0.542800271,1.034074567,0.165599906
2016/10/13,-0.006609198,0.608168629,1.402029043,0.466501678
2016/10/14,0.00511891,0.672323388,1.655801876,0.100338949
2016/10/17,-0.009454913,0.36559577,0.710024021,0.451970098
2016/10/18,0.007529641,0.352656731,1.163633201,-0.069692189
2016/10/19,0.003117964,0.31853059,0.136531267,0.685152801
2016/10/20,0.000708956,0.355341952,0.488716561,0.184628537
2016/10/21,-0.000915474,0.309311923,-0.290252188,0.313337066
2016/10/24,-0.004864765,0.315870884,-0.191408707,0.246489984
2016/10/25,0.004461577,0.270724911,-0.396789405,0.250977532
2016/10/26,-0.008521968,0.164305881,0.188904582,0.124688514
2016/10/27,0.004084723,0.343033374,0.179664698,0.751325037
2016/10/28,0.001385986,0.514596565,0.72594007,0.480362799
2016/10/31,-0.006027051,0.532202726,0.909345934,0.62659846
2016/11/1,-0.00534628,0.546852888,0.746418148,0.610897519
2016/11/2,-0.010422574,0.545346379,1.357670452,-0.033647812
2016/11/3,-0.008053766,0.658148535,1.318088266,0.090380653
2016/11/4,-0.014424999,0.606221824,0.737550146,0.473923586
2016/11/7,0.016835754,0.568575078,0.883033136,-0.092479126
2016/11/8,0.005308426,0.284976086,0.184672537,0.389430533
2016/11/9,0.009990654,0.214545917,1.016933816,-0.557067123
2016/11/10,-0.012207007,0.339228425,0.465164631,0.323744112
2016/11/11,-0.014389841,0.553800373,1.224037261,0.034713639
2016/11/14,0.00337447,0.430158314,0.90396902,0.104297688
2016/11/15,0.00584089,0.511200374,0.90253411,0.437836528
2016/11/16,-0.006353372,0.490843645,0.940638322,0.743584546
2016/11/17,0.006643346,0.456943186,1.48883002,-0.264396795
2016/11/18,-0.002791355,0.525890441,0.293870267,0.494655249
2016/11/21,0.000323158,0.387120142,0.141757438,0.283649631
2016/11/22,0.006142244,0.326805331,0.044562514,0.261229473
2016/11/23,-0.000294777,0.232552046,0.338384616,0.012481046
2016/11/24,0.001683898,0.326056004,0.549496086,0.245670495
2016/11/25,0.001689838,0.391541967,0.688830079,0.129998905
2016/11/28,-0.006052707,0.446509326,0.67538862,0.280279152
2016/11/29,-0.004048204,0.233529953,0.311991449,0.461767421
2016/11/30,0.001739479,0.418286109,0.880715546,0.23678797
2016/12/1,-0.004559458,0.491796529,1.276430438,0.209836195
2016/12/2,-0.003294363,0.61382879,1.180293588,0.239895893
2016/12/5,0.002390643,0.844236452,0.667976272,0.842534005
2016/12/6,0.004880738,0.504528904,0.902674929,0.002313046
2016/12/7,0.017891045,0.447390031,0.042235461,0.902088288
2016/12/8,0.004238906,0.327038755,0.00172038,0.798033156
2016/12/9,0.003263778,0.195910676,0.506110834,-0.552057661
2016/12/12,-0.00921519,0.09490198,0.178782339,0.123728238
2016/12/13,0.011277998,0.206052754,0.576134513,-0.05608979
2016/12/14,-0.002784933,0.231979378,0.435067892,0.2414084
2016/12/15,0.007143604,0.319770018,0.667627619,0.418414877
2016/12/16,0.001802915,0.463073909,0.305578445,0.66338269
2016/12/19,0.000786953,0.496144346,0.386714559,0.571547091
2016/12/20,0.003811934,0.324843568,0.544531466,0.099770321
2016/12/21,-0.000360658,0.374517845,1.034835307,-0.217828524
2016/12/22,0.003156308,0.476754952,0.769642769,0.118537258
2016/12/23,0.000635444,0.523575374,0.873805798,0.065137797
2016/12/28,0.005349149,0.423316146,0.651178447,0.135708206
2016/12/29,0.001993486,0.402882058,0.45968831,0.329260503
2016/12/30,0.003164815,0.317072544,0.758806684,-0.169547338
2017/1/3,0.004896412,0.220923559,0.566615939,0.080668909
2017/1/4,0.001649542,0.264324598,0.512521311,0.300801448
2017/1/5,0.000774415,0.267619835,0.346686148,-0.004056397
2017/1/6,0.002046461,0.283062705,-0.316520313,0.679461907
2017/1/9,0.003837262,0.231985376,0.090698499,0.487886285
2017/1/10,0.005195268,0.251383773,-0.324634743,0.920190734
2017/1/11,0.002062343,0.32284976,-0.171865081,1.055958868
2017/1/12,0.000257837,0.085315966,-0.224280222,0.326014944
2017/1/13,0.006211837,0.218982863,0.304432961,0.009010708
2017/1/16,-0.001456535,0.163323707,-0.046963178,0.326883113
2017/1/17,-0.014676315,0.085158502,0.553210963,-0.412686926
2017/1/18,0.003764176,0.220707238,0.188609377,0.092094113
2017/1/19,-0.005419198,0.323573139,0.185686153,0.540436753
2017/1/20,-0.001388226,0.305666352,0.296013957,0.154477994
2017/1/23,-0.006586958,0.262548045,0.527606102,0.122531657
2017/1/24,-0.00011747,0.329577989,0.976825024,-0.384271265
2017/1/25,0.001968597,0.296685003,0.841972478,-0.401482793
2017/1/26,-0.000410445,0.332227663,1.132395636,-0.439952597
2017/1/27,0.003206476,0.310029802,1.105896303,-0.678551381
2017/1/30,-0.009230316,0.452674869,1.65082212,-0.819651359
2017/1/31,-0.002719161,0.388260059,1.151586285,-0.147421852
2017/2/1,0.00119661,0.403826305,0.827908677,0.455533221
2017/2/2,0.004646144,0.434340972,0.457201655,0.636250158
2017/2/3,0.006636891,0.27631143,0.0749993,0.459985157
2017/2/6,-0.002249234,0.321524598,0.238167676,0.235321715
2017/2/7,0.001959833,0.331131209,0.075897378,0.686034147
2017/2/8,0.000361738,0.28413285,0.113611071,0.594743326
2017/2/9,0.005642836,0.202468465,-0.789524406,1.058578544
2017/2/10,0.00403776,0.279820364,-0.516689987,0.805930624
2017/2/13,0.002774862,0.274037789,-0.802611611,1.276432901
2017/2/14,-0.001424302,0.184063034,-0.284324127,0.915532696
2017/2/15,0.004646233,0.121830925,-0.104413834,0.606207895
2017/2/16,-0.003359324,0.166739506,-0.024116463,0.669017288
2017/2/17,0.003023762,0.092184077,0.041225571,0.253421437
2017/2/20,-1.37E-05,0.093826775,0.518912704,-0.209146834
2017/2/21,-0.003434725,0.208612185,0.623510283,-0.275312174
2017/2/22,0.003762075,0.237571793,0.815716459,-0.448761822
2017/2/23,-0.0042378,0.280566557,0.625305908,-0.396187052
2017/2/24,-0.003812594,0.276794365,0.852090061,-0.281736743
2017/2/27,0.001283051,0.299632178,1.67670258,-1.125669695
2017/2/28,0.001438369,0.26721015,2.002205715,-1.62836306
2017/3/1,0.01631297,0.333286191,1.854110384,-0.850012573
2017/3/2,-7.45E-05,0.444209909,1.261179819,-0.411855973
2017/3/3,-0.001096458,0.367424204,0.681441656,0.258508557
2017/3/6,-0.003278919,0.415470293,0.816588606,0.000281457
2017/3/7,-0.001515409,0.468606106,-0.118981886,0.886169588
2017/3/8,-0.000596991,0.57302302,-0.227915986,1.709017112
2017/3/9,-0.002682674,0.352597921,-0.531264303,1.359660172
2017/3/10,0.003836807,0.341367264,0.224563476,0.351916281
2017/3/13,0.003263054,0.314319096,-0.071453319,0.782322264
2017/3/14,-0.001253656,0.148150184,0.215199943,0.520785477
2017/3/15,0.001465387,0.32123803,-0.791437946,1.663655674
2017/3/16,0.006399929,0.174717735,-0.802025115,1.308024225
2017/3/17,0.001214211,0.019794608,-0.493443129,0.836742276
2017/3/20,0.000652989,0.150069186,-0.079366675,0.894195846
2017/3/21,-0.006951605,0.193816672,0.411650661,-0.113760733
2017/3/22,-0.007293752,0.177125143,0.55589837,-0.481775582
2017/3/23,0.002180639,0.152859835,0.41588072,-0.626676487
2017/3/24,-0.000530062,0.080170518,0.789526389,-0.754542673
2017/3/27,-0.005921966,0.243280226,1.475270653,-0.582934696
2017/3/28,0.006821134,0.189576607,1.445254759,-0.873167325
2017/3/29,0.004117654,0.301670471,1.706566254,-0.869544315
2017/3/30,-0.000569753,0.43771336,1.387370186,-0.391686814
2017/3/31,-0.00634342,0.304999999,1.166947059,-0.654124738
2017/4/3,-0.005508856,0.30476925,1.546332193,-1.021303781
2017/4/4,0.005358631,0.378334424,1.005205321,-0.467874606
2017/4/5,0.001345754,0.499589807,0.023963411,0.706882579
2017/4/6,-0.003892076,0.468539754,0.013621486,1.40530534
2017/4/7,0.006301987,0.488208923,0.1660863,0.934209379
2017/4/10,-5.85E-05,0.452328943,-0.279268967,1.501510031
2017/4/11,0.002250851,0.410764834,-0.32890508,1.675541052
2017/4/12,-0.002244047,0.397583956,-0.006041725,1.2576106
2017/4/13,-0.002916213,0.351149639,0.167889073,0.894760858
2017/4/18,-0.024884031,0.121701706,0.220604165,0.546842282
2017/4/19,-0.004647369,0.043149662,0.546604677,0.065799763
2017/4/20,0.000587372,0.19652189,-0.259931165,0.407237334
2017/4/21,-0.000560665,0.096294798,-0.462990951,0.165369768
2017/4/24,0.020882266,0.060076177,-0.383254488,0.383156976
2017/4/25,0.001507532,0.067576389,0.314292363,-0.221937195
2017/4/26,0.001796166,0.11189594,1.185254863,-0.932661933
2017/4/27,-0.007097702,0.175722415,1.163341534,-0.71109029
2017/4/28,-0.004602147,0.155754587,1.229989303,-0.64882669
2017/5/2,0.006380267,0.248283604,0.984254685,-0.747095778
2017/5/3,-0.002142969,0.232830443,1.057093977,-0.247511856
2017/5/4,0.00187397,0.305998395,1.116128744,-0.191314718
2017/5/5,0.006782866,0.354862586,0.680736435,-0.071811467
2017/5/8,0.000469918,0.447070607,0.418955136,0.52393421
2017/5/9,0.005647738,0.356604505,0.301755545,0.162104154
2017/5/10,0.005843527,0.435258505,1.049480539,-0.235000988
2017/5/11,0.000188196,0.381605929,0.624320268,0.679902265
2017/5/12,0.006579424,0.310613092,0.318720729,0.617683539
2017/5/15,0.002549404,0.436210438,0.30195279,1.38046576
2017/5/16,0.009035611,0.509066211,-0.181447966,1.581715243
2017/5/17,-0.002470468,0.443051571,-0.493192617,1.714792684
2017/5/18,-0.00897603,0.356836436,0.007383409,1.323228369
2017/5/19,0.004600491,0.247618481,0.348785917,0.083001169
2017/5/22,0.00342486,0.156955952,0.349488042,-0.135780232
2017/5/23,-0.00147514,0.200888384,0.566570726,-0.252983135
2017/5/24,0.003947955,-0.08739412,0.570472844,-0.937051106
2017/5/25,0.000373854,-0.046643099,0.833238861,-0.907880596
2017/5/26,0.003972036,-0.025838488,0.13624183,-0.14969492
2017/5/30,-0.002802152,0.097348872,0.072526528,0.478429052
2017/5/31,-0.000871966,0.305139764,0.292331392,0.164743021
2017/6/1,0.003162568,0.234160212,0.496937289,-0.290206063
2017/6/2,0.00051155,0.354201288,1.495884745,-0.307513022
2017/6/5,-0.002901804,0.336816401,0.545997703,0.133945887
2017/6/6,-0.000107636,0.261529329,0.037374059,0.452336072
2017/6/7,-0.006175883,0.289564085,0.708218917,0.298706144
2017/6/8,-0.003836935,0.402768028,0.525136005,0.428550527
2017/6/9,0.010329049,0.465702354,0.517837373,0.899957589
2017/6/12,-0.002055961,0.429373826,0.219836205,0.956053395
2017/6/13,-0.001522751,0.382191955,0.569938847,0.203562107
2017/6/14,-0.003477837,0.308284988,0.403750725,0.357711574
2017/6/15,-0.007391048,0.320516861,0.615518914,0.469759514
2017/6/16,0.005937032,0.408994433,0.640328342,0.324026197
2017/6/19,0.008042826,0.489784086,0.946738892,0.242222914
2017/6/20,-0.006814941,0.40957698,0.662821689,0.245971663
2017/6/21,-0.003340374,0.389977148,0.512840766,0.473865997
2017/6/22,-0.00114193,0.35033939,0.432121062,0.380522876
2017/6/23,-0.002039908,0.209805636,0.711363768,-0.032387496
2017/6/26,0.003048904,0.095026207,0.639924526,-0.291107129
2017/6/27,-0.001671913,0.043354766,0.709205163,-0.334047859
2017/6/28,-0.006282506,0.035927957,-0.037071101,0.113780517
2017/6/29,-0.005086141,0.153909524,0.320127158,0.068333215
2017/6/30,-0.005128552,0.201960424,0.09662946,0.312649383
2017/7/3,0.008763954,0.261057265,0.138080625,0.484158674
2017/7/4,-0.002695749,0.202833775,-0.265853072,0.454419367
2017/7/5,0.001408505,0.194635095,-0.222943827,0.44141295
2017/7/6,-0.004123807,0.284075479,0.234226766,0.316620566
2017/7/7,0.001857274,0.185459932,-0.096397761,0.472604577
2017/7/10,0.002596301,0.298113377,-0.20579731,0.880572701
2017/7/11,-0.005479004,0.363644609,0.284656485,0.760346154
2017/7/12,0.011822452,0.416535897,0.358831447,0.558904895
2017/7/13,-0.000470656,0.471069248,0.217852067,0.780431284
2017/7/14,-0.004739111,0.597944725,0.494751187,0.753652046
2017/7/17,0.003482495,0.608889672,0.79597701,0.306001489
2017/7/18,-0.001880448,0.310804002,0.523592588,-0.041367166
2017/7/19,0.005490823,0.287436672,0.696673998,-0.146516501
2017/7/20,0.00763605,0.282018001,0.585356556,-0.099719384
2017/7/21,-0.004679818,0.454523168,0.930586091,0.046103906
2017/7/24,-0.010138557,0.27057358,0.651275844,-0.111218998
2017/7/25,0.007708367,0.257301104,0.502510435,-0.003919174
2017/7/26,0.002351024,0.205039459,0.46601309,-0.088921788
2017/7/27,-0.001250056,0.142915168,0.242922568,-0.234108546
2017/7/28,-0.010078822,0.052000619,0.18210899,-0.085244188
2017/7/31,0.000492525,0.003154698,0.209501928,-0.169763808
2017/8/1,0.006983157,-0.045415939,0.11482521,-0.113668767
2017/8/2,-0.001648794,0.108297968,-0.062649318,0.350381393
2017/8/3,0.008509946,0.284940839,0.039993261,0.500443254
2017/8/4,0.004929787,0.328666877,-0.095629851,0.7561308
2017/8/7,0.002689508,0.427267899,-0.012817135,0.993664594
2017/8/8,0.001431541,0.435216899,0.051650917,0.893968259
2017/8/9,-0.005939865,0.36195007,0.478101142,0.419177611
2017/8/10,-0.014524705,0.202553509,0.021770939,0.443338897
2017/8/11,-0.010881814,0.265250347,0.11282681,0.46722027
2017/8/14,0.005991623,0.408510425,0.371138297,0.5230978
2017/8/15,0.004065758,0.460362337,0.505778296,0.397352249
2017/8/16,0.006638399,0.506291878,0.589366503,0.454851514
2017/8/17,-0.006094116,0.421874731,0.630284079,0.233622056
2017/8/18,-0.00868557,0.37077319,0.76552412,-0.04492989
2017/8/21,-0.000696585,0.152334226,0.586887398,-0.344740778
2017/8/22,0.008552072,0.174889661,0.521243534,-0.244464749
2017/8/23,0.00012327,0.204466971,0.504870281,-0.240718662
2017/8/24,0.003300947,0.305018954,0.638957795,0.005042259
2017/8/25,-0.000756321,0.265248955,0.311606783,0.121248481
2017/8/29,-0.008688633,0.252958228,0.304070242,0.131866075
2017/8/30,0.003785706,0.148254965,0.086383833,0.093429495
2017/8/31,0.008834949,0.102811303,0.195033014,0.006580161
2017/9/1,0.001059915,0.10939312,0.196992215,0.089503327
2017/9/4,-0.003640415,0.044299979,0.046469954,0.045891705
2017/9/5,-0.005214972,0.111976546,0.031076834,0.243589256
2017/9/6,-0.002551768,0.271749706,0.45170795,0.291827767
2017/9/7,0.005809749,0.393152803,0.234811128,0.576754863
2017/9/8,-0.002623426,0.425016182,0.078499758,0.926147729
2017/9/11,0.00486642,0.442669696,0.128682853,0.79188215
2017/9/12,-0.001741563,0.268722069,0.076844082,0.376703228
2017/9/13,-0.002840252,0.298949027,0.364797422,0.215603715
2017/9/14,-0.011490346,0.319121698,0.181630379,0.374867017
2017/9/15,-0.01101531,0.262368128,0.08370081,0.511301352
2017/9/18,0.005226448,0.370658746,0.448745488,0.363300852
2017/9/19,0.003024396,0.302202253,0.590104448,0.120118447
2017/9/20,-0.000453696,0.355694005,0.721988418,0.109185544
2017/9/21,-0.001107606,0.295814917,0.613078119,0.053283062
2017/9/22,0.006413947,0.285030529,0.425370371,0.249132482
2017/9/25,-0.001279776,0.202606533,0.272197207,0.196895204
2017/9/26,-0.002132032,0.205328457,0.358929919,0.075036092
2017/9/27,0.00380431,0.164264908,0.381334621,-0.097414949
2017/9/28,0.001272177,0.381989484,0.616369501,0.237014884
2017/9/29,0.006796628,0.443414278,0.62807195,0.386700443
2017/10/2,0.008922795,0.336106529,0.237268823,0.400531652
2017/10/3,0.003927032,0.280641927,0.119015477,0.262777856
2017/10/4,-7.10E-05,0.106222533,0.101775439,-0.197841656
2017/10/5,0.005396803,0.072833017,0.071744773,0.132806041
2017/10/6,0.001979927,0.090146478,-0.23186177,0.501290024
2017/10/9,-0.001993247,0.214598718,0.014272603,0.560425715
2017/10/10,0.004038245,0.26773184,0.311459185,0.292453957
2017/10/11,-0.000591823,0.352967549,0.334046494,0.385933831
2017/10/12,0.002972822,0.483312562,0.293726203,0.736346075
2017/10/13,-0.002756487,0.517863173,0.335901572,0.672848009
2017/10/16,-0.001124654,0.370430823,0.00724793,0.798487294
2017/10/17,-0.001435871,0.162829434,0.10667691,0.17316095
2017/10/18,0.003546046,0.138265686,0.254755655,0.034940545
2017/10/19,-0.002632435,0.214732737,0.402360617,-0.059183387
2017/10/20,2.53E-05,0.296859429,0.351270142,0.414474478
2017/10/23,0.000162151,0.342168594,0.59976957,0.135598425
2017/10/24,0.000277723,0.331792745,0.604254332,0.153942507
2017/10/25,-0.010595975,0.253919795,0.197431416,0.401950482
2017/10/26,0.005261933,0.385359161,0.472462209,0.443220332
2017/10/27,0.002472064,0.386329365,0.510168851,0.574962862
2017/10/30,-0.002297097,0.326775748,0.424904119,0.938728722
2017/10/31,0.000703563,0.311183644,0.243619399,0.320744275
2017/11/1,-0.000683531,0.387720869,0.667097313,0.060547606
2017/11/2,0.008955554,0.475927765,0.825991989,-0.029204517
2017/11/3,0.000665535,0.39374072,0.426178406,0.374810828
2017/11/6,0.000255247,0.35780663,0.164344837,0.454425615
2017/11/7,-0.006523237,0.109877499,0.011289039,-0.087776264
2017/11/8,0.002208362,-0.010114683,0.064997257,-0.034671182
2017/11/9,-0.006077086,0.020429278,0.077448245,0.004943596
2017/11/10,-0.00685257,0.161043042,0.03926255,0.291656083
2017/11/13,-0.00239895,0.404133854,0.155700007,0.690458329
2017/11/14,-0.000102498,0.298387867,-0.12233179,0.545335088
2017/11/15,-0.005654971,0.317218719,0.208471937,0.361477671
2017/11/16,0.001941794,0.391447648,0.285200212,0.484370097
2017/11/17,-0.000847801,0.342597719,0.034920952,0.669098315
2017/11/20,0.001188885,0.215355296,0.142315641,0.362664423
2017/11/21,0.002956599,0.206270375,0.147654898,0.326624773
2017/11/22,0.001035713,0.246473046,0.346191614,0.246006994
2017/11/23,-0.000239953,0.433835803,0.606221816,0.386516199
2017/11/24,-0.001025165,0.524763617,0.858913868,0.283862103
2017/11/27,-0.003479901,0.501106925,0.584049982,0.589523512
2017/11/28,0.010340587,0.573686597,0.657649268,0.863349435
2017/11/29,-0.009033191,0.46263463,0.566487153,0.408508953
2017/11/30,-0.009088236,0.383686083,0.675720614,0.090711895
