Date,log_returns,Hurst
2011/2/1,0.01238771,0.463053717
2011/2/2,0.000150319,0.454883205
2011/2/3,0.001683522,0.45271873
2011/2/4,0.002474912,0.45223058
2011/2/7,0.005729432,0.462266165
2011/2/8,0.005863566,0.473755299
2011/2/9,0.00055081,0.467431769
2011/2/10,-0.000866396,0.468405359
2011/2/11,0.003589018,0.468342077
2011/2/14,-0.000413179,0.467953916
2011/2/15,-0.003392556,0.459631634
2011/2/16,0.005019833,0.460351486
2011/2/17,0.002435962,0.454298941
2011/2/18,0.005917606,0.45248255
2011/2/22,-0.014506815,0.460145749
2011/2/23,-0.008800739,0.460041391
2011/2/24,-0.003084272,0.44784843
2011/2/25,0.005120068,0.453959602
2011/2/28,0.00787382,0.46162378
2011/3/1,-0.013862642,0.473082209
2011/3/2,0.000727881,0.471884089
2011/3/3,0.015737221,0.468834178
2011/3/4,-0.007231054,0.476159179
2011/3/7,-0.006582901,0.481241383
2011/3/8,0.0102328,0.475787554
2011/3/9,-0.000105619,0.479530323
2011/3/10,-0.018885001,0.485136522
2011/3/11,0.004976495,0.485440421
2011/3/14,-0.004263334,0.487034618
2011/3/15,-0.01155134,0.50644458
2011/3/16,-0.020634154,0.517068985
2011/3/17,0.013792827,0.514381039
2011/3/18,0.007102777,0.511924462
2011/3/21,0.014899596,0.508010012
2011/3/22,-0.001488246,0.497840966
2011/3/23,0.005591467,0.494948154
2011/3/24,0.006970508,0.476872912
2011/3/25,0.004102313,0.466544507
2011/3/28,-0.001860068,0.464832793
2011/3/29,0.006629134,0.466052593
2011/3/30,0.005814154,0.462734603
2011/3/31,-0.002503412,0.465333036
2011/4/1,0.004615246,0.464409675
2011/4/4,0.001881603,0.466276961
2011/4/5,-0.000494476,0.468025385
2011/4/6,0.002646991,0.465278599
2011/4/7,-0.001389905,0.448212571
2011/4/8,-0.002375196,0.446756743
2011/4/11,8.56E-05,0.439486504
2011/4/12,-0.00953803,0.433560442
2011/4/13,0.000604046,0.427855762
2011/4/14,0.001153276,0.417915937
2011/4/15,0.00460309,0.421231428
2011/4/18,-0.011428035,0.422421913
2011/4/19,0.005326079,0.422467343
2011/4/20,0.01511257,0.430389709
2011/4/21,0.00420281,0.434642261
2011/4/25,-0.002089982,0.445322162
2011/4/26,0.009211539,0.445483408
2011/4/27,0.007560643,0.451038145
2011/4/28,0.00568472,0.437487201
2011/4/29,0.003693621,0.428886061
2011/5/2,-0.000248264,0.435683875
2011/5/3,1.17E-05,0.442415996
2011/5/4,-0.006574753,0.437800833
2011/5/5,-0.01101729,0.429321642
2011/5/6,0.004327025,0.418429698
2011/5/9,0.003628266,0.416623438
2011/5/10,0.005948525,0.414117816
2011/5/11,-0.010266179,0.430234406
2011/5/12,0.00520337,0.441431865
2011/5/13,-0.007921227,0.435212137
2011/5/16,-0.003768679,0.430665459
2011/5/17,-0.005497068,0.447072461
2011/5/18,0.006437784,0.456692112
2011/5/19,0.003587455,0.450905515
2011/5/20,-0.007427566,0.443487647
2011/5/23,-0.010507342,0.458845022
2011/5/24,-0.002025268,0.462586355
2011/5/25,0.003106964,0.474022645
2011/5/26,0.000653294,0.479826061
2011/5/27,0.00312506,0.477816351
2011/5/31,0.010252227,0.471657352
2011/6/1,-0.022499001,0.485843255
2011/6/2,-0.003389752,0.482601093
2011/6/3,-0.007974695,0.478861621
2011/6/6,-0.005057512,0.470963612
2011/6/7,-0.001585215,0.480572986
2011/6/8,-0.001813452,0.484758163
2011/6/9,0.006239963,0.487386744
2011/6/10,-0.014325554,0.475489758
2011/6/13,8.87E-05,0.465590813
2011/6/14,0.010249338,0.465138474
2011/6/15,-0.014920159,0.477435655
2011/6/16,0.005385869,0.478521499
2011/6/17,0.003575086,0.480033055
2011/6/20,0.006312732,0.461740006
2011/6/21,0.009034115,0.442663533
2011/6/22,-0.006612457,0.433079252
2011/6/23,-0.004939647,0.434344021
2011/6/24,-0.009624591,0.417409617
2011/6/27,0.009090009,0.411770873
2011/6/28,0.011978395,0.413895877
2011/6/29,0.005949275,0.42925751
2011/6/30,0.012394508,0.448487376
2011/7/1,0.013476162,0.466102467
2011/7/5,-0.001025737,0.469723048
2011/7/6,0.004457084,0.488409605
2011/7/7,0.007375699,0.499520501
2011/7/8,-0.00490924,0.513790186
2011/7/11,-0.012036885,0.503364941
2011/7/12,-0.004719349,0.486740774
2011/7/13,0.00358723,0.486596438
2011/7/14,-0.00437167,0.489832956
2011/7/15,0.003420179,0.487195778
2011/7/18,-0.007606746,0.490274317
2011/7/19,0.016198921,0.485979286
2011/7/20,-0.001232942,0.497554522
2011/7/21,0.012057236,0.507970542
2011/7/22,-0.003404768,0.514658216
2011/7/25,-0.006992205,0.492284418
2011/7/26,-0.007292583,0.478756584
2011/7/27,-0.016026081,0.47722381
2011/7/28,-0.005088294,0.488934776
2011/7/29,-0.007945628,0.488110105
2011/8/1,-0.000885658,0.494620724
2011/8/2,-0.022157561,0.494713814
2011/8/3,0.002509779,0.509727795
2011/8/4,-0.044058445,0.536194216
2011/8/5,0.005338126,0.561145409
2011/8/8,-0.057061121,0.574891699
2011/8/9,0.039000626,0.589431605
2011/8/10,-0.047352823,0.605952032
2011/8/11,0.038733759,0.621863173
2011/8/12,0.01121805,0.614209205
2011/8/15,0.018801604,0.586872622
2011/8/16,-0.006725577,0.560749794
2011/8/17,0.000375173,0.562537385
2011/8/18,-0.037470026,0.556709218
2011/8/19,-0.015859483,0.559524821
2011/8/22,0.0034145,0.547390431
2011/8/23,0.029243063,0.54069949
2011/8/24,0.012797169,0.529744678
2011/8/25,-0.015210437,0.548252327
2011/8/26,0.012010293,0.537435108
2011/8/29,0.02232062,0.538839217
2011/8/30,0.00179227,0.525157447
2011/8/31,0.00462426,0.545892065
2011/9/1,-0.010383049,0.561351851
2011/9/2,-0.022285773,0.572989144
2011/9/6,-0.00902258,0.554908044
2011/9/7,0.024436619,0.559594517
2011/9/8,-0.010484155,0.557746648
2011/9/9,-0.027252298,0.571974068
2011/9/12,0.006256695,0.564562747
2011/9/13,0.00403574,0.573248816
2011/9/14,0.012605423,0.558779197
2011/9/15,0.016442235,0.568843017
2011/9/16,0.006617504,0.563422391
2011/9/19,-0.00943521,0.571832448
2011/9/20,0.000670768,0.563986694
2011/9/21,-0.02519227,0.566037715
2011/9/22,-0.03578001,0.556419982
2011/9/23,0.003501464,0.567487487
2011/9/26,0.024972717,0.5627171
2011/9/27,0.013207565,0.558570445
2011/9/28,-0.016196491,0.53692814
2011/9/29,0.012910694,0.550567192
2011/9/30,-0.021806826,0.540064562
2011/10/3,-0.023932138,0.545633779
2011/10/4,0.01429487,0.530755947
2011/10/5,0.012068936,0.526083905
2011/10/6,0.016623478,0.521271024
2011/10/7,-0.001818555,0.5433839
2011/10/10,0.029293504,0.536183651
2011/10/11,-0.001477496,0.546989761
2011/10/12,0.008942665,0.543191996
2011/10/13,-0.003541338,0.561909281
2011/10/14,0.014389621,0.571506479
2011/10/17,-0.021482944,0.585355954
2011/10/18,0.015674527,0.576113785
2011/10/19,-0.006275996,0.57834322
2011/10/20,0.003224801,0.570696736
2011/10/21,0.022870674,0.582160263
2011/10/24,0.008838114,0.584992573
2011/10/25,-0.01752779,0.587791074
2011/10/26,0.013778835,0.571847606
2011/10/27,0.028203197,0.57872465
2011/10/28,0.00184618,0.574088399
2011/10/31,-0.022832269,0.577148975
2011/11/1,-0.025161229,0.56089348
2011/11/2,0.015159906,0.565221499
2011/11/3,0.017456519,0.57297952
2011/11/4,-0.005096627,0.587110315
2011/11/7,0.007080631,0.585023084
2011/11/8,0.00839906,0.589857468
2011/11/9,-0.032505726,0.580148527
2011/11/10,0.009533444,0.580061734
2011/11/11,0.021615589,0.568549279
2011/11/14,-0.006165253,0.567794196
2011/11/15,0.001421295,0.563208305
2011/11/16,-0.015880009,0.562416765
2011/11/17,-0.011392096,0.554167648
2011/11/18,0.002158113,0.575444988
2011/11/21,-0.021321545,0.582168762
2011/11/22,-0.00465171,0.589969155
2011/11/23,-0.020761785,0.589321427
2011/11/25,-0.002291754,0.610116102
2011/11/28,0.025598646,0.612319252
2011/11/29,0.002826858,0.601547237
2011/11/30,0.041533325,0.566503791
2011/12/1,-0.002131664,0.551110481
2011/12/2,-5.07E-05,0.547178338
2011/12/5,0.006502423,0.557558446
2011/12/6,0.004313772,0.555101031
2011/12/7,0.003798497,0.560217859
2011/12/8,-0.016423402,0.558386228
2011/12/9,0.01542999,0.573038383
2011/12/12,-0.013457392,0.572974322
2011/12/13,-0.005542981,0.570286635
2011/12/14,-0.011057197,0.562015269
2011/12/15,0.003826566,0.559412744
2011/12/16,-0.000203917,0.552180851
2011/12/19,-0.008473921,0.562524628
2011/12/20,0.028265163,0.554859643
2011/12/21,0.000343641,0.558236373
2011/12/22,0.00510023,0.545497087
2011/12/23,0.010166191,0.561636782
2011/12/27,-0.000215576,0.571412902
2011/12/28,-0.011450551,0.587799292
2011/12/29,0.011099836,0.575877691
2011/12/30,-0.005670787,0.568997375
2012/1/3,0.014610899,0.55828609
2012/1/4,0.001695694,0.57393468
2012/1/5,-0.000219053,0.568085144
2012/1/6,-0.004502821,0.570446941
2012/1/9,0.002647803,0.568673091
2012/1/10,0.005614945,0.58327912
2012/1/11,-0.001045283,0.576275319
2012/1/12,0.001731107,0.588996222
2012/1/13,-0.003933628,0.577923648
2012/1/17,0.00481929,0.573154306
2012/1/18,0.007731567,0.558449495
2012/1/19,0.003573398,0.571664817
2012/1/20,0.007615113,0.574416134
2012/1/23,-0.000917052,0.579539935
2012/1/24,-0.002605521,0.564681135
2012/1/25,0.006386286,0.576249751
2012/1/26,-0.001751951,0.575961506
2012/1/27,-0.005841303,0.574651506
2012/1/30,-0.000532508,0.562198795
2012/1/31,-0.001645929,0.572737263
2012/2/1,0.006591904,0.575110831
2012/2/2,-0.00086933,0.594455135
2012/2/3,0.012267223,0.578826699
2012/2/6,-0.001330359,0.583844007
2012/2/7,0.002571208,0.569286578
2012/2/8,0.000446391,0.57778142
2012/2/9,0.000505152,0.570922019
2012/2/10,-0.006946243,0.575005265
2012/2/13,0.005671621,0.560220758
2012/2/14,0.000329291,0.559239021
2012/2/15,-0.00758639,0.553155219
2012/2/16,0.009587759,0.56264775
2012/2/17,0.003542209,0.555735194
2012/2/21,0.001220888,0.554131343
2012/2/22,-0.002086136,0.54406178
2012/2/23,0.003550469,0.552814524
2012/2/24,-0.000134013,0.557865476
2012/2/27,-0.000110921,0.574757993
2012/2/28,0.001817089,0.556072352
2012/2/29,-0.004087505,0.558416905
2012/3/1,0.002177203,0.557193551
2012/3/2,-0.000210341,0.575896643
2012/3/5,-0.001137994,0.563213272
2012/3/6,-0.015835827,0.559281043
2012/3/7,0.006108671,0.547599575
2012/3/8,0.005485293,0.557139508
2012/3/9,0.001090207,0.552201681
2012/3/12,0.002912481,0.546156756
2012/3/13,0.016679175,0.532355534
2012/3/14,0.001245271,0.534550707
2012/3/15,0.004436073,0.527237949
2012/3/16,-0.001520839,0.553167237
2012/3/19,0.000491845,0.558175347
2012/3/20,-0.005220896,0.557996036
2012/3/21,-0.003466087,0.541854173
2012/3/22,-0.005997551,0.548364664
2012/3/23,0.00264785,0.548580588
2012/3/26,0.0122255,0.542251281
2012/3/27,-0.00332081,0.526863232
2012/3/28,-0.00543385,0.522328265
2012/3/29,0.001492843,0.526567951
2012/3/30,0.005024698,0.54377157
2012/4/2,0.003962005,0.551270303
2012/4/3,-0.004907802,0.56089855
2012/4/4,-0.009499849,0.554547079
2012/4/5,-0.001118046,0.564357947
2012/4/9,-0.01004636,0.561847173
2012/4/10,-0.016662945,0.56528985
2012/4/11,0.007010638,0.55571914
2012/4/12,0.014050341,0.550108178
2012/4/13,-0.010604612,0.548485521
2012/4/16,0.005573721,0.562807993
2012/4/17,0.014912161,0.561473776
2012/4/18,-0.006332366,0.560695034
2012/4/19,-0.005281421,0.540823155
2012/4/20,0.005013599,0.538890533
2012/4/23,-0.0078663,0.531469936
2012/4/24,0.005738052,0.529207894
2012/4/25,0.006834232,0.511543911
2012/4/26,0.008663186,0.510876732
2012/4/27,0.001792462,0.511275168
2012/4/30,-0.001110357,0.528867358
2012/5/1,0.004959065,0.527419006
2012/5/2,-0.000809857,0.518320961
2012/5/3,-0.004682133,0.51149747
2012/5/4,-0.012827068,0.515681696
2012/5/7,-0.002283583,0.509916835
2012/5/8,-0.005893477,0.516473285
2012/5/9,-0.00753133,0.509062183
2012/5/10,0.001555463,0.51676455
2012/5/11,-0.0026827,0.514084204
2012/5/14,-0.009817468,0.528152109
2012/5/15,-0.005002508,0.537570276
2012/5/16,-0.002651549,0.552590899
2012/5/17,-0.0124645,0.544813353
2012/5/18,-0.005893164,0.554524066
2012/5/21,0.010862916,0.555508227
2012/5/22,-0.000133561,0.559572053
2012/5/23,-0.000532822,0.536158338
2012/5/24,0.00268522,0.523749853
2012/5/25,-0.005997317,0.510693366
2012/5/29,0.010054599,0.512967483
2012/5/30,-0.012866294,0.503378889
2012/5/31,-0.002128697,0.51038759
2012/6/1,-0.02242912,0.499383184
2012/6/4,-0.00141288,0.508197962
2012/6/5,0.0021866,0.512829144
2012/6/6,0.023375798,0.517830272
2012/6/7,0.003712053,0.502839582
2012/6/8,0.007454714,0.50602899
2012/6/11,-0.011453563,0.503671778
2012/6/12,0.013013576,0.528054816
2012/6/13,-0.006176282,0.530411376
2012/6/14,0.01236919,0.53470103
2012/6/15,0.00906884,0.524314251
2012/6/18,-0.001987535,0.539688189
2012/6/19,0.007467836,0.554301796
2012/6/20,-0.001008506,0.566449966
2012/6/21,-0.019751835,0.546889126
2012/6/22,0.005331104,0.541620193
2012/6/25,-0.010986674,0.526364991
2012/6/26,0.002556983,0.536609853
2012/6/27,0.007339765,0.522498551
2012/6/28,-0.001962007,0.516042915
2012/6/29,0.021806545,0.487938286
2012/7/2,-0.000675689,0.489085817
2012/7/3,0.005611435,0.478579934
2012/7/5,-0.003649316,0.474450021
2012/7/6,-0.009677065,0.46632683
2012/7/9,-0.002836674,0.468163253
2012/7/10,-0.006551574,0.449080614
2012/7/11,-0.003847552,0.451618578
2012/7/12,-0.002483141,0.44276703
2012/7/13,0.016080592,0.443691166
2012/7/16,-0.003911502,0.424293169
2012/7/17,0.006135669,0.434228242
2012/7/18,0.008023613,0.436655681
2012/7/19,0.002681413,0.4564094
2012/7/20,-0.009376016,0.453483586
2012/7/23,-0.007916568,0.468590396
2012/7/24,-0.008219858,0.466431665
2012/7/25,0.004643913,0.474279295
2012/7/26,0.016576828,0.467049517
2012/7/27,0.014461272,0.440897297
2012/7/30,-0.000202687,0.401574368
2012/7/31,-0.004932973,0.383188692
2012/8/1,-0.002896105,0.362164498
2012/8/2,-0.007131962,0.352849535
2012/8/3,0.016731061,0.337571434
2012/8/6,0.001628158,0.33306031
2012/8/7,0.003887229,0.332637836
2012/8/8,0.000534462,0.351735297
2012/8/9,-0.000793445,0.358585404
2012/8/10,0.003242696,0.368436315
2012/8/13,-0.002920686,0.356285627
2012/8/14,0.000205758,0.357899206
2012/8/15,-0.000558911,0.359529518
2012/8/16,0.006460772,0.367040754
2012/8/17,0.001891779,0.365436044
2012/8/20,-0.000268205,0.36884724
2012/8/21,-0.005141423,0.356835084
2012/8/22,-0.002336944,0.368460946
2012/8/23,-0.008791443,0.372575948
2012/8/24,0.007668041,0.377002784
2012/8/27,-0.002533993,0.371247772
2012/8/28,-0.001653217,0.376249307
2012/8/29,0.000342611,0.386494011
2012/8/30,-0.008179088,0.409383649
2012/8/31,0.006908778,0.406859269
2012/9/4,-0.004202591,0.40696381
2012/9/5,0.000884853,0.398115958
2012/9/6,0.018567339,0.390860312
2012/9/7,0.001100808,0.388495295
2012/9/10,-0.003941885,0.388505811
2012/9/11,0.005197612,0.368394881
2012/9/12,0.00074953,0.364046136
2012/9/13,0.015369512,0.359718392
2012/9/14,0.003944246,0.378739346
2012/9/17,-0.00296687,0.372888975
2012/9/18,0.000851103,0.369653334
2012/9/19,0.000981483,0.366448729
2012/9/20,0.001396142,0.382680233
2012/9/21,-0.001284939,0.382619744
2012/9/24,-0.00151446,0.383663546
2012/9/25,-0.007504346,0.366854491
2012/9/26,-0.003277879,0.368327409
2012/9/27,0.005387478,0.376416256
2012/9/28,-0.003628115,0.373369853
2012/10/1,0.005786548,0.366408398
2012/10/2,-0.002426154,0.375283154
2012/10/3,0.000908182,0.377482878
2012/10/4,0.005966038,0.398752754
2012/10/5,0.002559453,0.402697181
2012/10/8,-0.001948974,0.399193437
2012/10/9,-0.008139844,0.38409766
2012/10/10,-0.009587485,0.378974159
2012/10/11,-0.001393255,0.378047424
2012/10/12,0.000184579,0.385194935
2012/10/15,0.007130424,0.374783914
2012/10/16,0.009456621,0.367442353
2012/10/17,0.000385115,0.35835242
2012/10/18,-0.000594704,0.366444902
2012/10/19,-0.015278191,0.3705871
2012/10/22,0.000178348,0.372573425
2012/10/23,-0.018403131,0.351231004
2012/10/24,-0.00192438,0.361425749
2012/10/25,0.002012145,0.372847903
2012/10/26,0.000269354,0.388729676
2012/10/31,-0.000820496,0.384645773
2012/11/1,0.010343029,0.37971358
2012/11/2,-0.010595037,0.376677739
2012/11/5,0.001471441,0.383142238
2012/11/6,0.010110064,0.379855868
2012/11/7,-0.023910154,0.389710865
2012/11/8,-0.009432152,0.387176422
2012/11/9,0.000317637,0.389287611
2012/11/12,-2.42E-05,0.38652756
2012/11/13,-0.004606742,0.391246556
2012/11/14,-0.014627264,0.376539366
2012/11/15,-0.002275287,0.365263285
2012/11/16,0.003655296,0.348887588
2012/11/19,0.016360891,0.348661271
2012/11/20,-0.000582385,0.353079708
2012/11/21,0.003775946,0.353930803
2012/11/23,0.013370639,0.336999983
2012/11/26,-0.003257494,0.342441063
2012/11/27,-0.006905678,0.34874028
2012/11/28,0.008272793,0.366732542
2012/11/29,0.002823096,0.367648362
2012/11/30,0.000288704,0.375864403
2012/12/3,-0.00461542,0.374930932
2012/12/4,-0.001066466,0.38234293
2012/12/5,0.006365691,0.390079189
2012/12/6,0.003029664,0.412358947
2012/12/7,0.006183212,0.411752893
2012/12/10,0.001120607,0.411112254
2012/12/11,0.005947406,0.426912386
2012/12/12,-0.000225712,0.441838096
2012/12/13,-0.005657913,0.446677673
2012/12/14,-0.002715,0.435459926
2012/12/17,0.007613118,0.420333719
2012/12/18,0.00869399,0.427013863
2012/12/19,-0.007442072,0.437945954
2012/12/20,0.00449863,0.444220348
2012/12/21,-0.009122201,0.428900644
2012/12/24,-0.003931654,0.424100878
2012/12/26,-0.001865644,0.426607298
2012/12/27,-0.00139484,0.431550152
2012/12/28,-0.012153291,0.42169619
2012/12/31,0.012750991,0.425310918
2013/1/2,0.023262625,0.409325868
2013/1/3,-0.001581113,0.40212249
2013/1/4,0.00326915,0.402387098
2013/1/7,-0.003797242,0.405058974
2013/1/8,-0.004150772,0.397199021
2013/1/9,0.004615388,0.398916998
2013/1/10,0.006009311,0.393837606
2013/1/11,0.001276723,0.397282576
2013/1/14,0.00139948,0.401777645
2013/1/15,0.002039035,0.400219106
2013/1/16,-0.001749604,0.395882479
2013/1/17,0.006255911,0.400812885
2013/1/18,0.003940441,0.400756716
2013/1/22,0.004569133,0.405756566
2013/1/23,0.004882966,0.391246052
2013/1/24,0.003332774,0.388991178
2013/1/25,0.005097173,0.400298297
2013/1/28,-0.001011595,0.405951748
2013/1/29,0.00520831,0.408021612
2013/1/30,-0.003158104,0.405899885
2013/1/31,-0.00358936,0.396690835
2013/2/1,0.010707531,0.405388397
2013/2/4,-0.009301652,0.412559609
2013/2/5,0.007122945,0.426201588
2013/2/6,0.000516345,0.419420394
2013/2/7,-0.003041115,0.413826793
2013/2/8,0.003502167,0.413129874
2013/2/11,-0.00155413,0.427789203
2013/2/12,0.003391222,0.431030191
2013/2/13,-0.002556283,0.431636084
2013/2/14,-0.000681063,0.424986946
2013/2/15,0.000598816,0.429828823
2013/2/19,0.003848323,0.441958491
2013/2/20,-0.007733772,0.442550145
2013/2/21,-0.003374552,0.433590764
2013/2/22,0.00860442,0.44177664
2013/2/25,-0.015577211,0.450035955
2013/2/26,0.00837736,0.457508273
2013/2/27,0.012528269,0.454090455
2013/2/28,-0.001484544,0.453468424
2013/3/1,0.002499277,0.440165975
2013/3/4,0.002704708,0.435762332
2013/3/5,0.00887553,0.430813648
2013/3/6,0.002975133,0.437344509
2013/3/7,0.002323086,0.42752693
2013/3/8,0.004705062,0.416539259
2013/3/11,0.00348214,0.417773893
2013/3/12,0.000191713,0.42362387
2013/3/13,0.000361179,0.42868625
2013/3/14,0.005784577,0.429331348
2013/3/15,-0.001723043,0.415316931
2013/3/18,-0.004284315,0.413832496
2013/3/19,0.000260137,0.418195362
2013/3/20,0.003860186,0.438171417
2013/3/21,-0.006237833,0.427528819
2013/3/22,0.006258505,0.422228719
2013/3/25,-0.004439268,0.41750788
2013/3/26,0.007715311,0.425733017
2013/3/27,-0.002302842,0.420287138
2013/3/28,0.003599423,0.42462718
2013/4/1,-0.000390376,0.419986152
2013/4/2,0.006099586,0.420584252
2013/4/3,-0.007644747,0.420802274
2013/4/4,0.003824886,0.434322203
2013/4/5,-0.00280138,0.427351624
2013/4/8,0.003305836,0.423628088
2013/4/9,0.004096029,0.418022189
2013/4/10,0.008738101,0.429090821
2013/4/11,0.004240354,0.44532519
2013/4/12,-5.38E-06,0.454397284
2013/4/15,-0.01804676,0.438304939
2013/4/16,0.010735905,0.447560777
2013/4/17,-0.009408632,0.448748132
2013/4/18,-0.005587252,0.448337686
2013/4/19,0.000713091,0.433248531
2013/4/22,0.001350522,0.431001813
2013/4/23,0.010400061,0.42384362
2013/4/24,-0.00293648,0.419186353
2013/4/25,0.001667966,0.412524592
2013/4/26,0.000798957,0.419697317
2013/4/29,0.0071924,0.406492277
2013/4/30,0.00141949,0.414017418
2013/5/1,-0.009400643,0.428702964
2013/5/2,0.008846574,0.456554256
2013/5/3,0.009554001,0.451501043
2013/5/6,-0.000338645,0.455650403
2013/5/7,0.005815819,0.44705971
2013/5/8,0.003243893,0.454285443
2013/5/9,-0.001490672,0.43665864
2013/5/10,0.00237541,0.423768745
2013/5/13,-0.001774899,0.405349297
2013/5/14,0.008154616,0.399426793
2013/5/15,0.003964462,0.396128612
2013/5/16,-0.002784107,0.405919119
2013/5/17,0.007923509,0.389661694
2013/5/20,-0.001246022,0.39038228
2013/5/21,0.003404634,0.390412095
2013/5/22,-0.005239344,0.38975518
2013/5/23,-0.000828059,0.380839078
2013/5/24,0.000562136,0.37644476
2013/5/28,0.006921642,0.361029777
2013/5/29,-0.006941246,0.366036922
2013/5/30,0.001418994,0.357880778
2013/5/31,-0.013729474,0.358136367
2013/6/3,0.009118392,0.357089144
2013/6/4,-0.005027027,0.37110101
2013/6/5,-0.014397293,0.374531907
2013/6/6,0.005335131,0.398664511
2013/6/7,0.013701676,0.404179918
2013/6/10,-0.00062519,0.415153971
2013/6/11,-0.007679067,0.401270337
2013/6/12,-0.008419809,0.415985343
2013/6/13,0.011988354,0.421602617
2013/6/14,-0.007002547,0.429617689
2013/6/17,0.007250934,0.419290038
2013/6/18,0.009074732,0.420459048
2013/6/19,-0.013541919,0.425875408
2013/6/20,-0.023694711,0.431302074
2013/6/21,0.002779648,0.438074595
2013/6/24,-0.009493957,0.445522576
2013/6/25,0.006849139,0.435318712
2013/6/26,0.010099697,0.428918826
2013/6/27,0.007640018,0.423859934
2013/6/28,-0.007676236,0.441022503
2013/7/1,0.004374172,0.433198028
2013/7/2,-0.002845454,0.427281954
2013/7/3,0.003752558,0.419676776
2013/7/5,0.009778865,0.423313059
2013/7/8,0.005853011,0.421712561
2013/7/9,0.004956598,0.429356656
2013/7/10,-0.000567469,0.417226719
2013/7/11,0.011007968,0.418161297
2013/7/12,0.000218592,0.423189573
2013/7/15,0.001289882,0.433405085
2013/7/16,-0.002095287,0.435929385
2013/7/17,0.00120754,0.444217122
2013/7/18,0.005030466,0.44211869
2013/7/19,-0.000308758,0.45456767
2013/7/22,0.000116439,0.461990179
2013/7/23,0.0014264,0.458269297
2013/7/24,-0.001639346,0.452766103
2013/7/25,0.000859867,0.457792534
2013/7/26,0.000206978,0.45958268
2013/7/29,-0.002371883,0.470496724
2013/7/30,-8.89E-05,0.467511068
2013/7/31,-0.001357183,0.46751092
2013/8/1,0.008255111,0.46298509
2013/8/2,0.001939503,0.469912291
2013/8/5,-0.002956783,0.477600263
2013/8/6,-0.00599985,0.484517892
2013/8/7,-0.003102353,0.466312925
2013/8/8,0.001785658,0.471644726
2013/8/9,-0.004708999,0.478840863
2013/8/12,-0.000378017,0.491754667
2013/8/13,0.002029758,0.486101133
2013/8/14,-0.007363131,0.49071553
2013/8/15,-0.014809539,0.496047233
2013/8/16,-0.002034865,0.503160874
2013/8/19,-0.004700893,0.509790966
2013/8/20,-0.00051643,0.52642614
2013/8/21,-0.007052745,0.532290947
2013/8/22,0.004433171,0.54012081
2013/8/23,0.003120681,0.547679563
2013/8/26,-0.00427614,0.554587139
2013/8/27,-0.011461442,0.556333833
2013/8/28,0.003268851,0.56458257
2013/8/29,0.00110836,0.558440667
2013/8/30,-0.002066692,0.572430538
2013/9/3,0.001595587,0.563367215
2013/9/4,0.006511735,0.552198085
2013/9/5,0.000442609,0.542550889
2013/9/6,-0.00100335,0.552271119
2013/9/9,0.009379231,0.535336783
2013/9/10,0.008457725,0.525020954
2013/9/11,0.008882784,0.512094315
2013/9/12,-0.001695223,0.513665987
2013/9/13,0.004917097,0.520481635
2013/9/16,0.007691439,0.536849641
2013/9/17,0.002253058,0.550914483
2013/9/18,0.009434592,0.576338472
2013/9/19,-0.00257972,0.587487448
2013/9/20,-0.011931572,0.602405809
2013/9/23,-0.003222435,0.591683978
2013/9/24,-0.004346055,0.582553926
2013/9/25,-0.004007474,0.567395947
2013/9/26,0.003597206,0.571244696
2013/9/27,-0.004581108,0.561756827
2013/9/30,-0.008461968,0.554680717
2013/10/1,0.004091509,0.551320678
2013/10/2,-0.003862185,0.564991437
2013/10/3,-0.009071534,0.568118511
2013/10/4,0.005061692,0.578758177
2013/10/7,-0.009086724,0.584485149
2013/10/8,-0.010750363,0.598926486
2013/10/9,0.001788401,0.597061975
2013/10/10,0.021591233,0.601767856
2013/10/11,0.007314155,0.581848752
2013/10/14,0.004201278,0.572866137
2013/10/15,-0.008746573,0.566253757
2013/10/16,0.013478108,0.561844913
2013/10/17,-0.000141809,0.559053411
2013/10/18,0.001819878,0.576371632
2013/10/21,-0.000483894,0.592563595
2013/10/22,0.004890505,0.612983633
2013/10/23,-0.003518673,0.61888121
2013/10/24,0.006201322,0.618500788
2013/10/25,0.003929928,0.617173668
2013/10/28,-8.67E-05,0.625913765
2013/10/29,0.007131075,0.618965513
2013/10/30,-0.00393558,0.62042108
2013/10/31,-0.004685466,0.618639622
2013/11/1,0.004479923,0.627503192
2013/11/4,0.001508255,0.626407379
2013/11/5,-0.001337286,0.619025386
2013/11/6,0.008204069,0.616221001
2013/11/7,-0.009757308,0.622688493
2013/11/8,0.01070308,0.608143301
2013/11/11,0.001351725,0.596248026
2013/11/12,-0.002056843,0.598712583
2013/11/13,0.004495087,0.612682779
2013/11/14,0.003444401,0.614147821
2013/11/15,0.00536971,0.626030133
2013/11/18,0.000896745,0.630810683
2013/11/19,-0.000562877,0.639301988
2013/11/20,-0.004155291,0.640667693
2013/11/21,0.006842222,0.652858676
2013/11/22,0.003415773,0.648002842
2013/11/25,0.00048355,0.648968468
2013/11/26,1.62E-05,0.651580385
2013/11/27,0.001525017,0.649036426
2013/11/29,-0.000678604,0.639867649
2013/12/2,-0.004838119,0.639325765
2013/12/3,-0.005898513,0.623158837
2013/12/4,-0.001562678,0.618727886
2013/12/5,-0.004305099,0.619264619
2013/12/6,0.012480019,0.626377972
2013/12/9,0.00033265,0.630513146
2013/12/10,-0.00327514,0.636847034
2013/12/11,-0.00814672,0.627990275
2013/12/12,-0.006592186,0.636948398
2013/12/13,0.001011596,0.644562493
2013/12/16,0.008167573,0.648820191
2013/12/17,-0.000586275,0.63751779
2013/12/18,0.018270202,0.607553128
2013/12/19,0.000686925,0.593966914
2013/12/20,0.00259628,0.602494303
2013/12/23,0.004519048,0.597192883
2013/12/24,0.003855186,0.587033555
2013/12/26,0.007450678,0.586395184
2013/12/27,-8.92E-05,0.597485915
2013/12/30,0.001569308,0.611333895
2013/12/31,0.004375335,0.639465327
2014/1/2,-0.008196179,0.639597634
2014/1/3,0.001740434,0.636893144
2014/1/6,-0.002729284,0.638914948
2014/1/7,0.006423124,0.65236053
2014/1/8,-0.004134131,0.648924541
2014/1/9,-0.00109276,0.638782953
2014/1/10,-0.000468952,0.64415828
2014/1/13,-0.010956528,0.636352278
2014/1/14,0.007104756,0.633802348
2014/1/15,0.006579075,0.634243332
2014/1/16,-0.003947244,0.626418047
2014/1/17,0.002527714,0.621516743
2014/1/21,-0.002684271,0.626333445
2014/1/22,-0.002507033,0.634808419
2014/1/23,-0.010806754,0.641340217
2014/1/24,-0.01984324,0.646013062
2014/1/27,-0.00259987,0.636354991
2014/1/28,0.005709185,0.639923102
2014/1/29,-0.011985359,0.65108377
2014/1/30,0.006953433,0.65604598
2014/1/31,-0.009494338,0.660884291
2014/2/3,-0.020987747,0.668342758
2014/2/4,0.004701151,0.678573523
2014/2/5,-0.000324424,0.701785991
2014/2/6,0.012121649,0.707075759
2014/2/7,0.010537096,0.696134
2014/2/10,0.000488038,0.686213215
2014/2/11,0.012138569,0.668287348
2014/2/12,-0.001929365,0.658759129
2014/2/13,0.003979183,0.662304116
2014/2/14,0.007880227,0.651867554
2014/2/18,-0.001486149,0.640042273
2014/2/19,-0.005585176,0.647880036
2014/2/20,0.005760606,0.66020081
2014/2/21,-0.0018569,0.655218863
2014/2/24,0.006427666,0.6622669
2014/2/25,-0.001696988,0.677302504
2014/2/26,0.001158191,0.683243154
2014/2/27,0.004572695,0.687819569
2014/2/28,0.003010339,0.703211699
2014/3/3,-0.009460288,0.696258897
2014/3/4,0.013994248,0.684346771
2014/3/5,-0.00217975,0.680903364
2014/3/6,0.003764867,0.678375683
2014/3/7,0.001875612,0.682658233
2014/3/10,-0.002071102,0.690308373
2014/3/11,-0.004115364,0.689162823
2014/3/12,-0.000683362,0.683408344
2014/3/13,-0.014249692,0.67452291
2014/3/14,-0.002686596,0.676630109
2014/3/17,0.01123712,0.679934396
2014/3/18,0.005461075,0.665900154
2014/3/19,-0.007004067,0.651864217
2014/3/20,0.006689379,0.66214808
2014/3/21,-0.001733172,0.678355754
2014/3/24,-0.001601009,0.675674127
2014/3/25,0.005586855,0.669200508
2014/3/26,-0.006060036,0.658194304
2014/3/27,-0.000292624,0.659036648
2014/3/28,0.003610614,0.679519699
2014/3/31,0.00821219,0.673189569
2014/4/1,0.004543772,0.654977404
2014/4/2,0.002440071,0.659509884
2014/4/3,-2.72E-05,0.668805981
2014/4/4,-0.009691678,0.668705427
2014/4/7,-0.010217312,0.65938612
2014/4/8,0.000631961,0.653469011
2014/4/9,0.011075159,0.653471383
2014/4/10,-0.016374563,0.665576397
2014/4/11,-0.008912078,0.676827408
2014/4/14,0.009098823,0.678750356
2014/4/15,0.005507509,0.67556966
2014/4/16,0.009929899,0.685881448
2014/4/17,-0.000993501,0.697920199
2014/4/21,0.002477952,0.701133302
2014/4/22,0.003951028,0.692096243
2014/4/23,-0.000770535,0.680336312
2014/4/24,0,0.676752173
2014/4/25,-0.008531807,0.682175356
2014/4/28,0.005320309,0.688785503
2014/4/29,0.005252844,0.695060311
2014/4/30,0.002746089,0.684515141
2014/5/1,-0.001325902,0.674935996
2014/5/2,-0.002780622,0.685011676
2014/5/5,0.001068896,0.683263122
2014/5/6,-0.007866656,0.673444028
2014/5/7,0.007139858,0.668048638
2014/5/8,0.001961324,0.653959706
2014/5/9,0.001953867,0.649795179
2014/5/12,0.006738848,0.654811927
2014/5/13,0.001195418,0.652214089
2014/5/14,-0.006088935,0.637838454
2014/5/15,-0.01011237,0.640664786
2014/5/16,0.002702038,0.64923784
2014/5/19,0.001245335,0.653848188
2014/5/20,-0.008365267,0.654292627
2014/5/21,0.009648369,0.650240857
2014/5/22,0.000605875,0.652636019
2014/5/23,0.003812447,0.658515644
2014/5/27,0.004160241,0.65803299
2014/5/28,-0.002541081,0.645869095
2014/5/29,0.003933772,0.630801438
2014/5/30,0.001103067,0.633821125
2014/6/2,0.001581552,0.641154264
2014/6/3,-0.001272337,0.641905289
2014/6/4,0.000907953,0.636849875
2014/6/5,0.005872481,0.639591417
2014/6/6,0.005223293,0.651872163
2014/6/9,0.001111394,0.644249035
2014/6/10,0.000166426,0.648821642
2014/6/11,-0.006039711,0.659486014
2014/6/12,-0.006533454,0.644455313
2014/6/13,0.002479863,0.618066979
2014/6/16,0.000314095,0.6130697
2014/6/17,0.001636226,0.613163397
2014/6/18,0.005821145,0.617937686
2014/6/19,0.000877378,0.623696959
2014/6/20,0.001512909,0.618738394
2014/6/23,-0.000579619,0.632756761
2014/6/24,-0.007058458,0.667260125
2014/6/25,0.002931815,0.683629901
2014/6/26,-0.00126833,0.6765377
2014/6/27,0.000338893,0.679147279
2014/6/30,-0.001498882,0.680140931
2014/7/1,0.007664914,0.668418226
2014/7/2,0.001188838,0.652833026
2014/7/3,0.005405879,0.642576065
2014/7/7,-0.00258415,0.634641236
2014/7/8,-0.006931187,0.624608303
2014/7/9,0.004661254,0.623625024
2014/7/10,-0.004161574,0.612499238
2014/7/11,0.001697635,0.61105196
2014/7/14,0.006565466,0.614349666
2014/7/15,0.000308359,0.629474671
2014/7/16,0.00453349,0.629906095
2014/7/17,-0.009461595,0.619594847
2014/7/18,0.007240695,0.613390953
2014/7/21,-0.002837325,0.61413047
2014/7/22,0.003618298,0.613010437
2014/7/23,-0.001573677,0.612966853
2014/7/24,-0.00016564,0.610294013
2014/7/25,-0.007239408,0.595333389
2014/7/28,0.001297463,0.593012287
2014/7/29,-0.004158768,0.611120977
2014/7/30,-0.001879117,0.615667612
2014/7/31,-0.018961411,0.604755066
2014/8/1,-0.004230922,0.602635673
2014/8/4,0.004591896,0.604664612
2014/8/5,-0.008473705,0.606056433
2014/8/6,0.000843859,0.624647973
2014/8/7,-0.004575827,0.632964808
2014/8/8,0.011278831,0.61375135
2014/8/11,0.000969089,0.590702126
2014/8/12,-0.000569867,0.586544913
2014/8/13,0.005495562,0.578932413
2014/8/14,0.003703244,0.562493988
2014/8/15,-0.003036271,0.547626403
2014/8/18,0.010496893,0.541729495
2014/8/19,0.004789938,0.543920361
2014/8/20,0.003512821,0.546727846
2014/8/21,0.003548649,0.549476112
2014/8/22,-0.002248485,0.537801892
2014/8/25,0.00443981,0.544229685
2014/8/26,0.001745283,0.560414194
2014/8/27,0.000894571,0.5693548
2014/8/28,-0.002481758,0.579101705
2014/8/29,0.001104804,0.603967392
2014/9/2,-0.00180823,0.60885601
2014/9/3,0.000627895,0.597421609
2014/9/4,-0.000509549,0.585034882
2014/9/5,0.003962944,0.585298276
2014/9/8,-0.001514799,0.561226739
2014/9/9,-0.005717183,0.542377622
2014/9/10,0.003218069,0.536608623
2014/9/11,-0.001155412,0.53687967
2014/9/12,-0.003613183,0.541168733
2014/9/15,0.002565065,0.556631155
2014/9/16,0.005902876,0.561409948
2014/9/17,0.001451202,0.558539781
2014/9/18,0.00634116,0.58058737
2014/9/19,0.000796046,0.593410945
2014/9/22,-0.006214968,0.574039089
2014/9/23,-0.006825323,0.569079646
2014/9/24,0.008999671,0.559791599
2014/9/25,-0.015474081,0.545011055
2014/9/26,0.009827158,0.526033686
2014/9/29,-0.002453169,0.518603904
2014/9/30,-0.00166031,0.509511725
2014/10/1,-0.01407449,0.509880342
2014/10/2,-0.00021782,0.520768011
2014/10/3,0.012341797,0.529244369
2014/10/6,-0.001045833,0.526776095
2014/10/7,-0.016168225,0.533332013
2014/10/8,0.016304163,0.546477437
2014/10/9,-0.019907669,0.561979921
2014/10/10,-0.006936075,0.569772269
2014/10/13,-0.013572632,0.570569367
2014/10/14,-0.000360335,0.565949381
2014/10/15,-0.010688112,0.571500612
2014/10/16,-0.001518957,0.58344885
2014/10/17,0.016196602,0.579996168
2014/10/20,0.001175104,0.561170308
2014/10/21,0.013033254,0.543136251
2014/10/22,-0.00928108,0.549429202
2014/10/23,0.013071103,0.546869857
2014/10/24,0.007616369,0.537685704
2014/10/27,0.000745315,0.535107351
2014/10/28,0.011105348,0.53939097
2014/10/29,-0.001850498,0.541309679
2014/10/30,0.012942045,0.560994148
2014/10/31,0.011282161,0.57505442
2014/11/3,-0.001397139,0.577346332
2014/11/4,0.001012947,0.577596102
2014/11/5,0.005775451,0.594402648
2014/11/6,0.003992128,0.597153756
2014/11/7,0.001107936,0.606155511
2014/11/10,0.002262725,0.610028879
2014/11/11,6.59E-05,0.61191019
2014/11/12,-0.000153291,0.611992306
2014/11/13,0.002302001,0.616719786
2014/11/14,-0.001023024,0.609495787
2014/11/17,0.000737476,0.60026771
2014/11/18,0.002267971,0.592450264
2014/11/19,-0.000118167,0.600802245
2014/11/20,0.00187941,0.602164872
2014/11/21,0.005125956,0.591489359
2014/11/24,0.000440104,0.584307825
2014/11/25,-0.000166139,0.590846491
2014/11/26,0.000718801,0.593470352
2014/11/28,2.75E-05,0.597515748
2014/12/1,-0.002889481,0.60094246
2014/12/2,0.005763365,0.592744743
2014/12/3,0.001847891,0.583470598
2014/12/4,-0.000699193,0.591027451
2014/12/5,0.003273389,0.595377017
2014/12/8,-0.005937255,0.602947502
2014/12/9,-0.002876563,0.592095266
2014/12/10,-0.015172496,0.583495998
2014/12/11,0.003597551,0.574867051
2014/12/12,-0.018093131,0.594135496
2014/12/15,-0.005802985,0.612652442
2014/12/16,-0.006538473,0.620924561
2014/12/17,0.016732057,0.618579831
2014/12/18,0.023981782,0.60183328
2014/12/19,0.001497909,0.581002597
2014/12/22,0.008647798,0.55876302
2014/12/23,0.003597753,0.546967579
2014/12/24,0.000335049,0.542619987
2014/12/26,0.001302519,0.533675571
2014/12/29,-0.000857809,0.530293199
2014/12/30,-0.003062635,0.537270528
2014/12/31,-0.008937074,0.538142981
2015/1/2,0.000556427,0.547491409
2015/1/5,-0.018754951,0.543547087
2015/1/6,-0.007456171,0.547648654
2015/1/7,0.012179978,0.536356776
2015/1/8,0.018221311,0.539595434
2015/1/9,-0.009566568,0.536346169
2015/1/12,-0.005457045,0.536526033
2015/1/13,-0.001540796,0.536055032
2015/1/14,-0.010649981,0.542968158
2015/1/15,-0.006122997,0.53070359
2015/1/16,0.01095891,0.522172228
2015/1/20,0.000208983,0.533243685
2015/1/21,0.002227007,0.529588614
2015/1/22,0.014685747,0.503388736
2015/1/23,-0.007968125,0.501581435
2015/1/26,0.000345108,0.485659494
2015/1/27,-0.016625647,0.470525476
2015/1/28,-0.011327365,0.455624193
2015/1/29,0.013030615,0.460956079
2015/1/30,-0.014568614,0.458013058
2015/2/2,0.011359101,0.461559879
2015/2/3,0.017435915,0.460162583
2015/2/4,0.000374652,0.472114583
2015/2/5,0.01191648,0.472640184
2015/2/6,-0.003393529,0.477156092
2015/2/9,-0.005348572,0.475406295
2015/2/10,0.007840375,0.47212697
2015/2/11,-0.000370548,0.45974334
2015/2/12,0.006152746,0.466765511
2015/2/13,0.002610046,0.46721333
2015/2/17,0.001565423,0.477107121
2015/2/18,-0.000982886,0.487421773
2015/2/19,-0.002447828,0.490541795
2015/2/20,0.00856281,0.482886634
2015/2/23,-0.001301808,0.495240232
2015/2/24,0.005084519,0.508715104
2015/2/25,0.000844272,0.518935105
2015/2/26,-0.000557096,0.511832046
2015/2/27,-0.00449665,0.512337357
2015/3/2,0.008562617,0.50489183
2015/3/3,-0.004672814,0.496557763
2015/3/4,-0.005866089,0.492254278
2015/3/5,0.002142821,0.493309062
2015/3/6,-0.015500206,0.483684634
2015/3/9,0.007750684,0.496818905
2015/3/10,-0.018665293,0.494448868
2015/3/11,-0.001560981,0.492779151
2015/3/12,0.01462596,0.486341621
2015/3/13,-0.008186996,0.492975521
2015/3/16,0.012769884,0.4906078
2015/3/17,-0.00716456,0.501029397
2015/3/18,0.012643636,0.499968256
2015/3/19,-0.00650255,0.499879603
2015/3/20,0.009345344,0.492010896
2015/3/23,-0.000640663,0.48949734
2015/3/24,-0.005807278,0.497808935
2015/3/25,-0.016378906,0.495981029
2015/3/26,-0.00227761,0.485442123
2015/3/27,0.001945699,0.496995658
2015/3/30,0.014775142,0.490199449
2015/3/31,-0.011198796,0.496713944
2015/4/1,-0.004394174,0.493494264
2015/4/2,0.003669344,0.496363762
2015/4/6,0.006599154,0.492759984
2015/4/7,-0.000303723,0.502349769
2015/4/8,0.001514342,0.489545751
2015/4/9,0.003135421,0.496537799
2015/4/10,0.00549307,0.494181332
2015/4/13,-0.00447403,0.497783557
2015/4/14,0.003313183,0.494023969
2015/4/15,0.00419981,0.498841332
2015/4/16,-0.000377709,0.495109274
2015/4/17,-0.015555777,0.500041313
2015/4/20,0.011635538,0.496601916
2015/4/21,-0.00474316,0.514082858
2015/4/22,0.004928339,0.513522522
2015/4/23,0.001131397,0.510356805
2015/4/24,0.001187089,0.515137049
2015/4/27,-0.002335118,0.520469587
2015/4/28,0.003993022,0.519194857
2015/4/29,-0.004128301,0.530125802
2015/4/30,-0.010871427,0.514922674
2015/5/1,0.010235257,0.514058428
2015/5/4,0.002567708,0.50271137
2015/5/5,-0.007900348,0.515283679
2015/5/6,-0.004820785,0.519040573
2015/5/7,0.004589837,0.532461795
2015/5/8,0.014789069,0.52267326
2015/5/11,-0.00473548,0.530286774
2015/5/12,-0.002042385,0.520817668
2015/5/13,-0.000428468,0.523450686
2015/5/14,0.010561133,0.515755646
2015/5/15,0.001112669,0.512456854
2015/5/18,0.001439375,0.500166312
2015/5/19,0.000738024,0.520677971
2015/5/20,-0.001474953,0.526484921
2015/5/21,1.86E-05,0.538054988
2015/5/22,-0.002942132,0.513043183
2015/5/26,-0.010502512,0.498700981
2015/5/27,0.00670913,0.495483952
2015/5/28,-0.002032015,0.506484918
2015/5/29,-0.006389077,0.498745884
2015/6/1,0.001647109,0.520955472
2015/6/2,-0.001577153,0.515501759
2015/6/3,0.003565157,0.515235025
2015/6/4,-0.009487632,0.509143994
2015/6/5,-0.00313914,0.516609673
2015/6/8,-0.00465578,0.506179613
2015/6/9,-0.000141287,0.517721815
2015/6/10,0.013217791,0.51003128
2015/6/11,0.002162612,0.526220925
2015/6/12,-0.007820685,0.518882869
2015/6/15,-0.006033639,0.524004124
2015/6/16,0.006348694,0.509947765
2015/6/17,0.001744409,0.511764179
2015/6/18,0.009991323,0.505957813
2015/6/19,-0.005529217,0.515125468
2015/6/22,0.005746683,0.493218745
2015/6/23,0.001339626,0.497983028
2015/6/24,-0.009858807,0.500715515
2015/6/25,-0.004222959,0.511848597
2015/6/26,0.003143119,0.508779382
2015/6/29,-0.019713645,0.507404689
2015/6/30,0.001315317,0.483810851
2015/7/1,0.00782424,0.491507545
2015/7/2,-0.001566726,0.495213295
2015/7/6,-0.002627799,0.508089311
2015/7/7,0.005263899,0.497435586
2015/7/8,-0.014818788,0.505226915
2015/7/9,0.001893679,0.501226033
2015/7/10,0.011996509,0.514239736
2015/7/13,0.012159166,0.489433719
2015/7/14,0.004213015,0.505421793
2015/7/15,-0.0001889,0.49801791
2015/7/16,0.003874994,0.513752691
2015/7/17,-0.001867058,0.523538436
2015/7/20,0.000771551,0.521887273
2015/7/21,-0.010056804,0.504085305
2015/7/22,-0.003816016,0.494612029
2015/7/23,-0.006695365,0.484249341
2015/7/24,-0.009257172,0.481979514
2015/7/27,-0.007308985,0.460668282
2015/7/28,0.010817063,0.454306217
2015/7/29,0.006846512,0.443714755
2015/7/30,-0.000304811,0.443637442
2015/7/31,-0.003167417,0.427313537
2015/8/3,-0.00519497,0.434805559
2015/8/4,-0.002703359,0.423596964
2015/8/5,-0.000582483,0.427733315
2015/8/6,-0.006906162,0.436280875
2015/8/7,-0.00266547,0.453320283
2015/8/10,0.013821313,0.460921316
2015/8/11,-0.012127051,0.471001212
2015/8/12,-1.90E-05,0.455934087
2015/8/13,0.000329783,0.467858759
2015/8/14,0.003964386,0.461670052
2015/8/17,0.003870651,0.449971843
2015/8/18,-0.001930597,0.434675957
2015/8/19,-0.009329366,0.428978802
2015/8/20,-0.020853758,0.414799973
2015/8/21,-0.03174754,0.409136288
2015/8/24,-0.03640241,0.392230229
2015/8/25,-0.012994752,0.399507247
2015/8/26,0.038754911,0.396075839
2015/8/27,0.022420906,0.398832253
2015/8/28,-0.000706353,0.397969496
2015/8/31,-0.006932581,0.399820689
2015/9/1,-0.028828764,0.388277825
2015/9/2,0.018083334,0.395583728
2015/9/3,0.001428827,0.3924574
2015/9/4,-0.016774038,0.394901238
2015/9/8,0.023949559,0.38377742
2015/9/9,-0.014604069,0.388136565
2015/9/10,0.004715825,0.388465119
2015/9/11,0.006268583,0.402385114
2015/9/14,-0.003787951,0.401557381
2015/9/15,0.013884626,0.411594706
2015/9/16,0.008404419,0.402602804
2015/9/17,-0.003903079,0.40949847
2015/9/18,-0.017554351,0.419064803
2015/9/21,0.007637117,0.439114776
2015/9/22,-0.010945078,0.443577282
2015/9/23,-0.003102084,0.451324094
2015/9/24,-0.004837883,0.436445337
2015/9/25,0.006971983,0.441022746
2015/9/28,-0.019357863,0.43966852
2015/9/29,0.002947802,0.434595079
2015/9/30,0.014571374,0.411121055
2015/10/1,-0.000779563,0.414607589
2015/10/2,0.012237978,0.396726025
2015/10/5,0.018290493,0.400840855
2015/10/6,0.000819862,0.383235364
2015/10/7,0.007245789,0.385905831
2015/10/8,0.008153614,0.387289071
2015/10/9,0.001976843,0.40843189
2015/10/12,0.002768854,0.407193366
2015/10/13,-0.00292105,0.40539637
2015/10/14,-0.00924179,0.391454837
2015/10/15,0.012739961,0.424072075
2015/10/16,0.004320433,0.431651904
2015/10/19,0.000845949,0.436890515
2015/10/20,-0.000779734,0.417987634
2015/10/21,-0.00282094,0.420371366
2015/10/22,0.018498544,0.410843894
2015/10/23,0.008967537,0.424911307
2015/10/26,-0.001341093,0.427590632
2015/10/27,-0.002364473,0.438631467
2015/10/28,0.011204002,0.417911235
2015/10/29,-0.00133501,0.409423343
2015/10/30,-0.005209595,0.404871472
2015/11/2,0.009310256,0.416127832
2015/11/3,0.005001282,0.398351007
2015/11/4,-0.002826268,0.396888323
2015/11/5,-0.000232291,0.381465649
2015/11/6,0.002622035,0.394269898
2015/11/9,-0.010092449,0.382827228
2015/11/10,0.001562752,0.382697384
2015/11/11,-0.003157889,0.368901237
2015/11/12,-0.014461015,0.379504971
2015/11/13,-0.011692877,0.370720915
2015/11/16,0.013693389,0.382262091
2015/11/17,0.000371149,0.364561663
2015/11/18,0.014061173,0.363308511
2015/11/19,-0.000248661,0.36598018
2015/11/20,0.005121992,0.383071426
2015/11/23,-0.001748067,0.367908606
2015/11/24,0.001095918,0.368869674
2015/11/25,6.74E-05,0.352818932
2015/11/27,-0.000836799,0.362343335
2015/11/30,-0.004424192,0.363554077
2015/12/1,0.009460232,0.372162799
2015/12/2,-0.008909592,0.363273475
2015/12/3,-0.014316005,0.365873917
2015/12/4,0.02094666,0.361141898
2015/12/7,-0.006583842,0.373815587
2015/12/8,-0.009207819,0.362457238
2015/12/9,-0.004318281,0.359887569
2015/12/10,0.004702429,0.349281232
2015/12/11,-0.017769719,0.367165315
2015/12/14,0.005964727,0.373429376
2015/12/15,0.008965077,0.38633382
2015/12/16,0.01271095,0.377868389
2015/12/17,-0.014371109,0.392723873
2015/12/18,-0.021216476,0.385777501
2015/12/21,0.00715939,0.387880934
2015/12/22,0.009556191,0.392415889
2015/12/23,0.010584944,0.404195107
2015/12/24,-0.002869598,0.396892893
2015/12/28,-0.001362583,0.403939361
2015/12/29,0.010934242,0.403284633
2015/12/30,-0.006630484,0.405447091
2015/12/31,-0.010211086,0.385004222
2016/1/4,-0.015971314,0.369333209
2016/1/5,0.000566638,0.364541567
2016/1/6,-0.014804248,0.3757696
2016/1/7,-0.023484193,0.373973743
2016/1/8,-0.010203813,0.378294911
2016/1/11,0.003183388,0.375209532
2016/1/12,0.007148792,0.392293393
2016/1/13,-0.022335576,0.395993912
2016/1/14,0.013995727,0.409512402
2016/1/15,-0.024159635,0.416829003
2016/1/19,0.001746027,0.433586334
2016/1/20,-0.015686813,0.429120877
2016/1/21,0.007326549,0.429908586
2016/1/22,0.013186878,0.421960282
2016/1/25,-0.013026968,0.414550889
2016/1/26,0.017597237,0.401240234
2016/1/27,-0.013874921,0.406532125
2016/1/28,0.007820344,0.413837256
2016/1/29,0.024384091,0.423926059
2016/2/1,-0.00104024,0.427329737
2016/2/2,-0.018136407,0.437348345
2016/2/3,0.011272441,0.427154227
2016/2/4,0.004880138,0.429239843
2016/2/5,-0.012973814,0.426889669
2016/2/8,-0.011040066,0.424283016
2016/2/9,-0.000790851,0.414269316
2016/2/10,-0.006241345,0.424004676
2016/2/11,-0.016124539,0.426437808
2016/2/12,0.019831199,0.427802867
2016/2/16,0.013837229,0.411319853
2016/2/17,0.015768664,0.421483454
2016/2/18,-0.002458375,0.420502662
2016/2/19,-0.001307101,0.433888925
2016/2/22,0.013853699,0.429668281
2016/2/23,-0.011429235,0.436328389
2016/2/24,0.003233005,0.426472311
2016/2/25,0.012796161,0.435266751
2016/2/26,-0.003438798,0.446321688
2016/2/29,-0.007447751,0.452093634
2016/3/1,0.020885331,0.438073121
2016/3/2,0.002028172,0.43234807
2016/3/3,0.002634503,0.441813682
2016/3/4,0.003703613,0.458858056
2016/3/7,0.00394241,0.448194115
2016/3/8,-0.006454564,0.435750974
2016/3/9,0.002135174,0.427754209
2016/3/10,-0.000307688,0.428251483
2016/3/11,0.012756089,0.427314248
2016/3/14,0.000918634,0.433331549
2016/3/15,0.001299279,0.436738928
2016/3/16,0.004293576,0.442873576
2016/3/17,0.008948196,0.436451873
2016/3/18,0.006886968,0.443253839
2016/3/21,0.001224658,0.444460593
2016/3/22,-0.002346163,0.443216318
2016/3/23,-0.0045592,0.435997899
2016/3/24,0.000750464,0.4469059
2016/3/28,0.00112179,0.451212143
2016/3/29,0.00555726,0.462725369
2016/3/30,0.004727055,0.460309279
2016/3/31,-0.001783528,0.456651613
2016/4/1,0.006069159,0.449970544
2016/4/4,-0.003138218,0.452405566
2016/4/5,-0.007565333,0.443372129
2016/4/6,0.006383488,0.44320123
2016/4/7,-0.009875283,0.4371269
2016/4/8,0.001993228,0.440059451
2016/4/11,-0.001169828,0.445043967
2016/4/12,0.009345359,0.441833404
2016/4/13,0.010498691,0.423384087
2016/4/14,0.001012984,0.420996307
2016/4/15,-0.001617357,0.426546053
2016/4/18,0.005944039,0.441560363
2016/4/19,0.002742269,0.442695006
2016/4/20,0.002360729,0.446486095
2016/4/21,-0.006305665,0.44558644
2016/4/22,0.001179895,0.452074828
2016/4/25,-0.001473556,0.451735699
2016/4/26,0.000727322,0.451130366
2016/4/27,0.002843596,0.435130448
2016/4/28,-0.011752375,0.432712555
2016/4/29,-0.003208595,0.430307826
2016/5/2,0.006590275,0.446785176
2016/5/3,-0.007869954,0.452079222
2016/5/4,-0.005629613,0.449374399
2016/5/5,0.000535229,0.452670407
2016/5/6,0.004515091,0.473504261
2016/5/9,-0.001959007,0.47626316
2016/5/10,0.012484777,0.46546544
2016/5/11,-0.012190568,0.456764789
2016/5/12,0.000529471,0.451470245
2016/5/13,-0.010505029,0.438241901
2016/5/16,0.009952409,0.441533201
2016/5/17,-0.010256983,0.450099793
2016/5/18,-0.00019169,0.45606666
2016/5/19,-0.005218246,0.449147719
2016/5/20,0.003751972,0.453925733
2016/5/23,-0.000457794,0.468004291
2016/5/24,0.01210959,0.463582674
2016/5/25,0.008181709,0.44337737
2016/5/26,-0.001301577,0.440693293
2016/5/27,0.002516982,0.446553585
2016/5/31,-0.004824406,0.458954585
2016/6/1,0.000138854,0.455728371
2016/6/2,0.002744455,0.4556362
2016/6/3,-0.001767399,0.45059741
2016/6/6,0.006340815,0.456946178
2016/6/7,0.001001154,0.469040651
2016/6/8,0.003715297,0.478987537
2016/6/9,-0.001103633,0.468336443
2016/6/10,-0.006686119,0.46220839
2016/6/13,-0.007464537,0.455441994
2016/6/14,-0.003256958,0.451158949
2016/6/15,-0.00196234,0.440427464
2016/6/16,0.005254262,0.442564796
2016/6/17,-0.003272686,0.443683291
2016/6/20,0.007311751,0.441690134
2016/6/21,0.001395273,0.430982316
2016/6/22,-0.002746378,0.435626441
2016/6/23,0.012865658,0.428339584
2016/6/24,-0.03447326,0.416215185
2016/6/27,-0.015084393,0.416138203
2016/6/28,0.015599756,0.434984008
2016/6/29,0.016235358,0.434622801
2016/6/30,0.0132107,0.428020617
2016/7/1,0.001080287,0.430794459
2016/7/5,-0.006077137,0.434018282
2016/7/6,0.004362516,0.430585954
2016/7/7,-0.001269877,0.42344229
2016/7/8,0.013920411,0.411340156
2016/7/11,0.004409241,0.410274769
2016/7/12,0.00660242,0.411096712
2016/7/13,0.001331707,0.413053182
2016/7/14,0.00728286,0.412480536
2016/7/15,0.000547768,0.414339796
2016/7/18,0.000890698,0.422360073
2016/7/19,0.001399761,0.432511134
2016/7/20,0.001938955,0.441942981
2016/7/21,-0.004192691,0.443199015
2016/7/22,0.002891497,0.43776003
2016/7/25,-0.004197621,0.441112855
2016/7/26,-0.001044721,0.446770807
2016/7/27,-8.55E-05,0.447183057
2016/7/28,-0.00085679,0.440390436
2016/7/29,-0.001307179,0.445295871
2016/8/1,-0.001505562,0.456360874
2016/8/2,-0.004942507,0.457110745
2016/8/3,0.002248781,0.455378694
2016/8/4,-0.000160732,0.453967839
2016/8/5,0.010379656,0.449441407
2016/8/8,-0.000768218,0.445847992
2016/8/9,0.000202901,0.449933649
2016/8/10,-0.002019515,0.465199992
2016/8/11,0.006352088,0.466909258
2016/8/12,-0.001992472,0.467096957
2016/8/15,0.003202151,0.463375621
2016/8/16,-0.004519199,0.451155902
2016/8/17,0.001180845,0.441820333
2016/8/18,0.001278394,0.443221397
2016/8/19,-0.002429593,0.435200688
2016/8/22,-0.001248585,0.420729306
2016/8/23,0.000964487,0.414449616
2016/8/24,-0.003555076,0.425992416
2016/8/25,-0.001790962,0.441113433
2016/8/26,-0.002877555,0.44600384
2016/8/29,0.005831707,0.447306995
2016/8/30,-0.002634935,0.458280004
2016/8/31,-0.002898916,0.465607331
2016/9/1,0.001000538,0.457725716
2016/9/2,0.003937015,0.450040249
2016/9/6,0.00249311,0.448266335
2016/9/7,-0.000646445,0.441118827
2016/9/8,-0.002498512,0.439773325
2016/9/9,-0.021576448,0.436388244
2016/9/12,0.01316232,0.444603493
2016/9/13,-0.014196835,0.438468601
2016/9/14,-0.001771671,0.426658159
2016/9/15,0.009805512,0.429306938
2016/9/16,-0.004881082,0.432244364
2016/9/19,-0.000200309,0.435930303
2016/9/20,0.000540136,0.432533867
2016/9/21,0.00899092,0.423636782
2016/9/22,0.00538406,0.423202065
2016/9/23,-0.007148517,0.42802761
2016/9/26,-0.009166018,0.435955688
2016/9/27,0.007349069,0.440779941
2016/9/28,0.006067695,0.431142307
2016/9/29,-0.010733412,0.427115126
2016/9/30,0.009036702,0.455167564
2016/10/3,-0.002970299,0.446050607
2016/10/4,-0.004689443,0.43283425
2016/10/5,0.006177337,0.426970957
2016/10/6,-0.000685645,0.436147479
2016/10/7,-0.001534417,0.436575837
2016/10/10,0.004842839,0.443470231
2016/10/11,-0.010992576,0.43803871
2016/10/12,0.000856839,0.435925851
2016/10/13,-0.002497577,0.433208931
2016/10/14,0.002176762,0.430132705
2016/10/17,-0.002869861,0.434798633
2016/10/18,0.004167921,0.430284776
2016/10/19,0.002237344,0.411342994
2016/10/20,-0.00221477,0.420744823
2016/10/21,-0.000916601,0.429658793
2016/10/24,0.00425201,0.430680512
2016/10/25,-0.002954473,0.425101714
2016/10/26,0.001653075,0.415185032
2016/10/27,-0.001630509,0.419555515
2016/10/28,-0.000467371,0.418014003
2016/10/31,-0.001034057,0.40891869
2016/11/1,-0.005822095,0.406862507
2016/11/2,-0.00430373,0.391347543
2016/11/3,-0.001614364,0.389329876
2016/11/4,-0.002366905,0.379627126
2016/11/7,0.020545219,0.372012614
2016/11/8,0.003997563,0.370365775
2016/11/9,0.013918594,0.36068633
2016/11/10,0.011668805,0.353935416
2016/11/11,0.002112837,0.375609696
2016/11/14,0.001115166,0.394739136
2016/11/15,0.00287735,0.398951219
2016/11/16,-0.002906499,0.403289868
2016/11/17,0.001889233,0.416966533
2016/11/18,-0.001900363,0.416154269
2016/11/21,0.004693248,0.424151084
2016/11/22,0.003537603,0.425244039
2016/11/23,0.003112812,0.421446029
2016/11/25,0.00360714,0.427060598
2016/11/28,-0.002836077,0.42924181
2016/11/29,0.001240205,0.436494729
2016/11/30,0.000103542,0.433510553
2016/12/1,0.00356775,0.433303512
2016/12/2,-0.001121412,0.445976271
2016/12/5,0.002387289,0.437554111
2016/12/6,0.001847769,0.422886149
2016/12/7,0.015352325,0.424646478
2016/12/8,0.003329044,0.421809524
2016/12/9,0.007215374,0.411993608
2016/12/12,0.002001352,0.416875466
2016/12/13,0.005781271,0.424866022
2016/12/14,-0.005978296,0.421577011
2016/12/15,0.003012253,0.412400126
2016/12/16,-0.000444885,0.402819429
2016/12/19,0.001996151,0.406981586
2016/12/20,0.004594355,0.416296587
2016/12/21,-0.001636413,0.416738747
2016/12/22,-0.001158029,0.409035273
2016/12/23,0.000749259,0.416683313
2016/12/27,0.000563206,0.443488762
2016/12/28,-0.005598988,0.457978211
2016/12/29,-0.000701074,0.449961405
2016/12/30,-0.002889166,0.443899627
2017/1/3,0.006011466,0.445657131
2017/1/4,0.003033355,0.424810202
2017/1/5,-0.002152031,0.426640547
2017/1/6,0.003236581,0.423660106
2017/1/9,-0.003835274,0.413523281
2017/1/10,-0.001602802,0.404975263
2017/1/11,0.004961099,0.413242089
2017/1/12,-0.003176289,0.425665656
2017/1/13,-0.000264979,0.432806896
2017/1/17,-0.002969344,0.423617503
2017/1/18,-0.001112752,0.435792507
2017/1/19,-0.003658338,0.448494513
2017/1/20,0.004795299,0.438284563
2017/1/23,-0.001382892,0.442220264
2017/1/24,0.005683859,0.434887815
2017/1/25,0.007793699,0.429620927
2017/1/26,0.001613168,0.436215839
2017/1/27,-0.000354773,0.437180795
2017/1/30,-0.006122584,0.435366949
2017/1/31,-0.005374152,0.421011215
2017/2/1,0.001350773,0.41970394
2017/2/2,-0.000303199,0.422642882
2017/2/3,0.009337753,0.42749233
2017/2/6,-0.000949061,0.41895723
2017/2/7,0.001886769,0.409607033
2017/2/8,-0.001791025,0.396130473
2017/2/9,0.005869744,0.397825667
2017/2/10,0.004795546,0.40889145
2017/2/13,0.007019922,0.408469475
2017/2/14,0.004509183,0.3944759
2017/2/15,0.005226653,0.404153368
2017/2/16,0.000383686,0.40503008
2017/2/17,0.000207546,0.429732226
2017/2/21,0.00575097,0.439366187
2017/2/22,0.001570381,0.430803222
2017/2/23,0.001669796,0.444899633
2017/2/24,0.000549576,0.456715437
2017/2/27,0.000752775,0.457426211
2017/2/28,-0.001210093,0.451037843
2017/3/1,0.014468461,0.450572157
2017/3/2,-0.00534588,0.45105801
2017/3/3,0.000130449,0.446632264
2017/3/6,-0.002448521,0.436093039
2017/3/7,-0.001412638,0.439269319
2017/3/8,-0.003304416,0.433348711
2017/3/9,0.000117946,0.422343399
2017/3/10,0.002145056,0.43720704
2017/3/13,-0.001029091,0.450202928
2017/3/14,-0.002114632,0.455319082
2017/3/15,0.00539541,0.448158754
2017/3/16,-0.000742515,0.450071725
2017/3/17,-0.000952468,0.447591148
2017/3/20,-0.000418934,0.459398991
2017/3/21,-0.011442408,0.456439085
2017/3/22,-0.000324709,0.463170676
2017/3/23,-0.000228473,0.467485278
2017/3/24,-0.002902073,0.485436069
2017/3/27,-0.002223211,0.506319063
2017/3/28,0.007297533,0.513197268
2017/3/29,-0.002039612,0.506970017
2017/3/30,0.003342533,0.498490422
2017/3/31,-0.003153774,0.495034488
2017/4/3,-0.000629819,0.501505291
2017/4/4,0.00188827,0.515673416
2017/4/5,-0.001988031,0.503943495
2017/4/6,0.000716514,0.50076651
2017/4/7,-0.000331566,0.50885944
2017/4/10,9.29E-05,0.503524574
2017/4/11,-0.00032535,0.504930296
2017/4/12,-0.002882419,0.482865409
2017/4/13,-0.006754058,0.471898732
2017/4/17,0.008939911,0.473257445
2017/4/18,-0.005521853,0.478173878
2017/4/19,-0.005804877,0.485542915
2017/4/20,0.008502072,0.482429877
2017/4/21,-0.001505114,0.472106597
2017/4/24,0.010463488,0.472499669
2017/4/25,0.011122238,0.468112569
2017/4/26,-0.001002116,0.462453458
2017/4/27,0.000297452,0.45055753
2017/4/28,-0.001947434,0.455475603
2017/5/1,-0.00129259,0.451778294
2017/5/2,0.001740425,0.458850315
2017/5/3,0.000382268,0.467839238
2017/5/4,-0.000306853,0.467328133
2017/5/5,0.002644048,0.468764418
2017/5/8,0.000254169,0.467427181
2017/5/9,-0.00173859,0.488902976
2017/5/10,-0.001558725,0.49243905
2017/5/11,-0.0011318,0.467399812
2017/5/12,-0.001090969,0.461955847
2017/5/15,0.004075123,0.471938635
2017/5/16,-0.000104381,0.482486332
2017/5/17,-0.01793026,0.476227752
2017/5/18,0.002718202,0.468913095
2017/5/19,0.006840023,0.465701656
2017/5/22,0.004316108,0.477969645
2017/5/23,0.002059632,0.479549135
2017/5/24,0.0035523,0.483474359
2017/5/25,0.003350965,0.470305526
2017/5/26,-0.000126651,0.46858481
2017/5/30,-0.002413219,0.472798269
2017/5/31,-0.00099053,0.471540747
2017/6/1,0.006430433,0.469338724
2017/6/2,0.002933145,0.476374058
2017/6/5,-0.001049768,0.474790832
2017/6/6,-0.002259438,0.481243447
2017/6/7,0.001770744,0.501644519
2017/6/8,0.000417412,0.498430004
2017/6/9,0.004213458,0.481462956
2017/6/12,-0.001707929,0.477674182
2017/6/13,0.004360485,0.474401057
2017/6/14,0.00215863,0.486346242
2017/6/15,-0.000686097,0.481824428
2017/6/16,0.00114074,0.482488474
2017/6/19,0.006744326,0.478876235
2017/6/20,-0.002877005,0.482689149
2017/6/21,-0.00266389,0.486925235
2017/6/22,-0.000595225,0.485473713
2017/6/23,-0.000118246,0.468628813
2017/6/26,0.000691052,0.470039793
2017/6/27,-0.004629667,0.471764195
2017/6/28,0.006732124,0.48524048
2017/6/29,-0.007841574,0.516132
2017/6/30,0.002936442,0.516867485
2017/7/3,0.006053875,0.500058775
2017/7/5,-5.12E-05,0.510958355
2017/7/6,-0.007389595,0.514214265
2017/7/7,0.004413316,0.532725611
2017/7/10,-0.000271817,0.520900679
2017/7/11,2.57E-05,0.509377986
2017/7/12,0.005732039,0.501092969
2017/7/13,0.000972491,0.512252296
2017/7/14,0.003919819,0.502378612
2017/7/17,-0.000370717,0.50268232
2017/7/18,-0.002545572,0.500237695
2017/7/19,0.003055389,0.518274349
2017/7/20,-0.001339575,0.521337811
2017/7/21,-0.001468333,0.525785528
2017/7/24,-0.003104898,0.516092686
2017/7/25,0.004649575,0.523518919
2017/7/26,0.004504624,0.507554545
2017/7/27,0.003932195,0.513975025
2017/7/28,0.001547671,0.51992731
2017/7/31,0.002781704,0.512786516
2017/8/1,0.003320032,0.497241364
2017/8/2,0.002379256,0.497925991
2017/8/3,0.000447751,0.510424301
2017/8/4,0.003024102,0.526570835
2017/8/7,0.001158529,0.508987478
2017/8/8,-0.001496706,0.513318129
2017/8/9,-0.001660397,0.510458523
2017/8/10,-0.009326901,0.512260785
2017/8/11,0.000654885,0.502245244
2017/8/14,0.006174876,0.495582546
2017/8/15,0.00024004,0.480419677
2017/8/16,0.001175726,0.486262991
2017/8/17,-0.012524949,0.489408942
2017/8/18,-0.003510404,0.496926057
2017/8/21,0.001348141,0.490873752
2017/8/22,0.008996557,0.493487606
2017/8/23,-0.004017211,0.494439887
2017/8/24,-0.001316191,0.51048602
2017/8/25,0.001388626,0.496917072
2017/8/28,-0.000241621,0.500282338
2017/8/29,0.00260889,0.497182651
2017/8/30,0.001236808,0.495189001
2017/8/31,0.00253966,0.491307666
2017/9/1,0.001796263,0.49324689
2017/9/5,-0.010710909,0.485307692
2017/9/6,0.002494437,0.484484167
2017/9/7,-0.001048806,0.498861716
2017/9/8,0.000597028,0.51096634
2017/9/11,0.011838198,0.495129779
2017/9/12,0.002783852,0.479910709
2017/9/13,0.00177609,0.477845168
2017/9/14,0.002042305,0.49560191
2017/9/15,0.002916905,0.517585733
2017/9/18,0.002825582,0.53791663
2017/9/19,0.001765016,0.530445651
2017/9/20,0.001866317,0.53505958
2017/9/21,-0.002383643,0.544305708
2017/9/22,-0.000431235,0.559840965
2017/9/25,-0.00239665,0.557672507
2017/9/26,-0.000528035,0.552511737
2017/9/27,0.002527283,0.543796554
2017/9/28,0.001810746,0.546414738
2017/9/29,0.001066844,0.553567449
2017/10/2,0.006783873,0.559791747
2017/10/3,0.003719976,0.539488291
2017/10/4,0.000881613,0.53268772
2017/10/5,0.00500694,0.543684563
2017/10/6,-7.55E-05,0.556036382
2017/10/9,-0.000553424,0.545037507
2017/10/10,0.003053625,0.550267866
2017/10/11,0.001847121,0.546647444
2017/10/12,-0.001394762,0.541968161
2017/10/13,0.001343608,0.538263928
2017/10/16,0.003719946,0.536173098
2017/10/17,0.001761747,0.514959673
2017/10/18,0.006940115,0.502996528
2017/10/19,0.000234884,0.507605792
2017/10/20,0.007123457,0.514693638
2017/10/23,-0.002346223,0.516996159
2017/10/24,0.007183908,0.514021727
2017/10/25,-0.004802108,0.488473605
2017/10/26,0.003055834,0.473724551
2017/10/27,0.001423293,0.472168019
2017/10/30,-0.003653046,0.481651259
2017/10/31,0.001219878,0.464583984
2017/11/1,0.002468159,0.463319868
2017/11/2,0.003461039,0.471086154
2017/11/3,0.000974595,0.493427521
2017/11/6,0.000392035,0.499687318
2017/11/7,0.000374053,0.505494616
2017/11/8,0.000260184,0.506787065
2017/11/9,-0.004313429,0.520677393
2017/11/10,-0.001694816,0.541250883
2017/11/13,0.000746448,0.55680218
2017/11/14,-0.001290525,0.556033782
2017/11/15,-0.005920659,0.569771168
2017/11/16,0.008006952,0.57175366
2017/11/17,-0.004277122,0.593329002
2017/11/20,0.003081524,0.587925249
2017/11/21,0.00682674,0.588253575
2017/11/22,-0.002744234,0.584363617
2017/11/24,0.001351197,0.587661573
2017/11/27,0.000966932,0.601736751
2017/11/28,0.010794856,0.603038929
2017/11/29,0.004352275,0.577060515
2017/11/30,0.013758738,0.554253939