Date,log_returns,hurst,hurstp,hurstm
2013/2/1,0.007346869,0.191945335,0.136234504,0.429866202
2013/2/4,-0.025229466,0.229364181,0.335886503,0.124751187
2013/2/5,0.003454253,0.269663218,0.26369431,0.140321563
2013/2/6,-0.010951294,0.288134012,0.457916065,0.046804861
2013/2/7,0.001274714,0.357804498,0.889423585,-0.095136133
2013/2/8,0.008041773,0.426803904,0.710442313,0.004015673
2013/2/11,-0.002407452,0.401931749,0.419005004,0.305571105
2013/2/12,0.003458892,0.267482307,0.132565748,0.278889916
2013/2/13,0.006726506,0.252836724,0.25453785,0.209810001
2013/2/14,-0.010519497,0.229636661,0.058910915,0.334439909
2013/2/15,-0.004949861,0.198097716,-0.064240086,0.547613629
2013/2/18,0.004627448,0.063608681,-0.301638181,0.461406334
2013/2/19,0.016087539,0.030650926,-0.502666366,0.404153547
2013/2/20,-0.003042373,0.119211366,-0.167724018,0.19465365
2013/2/21,-0.018982485,0.237767307,0.137900971,0.448717344
2013/2/22,0.010277235,0.269824705,0.166634316,0.535576368
2013/2/25,0.014419334,0.179158185,-0.246656671,0.818485453
2013/2/26,-0.022912722,0.302813726,0.167023147,0.687062145
2013/2/27,0.010308519,0.25421113,0.342669757,0.261832919
2013/2/28,0.008544871,0.236366422,-0.129949714,0.616229839
2013/3/1,-0.004341794,0.220242238,0.296158011,0.126435788
2013/3/4,-0.002140283,0.313971122,0.569362731,-0.508094444
2013/3/5,0.022958227,0.326470746,0.210027219,0.356405956
2013/3/6,0.006209155,0.327079065,0.311427652,0.159798917
2013/3/7,0.002577701,0.322593243,0.644941795,-0.347478554
2013/3/8,0.005864552,0.370362764,0.72988683,-0.072183117
2013/3/11,-0.000272999,0.408837121,0.581877976,0.107918933
2013/3/12,-0.002278312,0.258712252,0.329822189,0.168504912
2013/3/13,0.000601116,0.282175256,0.557313966,-0.093876403
2013/3/14,0.010912638,0.278252168,0.413356212,-0.031606351
2013/3/15,-0.001927805,0.304948976,-0.347957768,1.002316933
2013/3/18,-0.00400535,0.300908913,0.114068251,0.423835576
2013/3/19,-0.007884245,0.205144279,-0.187126854,0.409380018
2013/3/20,0.006793859,0.202223237,-0.091099765,0.602609716
2013/3/21,-0.008718256,0.187221736,-0.111405915,0.653799177
2013/3/22,-0.002671068,0.126234143,0.038119595,0.214555128
2013/3/25,-0.005126023,0.105687685,-0.06575397,0.441926914
2013/3/26,0.001113611,0.162549524,-0.102682739,0.578747762
2013/3/27,-0.011561988,0.22934885,0.171493322,0.401673368
2013/3/28,0.000798234,0.276729068,0.036578193,0.572259626
2013/4/2,0.018878291,0.239448824,0.098272152,0.736701388
2013/4/3,-0.008739124,0.254158905,0.242444004,0.364591769
2013/4/4,-0.007310699,0.272384676,0.155371988,0.427507606
2013/4/5,-0.020501954,0.296324503,0.230338984,0.40251549
2013/4/8,0.000507787,0.376266265,0.758424974,-0.573276412
2013/4/9,-0.003284938,0.411677918,0.732618929,-0.434434929
2013/4/10,0.022413993,0.423846498,0.589364639,0.101642329
2013/4/11,0.00777953,0.36224558,0.547668908,-0.46103547
2013/4/12,-0.01624738,0.307722752,0.337328778,-0.065927678
2013/4/15,-0.004158532,0.255895822,0.271391209,0.116196982
2013/4/16,-0.003903817,0.257516907,-0.057099467,0.67365801
2013/4/17,-0.023648489,0.211251762,0.0139662,0.453268062
2013/4/18,-0.003912734,0.220979658,0.121508889,0.081321126
2013/4/19,-0.001844153,0.234299376,-0.047440752,0.29534357
2013/4/22,0.002430034,0.289238819,-0.044694446,0.809459469
2013/4/23,0.023798189,0.369782797,0.276337212,0.448885634
2013/4/24,0.013079051,0.266968634,0.134590554,0.582930781
2013/4/25,0.009470379,0.236556474,0.119140631,0.685743349
2013/4/26,-0.002313452,0.255350016,0.063126009,0.729794136
2013/4/29,0.007488437,0.285921705,0.320439504,0.339059585
2013/4/30,0.005094008,0.22110671,0.118264772,0.527223294
2013/5/2,0.006047103,0.178372906,0.122811715,0.31203479
2013/5/3,0.019968333,0.177888863,0.287646916,0.181370671
2013/5/6,-0.001257825,0.36861524,0.508119666,0.345366874
2013/5/7,0.008555422,0.398458783,0.343359647,0.502701613
2013/5/8,0.008268317,0.359317124,0.268938855,0.476706872
2013/5/9,0.001555208,0.238903012,0.334995516,0.171270706
2013/5/10,0.001939407,0.151628676,0.206399251,-0.042370737
2013/5/13,8.46E-05,0.333960988,0.49706285,-0.293576307
2013/5/14,0.00719928,0.388031234,0.659594095,-0.471743244
2013/5/15,0.002791363,0.476514355,0.324098512,-0.048697657
2013/5/16,0.000890494,0.409368314,0.312027125,-0.06556533
2013/5/17,0.00335523,0.335525237,-0.060409506,0.301640735
2013/5/20,0.006862562,0.323713401,-0.035734786,0.567771212
2013/5/21,0.001934071,0.339264356,-0.003574121,0.741910656
2013/5/22,0.006903478,0.315797514,0.250342983,0.514166565
2013/5/23,-0.021195057,0.238270425,0.062524425,0.519593312
2013/5/24,-0.005602363,0.29186924,0.20112307,0.553399963
2013/5/27,0.009345358,0.277440526,0.169737338,0.630726491
2013/5/28,0.011571407,0.322921722,0.280644974,0.477703142
2013/5/29,-0.017159979,0.207700556,0.204926195,0.400208386
2013/5/30,0.007602455,0.238295181,0.205136284,0.570472665
2013/5/31,-0.006132908,0.228686811,0.146957086,0.522010325
2013/6/3,-0.007579401,0.227780278,0.248830035,0.253684154
2013/6/4,0.001225443,0.332600342,0.468014837,0.268636646
2013/6/5,-0.012100457,0.350199836,0.586868886,0.095123595
2013/6/6,-0.011951055,0.458719217,0.726153627,0.264727438
2013/6/7,0.019063175,0.296393825,0.299873389,0.287452287
2013/6/10,0.00640128,0.210075952,-0.15339324,0.518112245
2013/6/11,-0.010312158,0.209678686,-0.111831406,0.529934411
2013/6/12,-0.009677615,0.19633693,-0.148973012,0.379984511
2013/6/13,-0.005897055,0.20319719,-0.202723255,0.45872837
2013/6/14,0.004015206,0.288755305,0.315987242,-0.174061713
2013/6/17,0.01074064,0.428763005,0.744694549,-0.696387212
2013/6/18,0.001675865,0.485472395,0.855055265,-0.171430811
2013/6/19,-0.003948481,0.459733335,0.629060634,-0.601335194
2013/6/20,-0.033316653,0.339204716,0.054969372,0.46334345
2013/6/21,-0.017718046,0.363433122,0.021243507,0.929742461
2013/6/24,-0.012503966,0.311177032,0.073293512,0.78751594
2013/6/25,0.015332075,0.232868696,-0.142888909,0.685167066
2013/6/26,0.016466549,0.208072674,0.097995265,0.463457825
2013/6/27,0.00624667,0.226625781,0.21143362,0.373118623
2013/6/28,-0.003953618,0.212478616,0.224527687,0.32300645
2013/7/1,0.003098514,0.234455476,0.171871324,0.336883694
2013/7/2,-0.009204397,0.214566556,0.166819394,0.21363454
2013/7/3,-0.010349461,0.266654664,0.496938096,0.317926155
2013/7/4,0.020854378,0.334167927,0.164113863,0.717841278
2013/7/5,-0.02383737,0.282799496,-0.016277235,0.542786311
2013/7/8,0.02060862,0.277558828,0.177444069,0.206443973
2013/7/9,0.011133072,0.324470318,0.598622286,0.101142984
2013/7/10,0.001082843,0.412401586,0.422000762,0.418298756
2013/7/11,0.011379896,0.374493098,0.355407095,0.073502185
2013/7/12,0.006593161,0.301415723,-0.111379026,0.264160771
2013/7/15,0.002680031,0.282256833,0.14515721,0.222190173
2013/7/16,-0.004108096,0.247509305,0.219669213,0.207313246
2013/7/17,0.006522963,0.383203766,0.416843851,0.175214877
2013/7/18,0.009929077,0.454554567,0.731796037,-0.270836228
2013/7/19,-0.000662321,0.437803406,0.616146693,0.097097872
2013/7/22,-6.12E-05,0.406923957,0.660029375,-0.334524951
2013/7/23,-0.002022194,0.381820855,0.490188829,-0.456870655
2013/7/24,0.007773199,0.263411577,0.348454907,-0.145492002
2013/7/25,-0.009609088,0.186448812,0.126428996,0.366105797
2013/7/26,-0.006536575,0.089477753,-0.180011666,0.539976759
2013/7/29,0.001711107,0.10137653,-0.123577629,0.432326298
2013/7/30,0.001450692,0.230146178,0.205530579,0.372969031
2013/7/31,0.000598296,0.262146797,0.545709301,0.149548044
2013/8/1,0.016152137,0.298767211,0.246636263,0.553066209
2013/8/2,-0.000450716,0.331483149,0.134198236,0.446272527
2013/8/5,-0.001018725,0.362166755,0.172579012,0.237446628
2013/8/6,-0.011815846,0.414096114,0.403115722,0.595883587
2013/8/7,-0.004740287,0.425108737,0.276226791,0.756390957
2013/8/8,0.006977614,0.473672308,0.245590074,0.739337511
2013/8/9,0.002400247,0.509112083,0.507689171,0.294045241
2013/8/12,0.002508152,0.438927618,0.586040147,0.073334721
2013/8/13,0.006737428,0.377531595,0.715551374,0.005255107
2013/8/14,0.002653397,0.433264113,0.798938389,-0.11423134
2013/8/15,-0.007354439,0.291284966,0.591020594,-0.281994802
2013/8/16,0.001866626,0.232513753,0.398461563,0.058102812
2013/8/19,-0.003061185,0.176037092,0.264051421,-0.096190884
2013/8/20,-0.007951407,0.263294028,0.447577501,-0.228381697
2013/8/21,-0.001762993,0.298070571,0.942836369,-0.332617238
2013/8/22,0.013484347,0.2765885,0.734883252,-0.328172866
2013/8/23,0.002271798,0.258721841,0.275096557,0.056449318
2013/8/26,0.002155217,0.195792615,0.103107903,-0.235990155
2013/8/27,-0.023096524,0.145464874,-0.154462495,0.136243523
2013/8/28,-0.010324192,0.175129028,0.034963528,0.350860505
2013/8/29,0.004482516,0.246148838,-0.064368297,0.733764453
2013/8/30,-0.011216424,0.245431253,0.040106039,0.683566325
2013/9/2,0.017217019,0.335652273,0.322900876,0.499644957
2013/9/3,-0.00769095,0.398564168,0.439137337,0.37202808
2013/9/4,0.001857526,0.468305389,0.387079753,0.468153423
2013/9/5,0.004754465,0.559766667,0.58169309,0.494393699
2013/9/6,0.00492895,0.504243328,0.376889184,0.516261991
2013/9/9,7.85E-05,0.497726204,0.810011993,0.413926546
2013/9/10,0.020358465,0.424150214,0.464270575,0.450586821
2013/9/11,0.005806794,0.490974213,0.760245636,0.49246886
2013/9/12,-0.000203652,0.414254831,0.736529972,0.113290625
2013/9/13,0.001813753,0.288679976,0.539250275,-0.058273581
2013/9/16,0.012098905,0.28465684,0.585226131,-0.107116575
2013/9/17,-0.001865201,0.266624362,0.442853463,-0.213389227
2013/9/18,0.004538971,0.170495649,0.538477783,-0.543800509
2013/9/19,0.006707376,0.155261379,0.522826596,-0.439464794
2013/9/20,-0.002124364,0.132598782,0.118904342,-0.021930398
2013/9/23,-0.004672177,0.097884787,0.169582818,-0.073523081
2013/9/24,0.003388464,0.151002627,0.511980166,-0.226146113
2013/9/25,0.000118867,0.252395235,0.53259233,-0.226129551
2013/9/26,-0.000176575,0.393055905,0.326602915,0.166728279
2013/9/27,-0.000298979,0.206239363,-0.02777278,-0.225171942
2013/9/30,-0.007778244,0.188236962,-0.201834234,0.437053737
2013/10/1,0.010963142,0.283687707,0.126820234,0.619472563
2013/10/2,-0.006896675,0.428763456,0.066117964,0.714011519
2013/10/3,-0.003658145,0.459231524,0.574319803,0.64833607
2013/10/4,0.002910422,0.44208371,0.402310289,0.674929071
2013/10/7,-0.003646919,0.503502893,0.668823151,0.555613
2013/10/8,-0.004162719,0.489916239,0.75270184,0.269757397
2013/10/9,-0.004592167,0.619746784,0.703405371,0.526361716
2013/10/10,0.019658287,0.444663027,0.781295408,0.11747344
2013/10/11,0.004486929,0.363823904,0.475179838,0.574681456
2013/10/14,-0.000116915,0.360037262,0.6610167,0.326003137
2013/10/15,0.009200071,0.424256337,0.417135518,0.433859872
2013/10/16,0.00470924,0.351229387,0.749467721,-0.199081613
2013/10/17,-0.00385322,0.278464755,0.809691959,-0.578222038
2013/10/18,0.00601006,0.24528077,0.380690229,-0.153620726
2013/10/21,0.000239111,0.079780933,0.259591688,-0.527338297
2013/10/22,0.009008362,0.103832141,0.148527522,-0.270031048
2013/10/23,-0.003089442,0.215102207,0.433456562,-0.326031978
2013/10/24,0.006789784,0.22327068,0.014795603,0.267259063
2013/10/25,0.000568841,0.14501555,-0.107450933,0.079532307
2013/10/28,-0.000789339,0.224691657,0.254397287,0.102886241
2013/10/29,0.004820936,0.377286761,0.307921673,0.413268728
2013/10/30,-0.001305435,0.447718519,0.240545549,0.464100767
2013/10/31,0.002621344,0.428650688,0.40254442,-0.07835663
2013/11/1,-0.002892183,0.362573084,-0.066894399,0.856588613
2013/11/4,0.003258512,0.396005988,-0.033187492,1.005800108
2013/11/5,-0.003116424,0.438916461,0.557365944,0.679669467
2013/11/6,0.003519121,0.55137151,0.645293853,0.646441255
2013/11/7,0.004432214,0.562924421,0.737858681,0.570524848
2013/11/8,-0.000302875,0.407416216,0.642639335,0.591409798
2013/11/11,0.00325303,0.292844383,0.609241068,0.236410415
2013/11/12,-0.003451325,0.368831778,0.582323976,0.062074362
2013/11/13,-0.002388135,0.324386785,0.676104184,-0.150998318
2013/11/14,0.010418403,0.304442703,1.018305789,0.023158713
2013/11/15,0.002077699,0.265585421,0.356768651,0.23177002
2013/11/18,0.006169382,0.237146759,0.234368956,0.190839653
2013/11/19,-0.003489931,0.330124025,0.753936432,-0.304941789
2013/11/20,0.000954589,0.340616709,0.663082549,-0.470092528
2013/11/21,-0.000651152,0.354252495,0.526097452,-0.160811538
2013/11/22,0.002493604,0.144352709,0.364530187,-0.684641228
2013/11/25,0.008738113,0.138562025,-0.163156739,0.170873217
2013/11/26,-0.001062936,0.196610905,-0.04177241,0.52360013
2013/11/27,0.006551104,0.227208538,-0.091557049,0.484233029
2013/11/28,0.003867977,0.285150272,0.411540754,0.19475394
2013/11/29,0.001908191,0.350694853,0.198573674,0.579263204
2013/12/2,-0.000355182,0.36072866,0.089937821,0.644222063
2013/12/3,-0.019174445,0.370118196,0.304705497,0.240723496
2013/12/4,-0.009014422,0.45187854,0.31609699,0.257893595
2013/12/5,-0.006110113,0.459357406,0.520319689,0.373573661
2013/12/6,0.009580867,0.412204707,0.356505373,0.861630627
2013/12/9,0.002478281,0.275066726,0.34962628,0.65841163
2013/12/10,-0.008818377,0.351100173,0.147670625,0.594170294
2013/12/11,-0.004104109,0.432962409,1.066710294,0.119249992
2013/12/12,-0.006644175,0.383682986,1.055098539,0.17612536
2013/12/13,-0.001169587,0.288439322,0.907272642,0.238919074
2013/12/16,0.017292652,0.207901431,0.745981708,-0.386927996
2013/12/17,-0.008596839,0.186973184,0.841472654,-0.192488953
2013/12/18,0.010579908,0.275701636,0.883142955,-0.148974845
2013/12/19,0.016632227,0.339408194,0.577012337,0.092251659
2013/12/20,0.006878793,0.399639086,0.429282091,0.289641981
2013/12/23,0.009385425,0.434229404,0.535661386,0.004601857
2013/12/27,0.010543015,0.565863206,0.617393594,-0.002492502
2013/12/30,-0.003889972,0.626827213,0.702585075,0.16652297
2014/1/2,-0.016053362,0.496287794,0.687186964,-0.18866908
2014/1/3,0.003728132,0.291980478,0.087487237,0.520142214
2014/1/6,-0.000758092,0.237608864,-0.078569157,0.547280948
2014/1/7,0.008260232,0.285712878,0.021314315,0.348855482
2014/1/8,-0.000879813,0.354322256,0.308885182,0.543468832
2014/1/9,-0.008058417,0.290730572,0.525361867,0.131949566
2014/1/10,0.005464995,0.211398559,0.161379052,0.342944168
2014/1/13,0.003890771,0.313623469,-0.009370107,0.487709772
2014/1/14,0.003185191,0.344513817,0.215805688,0.043467636
2014/1/15,0.020058449,0.411650226,0.8071841,0.212317006
2014/1/16,-0.001655398,0.369576626,0.629779003,0.274574844
2014/1/17,0.002594979,0.33419941,0.492578396,0.456018954
2014/1/20,-0.002781254,0.368585384,0.717518323,0.316000062
2014/1/21,0.00146251,0.493471575,1.092373904,0.300277382
2014/1/22,-0.001029294,0.507987527,1.346556911,0.009765212
2014/1/23,-0.009205719,0.418699366,1.134117308,-0.040298252
2014/1/24,-0.025130823,0.347765873,1.058878398,-0.326019349
2014/1/27,-0.004567475,0.27839945,0.458842571,0.304187312
2014/1/28,0.006151608,0.391358886,0.640826675,0.422964128
2014/1/29,-0.007488442,0.553799776,0.530496283,0.512621927
2014/1/30,0.003928342,0.632488505,0.564359808,0.673903416
2014/1/31,-0.007173494,0.519673733,0.316947155,0.423790611
2014/2/3,-0.01297374,0.427061858,0.262599661,0.367902741
2014/2/4,-0.006400439,0.478830848,0.463503613,-0.031563707
2014/2/5,-0.001270539,0.467609028,0.382536581,0.064221982
2014/2/6,0.015268436,0.21345356,0.063529606,0.275502231
2014/2/7,0.00488618,0.09788152,-0.160906902,0.266087545
2014/2/10,-0.001297348,0.206132183,-0.117688482,0.42947338
2014/2/11,0.020131078,0.318616126,0.331142215,0.347834008
2014/2/12,0.006438924,0.41906013,0.516579883,0.573913188
2014/2/13,0.005933098,0.31854644,0.324543054,0.269563164
2014/2/14,0.006815481,0.364140184,0.257517583,0.282481944
2014/2/17,-0.000583876,0.359896473,0.684638172,-0.168513079
2014/2/18,0.000312685,0.454660438,0.899694176,0.211753927
2014/2/19,2.80E-05,0.555287677,1.051906128,0.281406986
2014/2/20,-0.004274109,0.50648161,0.929361403,0.331496144
2014/2/21,0.003953148,0.433301028,0.832710968,0.1632938
2014/2/24,0.005369247,0.469893388,1.002463577,0.347980893
2014/2/25,-0.000988238,0.504740972,0.957535586,0.45787151
2014/2/26,-0.003886152,0.423662881,0.970854728,0.097837438
2014/2/27,-0.007625987,0.486105362,0.74268532,0.153450972
2014/2/28,0.010762323,0.436134373,0.476656944,0.225631283
2014/3/3,-0.034982363,0.432530705,0.249826126,0.649012148
2014/3/4,0.024305557,0.524809257,0.30147895,0.602054332
2014/3/5,-0.004927048,0.665186344,0.502915041,0.656334535
2014/3/6,8.91E-05,0.609085135,0.661742057,0.115701921
2014/3/7,-0.020337725,0.285866156,0.200800914,-0.227402005
2014/3/10,-0.009158729,0.279757364,0.223178362,-0.225898756
2014/3/11,0.004553859,0.285414779,0.396565337,-0.440285792
2014/3/12,-0.012878304,0.355456087,0.17817966,0.360898388
2014/3/13,-0.018774087,0.2130349,-0.04122752,0.507288372
2014/3/14,0.004273501,0.106916576,-0.211198006,0.369049927
2014/3/17,0.013651356,0.171191585,0.339983787,-0.12988851
2014/3/18,0.006693672,0.372674784,0.48562483,0.36008206
2014/3/19,0.003725787,0.496586499,0.750347224,0.269289889
2014/3/20,0.0020535,0.525634867,1.01626672,-0.067253621
2014/3/21,0.005023869,0.399889802,0.515375627,-0.011343942
2014/3/24,-0.016638892,0.426767676,0.687449016,0.361609273
2014/3/25,0.016152845,0.589214748,0.929116122,0.342739704
2014/3/26,0.011729534,0.560835448,0.699115079,0.459641917
2014/3/27,0.00027831,0.533463062,0.714106884,0.394519716
2014/3/28,0.014285057,0.459170602,0.728996165,0.236741113
2014/3/31,-0.003268021,0.405079665,0.6623183,0.320619583
2014/4/1,0.004989671,0.272346857,0.274782862,0.223000025
2014/4/2,0.002043994,0.444311747,0.53180206,0.174346727
2014/4/3,0.000567209,0.435682003,0.672002544,0.022019515
2014/4/4,0.006929023,0.3434214,0.393565321,0.348852496
2014/4/7,-0.019256456,0.386237112,0.050769568,0.507261268
2014/4/8,-0.002111397,0.564313972,0.580092425,0.35368935
2014/4/9,0.001638142,0.695759786,0.956295635,-0.132796594
2014/4/10,-0.005464947,0.475715871,0.463097801,-0.024733699
2014/4/11,-0.014837913,0.327994162,0.151167329,-0.036129269
2014/4/14,0.002560247,0.145991609,0.183276805,-0.494053212
2014/4/15,-0.017875599,0.138365211,0.102870631,0.164524536
2014/4/16,0.015586911,0.219720532,0.220533397,0.20660883
2014/4/17,0.009813439,0.283758905,0.535878917,0.13276959
2014/4/22,0.020030339,0.267746248,0.493873951,0.005126218
2014/4/23,-0.005839881,0.315154617,0.214184178,0.604613951
2014/4/24,0.000470333,0.523137125,0.709477196,0.551006975
2014/4/25,-0.015528356,0.503736089,0.636572139,0.29816789
2014/4/28,0.004754913,0.481429578,0.490762132,0.39981901
2014/4/29,0.01447808,0.388216817,0.903848566,0.055737967
2014/4/30,0.001991938,0.438925997,0.760937352,0.390728005
2014/5/2,-0.004928178,0.451268977,0.676464301,0.389899156
2014/5/5,-0.002779072,0.535265269,0.571957864,0.56525911
2014/5/6,-0.006524201,0.505734258,0.817401538,0.290722136
2014/5/7,0.005663345,0.316541353,0.601817512,0.105694527
2014/5/8,0.009002241,0.369675483,0.327180479,0.297860651
2014/5/9,-0.002704697,0.514250395,0.867232987,-0.014348449
2014/5/12,0.012550524,0.484050874,0.657799567,0.148398466
2014/5/13,0.005342079,0.325251979,0.623694187,0.009337344
2014/5/14,-4.10E-06,0.437979841,0.18853691,0.587574562
2014/5/15,-0.010132778,0.36543969,0.065995397,0.494752519
2014/5/16,-0.002794898,0.322403696,0.316773077,-0.077442584
2014/5/19,0.003140736,0.294673128,0.30199969,-0.126576484
2014/5/20,-0.002104831,0.37955244,0.471292864,0.044833844
2014/5/21,0.006080605,0.168509384,0.284985183,-0.079929976
2014/5/22,0.002372962,-0.027310156,0.065147576,0.119085931
2014/5/23,0.004833525,0.231178771,0.341678847,0.315953349
2014/5/26,0.012696481,0.336271988,0.164351743,0.653143276
2014/5/27,0.004840271,0.414199648,0.558813717,0.229012103
2014/5/28,-0.000165996,0.361830069,0.65466587,0.173642736
2014/5/29,-2.72E-05,0.389212152,0.406496756,0.429551255
2014/5/30,0.00043959,0.421525722,0.460656766,0.293132246
2014/6/2,0.000688671,0.611813213,0.855476433,0.115572412
2014/6/3,-0.0030579,0.5057161,0.661612313,0.344358412
2014/6/4,0.000698363,0.348597761,0.51051948,0.342114562
2014/6/5,0.002129363,0.436823874,0.557482095,0.281107304
2014/6/6,0.003948835,0.616613306,0.857761343,0.439295068
2014/6/9,0.002144449,0.624711747,0.593698833,0.626980062
2014/6/10,0.002013233,0.418494328,0.795766569,0.092795673
2014/6/11,-0.007907498,0.441345851,0.875798614,0.031018268
2014/6/12,-0.001117228,0.389403158,0.656405736,0.043144929
2014/6/13,-0.002602315,0.297557079,0.163985037,0.358897957
2014/6/16,-0.002918648,0.323772048,0.100512001,0.418445239
2014/6/17,0.003669914,0.455367341,0.382099928,0.367070201
2014/6/18,0.001008531,0.457237266,0.433659755,0.278696814
2014/6/19,0.007391303,0.385477965,0.446734715,0.213350843
2014/6/20,-0.001676735,0.516232502,0.422308988,0.41107767
2014/6/23,-0.006662619,0.381882917,0.270501448,0.42684881
2014/6/24,0.001728184,0.190010253,0.280128063,0.074521657
2014/6/25,-0.007101979,0.089684604,0.387993516,-0.144265733
2014/6/26,-0.006389603,0.122167501,0.116439194,0.252069862
2014/6/27,0.001046887,0.162602071,0.041252129,0.253263874
2014/6/30,0.001822047,0.385730927,0.980121615,-0.108379138
2014/7/1,0.007026967,0.488519797,0.714248609,0.237652403
2014/7/2,0.000894332,0.348204449,0.297865091,0.420461491
2014/7/3,0.011851277,0.442563438,0.593126877,0.26659546
2014/7/4,-0.00203109,0.662413716,1.330681386,-0.000998869
2014/7/7,-0.01034498,0.776673203,1.006147046,0.646441023
2014/7/8,-0.013557986,0.559244748,0.597116065,0.518199584
2014/7/9,0.003629056,0.529385233,0.912212924,0.217549643
2014/7/10,-0.015315188,0.443797729,1.086433815,-0.099495038
2014/7/11,0.000746166,0.467018762,0.573614931,0.403948938
2014/7/14,0.01199746,0.471162183,0.428983513,0.404620197
2014/7/15,-0.006522291,0.412593046,0.712224554,0.178511091
2014/7/16,0.014287212,0.300077531,0.434051942,0.163917783
2014/7/17,-0.010746975,0.287032573,0.129427498,0.499379216
2014/7/18,-0.003477478,0.416299514,0.26144788,0.620680063
2014/7/21,-0.011170156,0.403750408,0.131856998,0.615404567
2014/7/22,0.012641293,0.341292415,0.066695229,0.572735831
2014/7/23,0.001973534,0.361428059,0.450102649,0.09016448
2014/7/24,0.004143733,0.313575852,0.103620786,0.398233414
2014/7/25,-0.015439082,0.173990019,0.205913944,0.19459054
2014/7/28,-0.004764542,0.217517957,0.648508791,-0.31608638
2014/7/29,0.005761555,0.141959407,0.26786518,0.088304513
2014/7/30,-0.006229462,0.110086271,0.193953628,-0.081467873
2014/7/31,-0.019599431,0.249009441,0.616418179,-0.019969806
2014/8/1,-0.021206581,0.540029136,1.577029467,-0.308332962
2014/8/4,-0.0060923,0.680893863,0.987127765,0.4229276
2014/8/5,0.003881408,0.605355388,0.892239095,0.403373344
2014/8/6,-0.006517569,0.571391349,0.983708302,0.223327875
2014/8/7,-0.010024846,0.431663059,0.924235038,-0.087479622
2014/8/8,-0.003285633,0.46721781,0.869882427,0.174495141
2014/8/11,0.018848214,0.573064121,0.520920018,0.631419407
2014/8/12,-0.012193983,0.535570896,0.500924432,0.404341718
2014/8/13,0.014167909,0.380266783,0.271986289,0.487482011
2014/8/14,0.002846292,0.40241332,0.236566774,0.717871011
2014/8/15,-0.014467134,0.601372199,0.290984505,0.906405883
2014/8/18,0.016657663,0.496986858,0.404740917,0.780919751
2014/8/19,0.009575086,0.430386327,0.438041602,0.525682823
2014/8/20,-0.002113804,0.320612263,0.337414904,0.437884844
2014/8/21,0.009292601,0.248278226,-0.099381069,0.512965601
2014/8/22,-0.006655059,0.215561103,-0.047306861,0.4031459
2014/8/25,0.018141215,0.419043182,0.371645909,0.360185766
2014/8/26,0.008169363,0.451720307,0.575415847,0.105477245
2014/8/27,-0.001925059,0.344369812,0.428840792,0.127313821
2014/8/28,-0.011259942,0.473222535,1.025704787,-0.178206137
2014/8/29,0.000803899,0.441954851,1.392295174,-0.370410576
2014/9/1,0.000935132,0.33544088,0.660116187,0.088064706
2014/9/2,0.002948483,0.241456473,0.979147314,-0.365142007
2014/9/3,0.0124882,0.501079525,1.198767298,-0.040878483
2014/9/4,0.010105121,0.355814806,0.765018407,-0.079149707
2014/9/5,0.002337803,0.361161348,0.612219005,0.149757284
2014/9/8,0.001128939,0.470447741,0.644021183,0.308119977
2014/9/9,-0.004862165,0.543473978,0.730570427,0.336404484
2014/9/10,-0.001084959,0.478055342,0.325663204,0.467394811
2014/9/11,-0.000916899,0.371490842,0.397610109,0.49936139
2014/9/12,-0.004151505,0.576729673,0.361205212,0.778811647
2014/9/15,0.000880338,0.567010455,0.078899738,0.962984555
2014/9/16,-0.002767908,0.540755022,0.406585633,0.715310165
2014/9/17,0.002961479,0.455553196,0.383466857,0.489019202
2014/9/18,0.014042635,0.458447337,0.012344319,0.859262606
2014/9/19,0.000115321,0.340563035,0.317396064,0.454752311
2014/9/22,-0.005086768,0.37907884,0.785608782,0.013489903
2014/9/23,-0.015974848,0.300581929,0.560491663,0.100910238
2014/9/24,0.006952305,0.163728392,0.341498853,-0.07412313
2014/9/25,-0.015852633,0.33319025,0.474261275,0.1776674
2014/9/26,-0.002048361,0.451197246,0.98531207,0.008391827
2014/9/29,-0.007152609,0.446950678,0.67431356,0.219020387
2014/9/30,0.005438912,0.339095279,0.749932147,-0.035258781
2014/10/1,-0.009786712,0.372316425,1.218983606,-0.262398874
2014/10/2,-0.020062349,0.245631889,0.888104619,-0.252688766
2014/10/6,0.001502837,0.086241874,0.705661731,-0.302475824
2014/10/7,-0.013478766,0.161722073,0.581061466,-0.187886423
2014/10/8,-0.010052326,0.321575182,0.727209805,-0.004119712
2014/10/9,0.001076646,0.383892575,0.640059833,0.251873442
2014/10/10,-0.024302878,0.335676135,0.070677787,0.509324049
2014/10/13,0.002683903,0.475230114,0.302643166,0.614079515
2014/10/14,0.001449174,0.482480798,0.280576907,0.598079075
2014/10/15,-0.029117154,0.556161357,0.291233507,0.661707957
2014/10/16,0.001276607,0.524715943,0.630436947,0.438163663
2014/10/17,0.030676115,0.519158946,0.254681077,0.727478984
2014/10/20,-0.015085643,0.420405221,0.059022489,0.80876022
2014/10/21,0.01922271,0.402426753,0.53772439,0.293027606
2014/10/22,0.005966215,0.412178463,0.473259633,0.360035022
2014/10/23,0.011916227,0.440591079,0.471664386,0.335692686
2014/10/24,-0.006599374,0.431763273,1.039230358,-0.04491101
2014/10/27,-0.00952361,0.514759338,1.459431924,-0.244286192
2014/10/28,0.018428193,0.542814719,1.030009408,0.000975794
2014/10/29,0.001610931,0.256431345,0.461075798,0.083423133
2014/10/30,0.003520238,0.281035339,0.585219995,0.037239765
2014/10/31,0.022995627,0.163815399,0.457702909,-0.152207271
2014/11/3,-0.008092163,0.273188211,0.476240897,-0.035219856
2014/11/4,-0.009255057,0.287709322,0.332161189,0.211519463
2014/11/5,0.016125271,0.223609409,0.590654318,-0.077012364
2014/11/6,0.006626073,0.26236961,0.984031625,-0.194903149
2014/11/7,-0.009168086,0.247144274,0.757055074,0.104282851
2014/11/10,0.006440804,0.359132337,0.578853653,0.222672492
2014/11/11,0.001833246,0.427941581,0.288108942,0.580842059
2014/11/12,-0.01701549,0.482337295,0.446343582,0.41848613
2014/11/13,0.004068378,0.532154006,0.472065387,0.535730491
2014/11/14,0.000478881,0.581566363,0.222339926,0.818899594
2014/11/17,0.005755624,0.452761186,0.207976517,0.630069073
2014/11/18,0.016008545,0.47510945,0.396652283,0.464150744
2014/11/19,0.001719026,0.358357275,0.286750056,0.423057348
2014/11/20,0.001178471,0.350717166,0.369435686,0.367927763
2014/11/21,0.025872933,0.418004861,0.34844621,0.518123824
2014/11/24,0.005429848,0.424123703,0.728050119,0.086756415
2014/11/25,0.007703093,0.540988166,0.479597268,0.564346997
2014/11/26,0.005496361,0.579260779,0.756985359,0.335501231
2014/11/27,0.00596369,0.482239659,0.837922015,0.078964124
2014/11/28,0.000599327,0.34351204,0.714770666,-0.112710509
2014/12/1,-0.001738838,0.245539309,0.51218368,-0.115387648
2014/12/2,-0.002958149,0.246360405,0.57271388,0.024871636
2014/12/3,0.003788837,0.258227994,0.380737322,0.133263456
2014/12/4,-0.012151605,0.19790602,0.496722122,-0.023943759
2014/12/5,0.023650861,0.261230434,0.403937752,0.130435557
2014/12/8,-0.007176392,0.448501038,0.331540004,0.648190737
2014/12/9,-0.022342628,0.389922139,0.364426165,0.451579061
2014/12/10,0.000614491,0.39326795,0.70812872,0.213350009
2014/12/11,0.006387894,0.312818001,0.769002165,0.111599537
2014/12/12,-0.027528739,0.391241228,0.583101762,0.325332374
2014/12/15,-0.027549271,0.386606325,0.126024664,0.559105101
2014/12/16,0.024329829,0.440352495,0.741782001,0.094092032
2014/12/17,-0.00203681,0.450638999,0.128900626,0.823985816
2014/12/18,0.027552582,0.512979784,0.441533083,0.522280413
2014/12/19,-0.002459433,0.438956441,0.378201723,0.426265424
2014/12/22,0.008019289,0.454410302,0.341112224,0.513213257
2014/12/23,0.005695424,0.507873209,0.053226991,0.91221249
2014/12/29,0.000505813,0.463832969,0.175354427,0.788172006
2014/12/30,-0.012322861,0.53101327,-0.07138977,1.055472246
2015/1/2,-0.004171638,0.335745698,0.071042606,0.775137076
2015/1/5,-0.030314377,0.163543615,0.073707116,0.202323613
2015/1/6,-0.000369533,0.283124937,0.288068806,0.308906825
2015/1/7,0.00511065,0.356046246,0.60984,0.09223633
2015/1/8,0.033009141,0.358772314,0.397674716,0.459489329
2015/1/9,-0.019410333,0.265258261,0.690053492,0.093926221
2015/1/12,0.013731276,0.336398917,0.829931326,0.157406598
2015/1/13,0.01613388,0.402447057,0.7600001,0.030381618
2015/1/14,-0.012543893,0.428031769,0.31025928,0.204151308
2015/1/15,0.021717062,0.465466735,0.480388469,0.385114542
2015/1/16,0.013382126,0.534742307,0.410064954,0.590920461
2015/1/19,0.007308172,0.452702368,0.45028261,0.388066857
2015/1/20,0.001441988,0.496673659,0.919046916,0.198337888
2015/1/21,0.004096062,0.439822398,0.739547865,0.618151938
2015/1/22,0.013155819,0.493277333,0.716265404,0.582476937
2015/1/23,0.020295501,0.453489748,0.346220862,0.605936171
2015/1/26,0.013871038,0.363884334,0.617846825,0.209286889
2015/1/27,-0.015844893,0.344158145,0.361579784,0.34451365
2015/1/28,0.007721851,0.247139065,0.25586005,0.436124955
2015/1/29,0.002508295,0.207599718,0.118916783,0.409573984
2015/1/30,-0.004063986,0.433190897,0.34766463,0.954576928
2015/2/2,0.012423536,0.261820633,0.172012963,0.353584415
2015/2/3,0.005795874,0.177544983,0.237160678,0.152544715
2015/2/4,0.001868613,0.194142981,-0.050678615,0.3185605
2015/2/5,-0.000541786,0.230306878,0.143718806,0.593748276
2015/2/6,-0.005426691,0.314263092,-0.141884281,1.247758305
2015/2/9,-0.017004673,0.413488785,-0.031893942,1.160432422
2015/2/10,0.008434337,0.441246708,0.412107279,0.654662699
2015/2/11,-0.000159956,0.56225111,0.732559949,0.181744061
2015/2/12,0.015461904,0.453355133,0.591870038,0.214177062
2015/2/13,0.003998534,0.374398761,0.852068688,-0.101132741
2015/2/16,-0.003670738,0.310203875,0.585088172,-0.223254025
2015/2/17,-0.002530841,0.309514482,0.32236423,-0.105127944
2015/2/18,0.005982645,0.382690693,0.448161836,0.284853094
2015/2/19,0.003728103,0.606216733,0.480717687,0.721731624
2015/2/20,0.004416724,0.656640868,0.895954461,0.471704648
2015/2/23,0.007238477,0.594103569,1.052255117,0.46206222
2015/2/24,0.006699326,0.439431104,1.326160794,-0.053953247
2015/2/25,0.000404175,0.251178015,1.031524144,-0.248997883
2015/2/26,0.010375708,0.143178978,0.318256764,0.083095342
2015/2/27,0.006552929,0.05278508,-0.144900914,0.819907623
2015/3/2,0.000762756,0.081655777,-0.320955983,0.496006755
2015/3/3,-0.011458554,0.129924996,-0.117534005,0.355291602
2015/3/4,0.009705979,0.084097489,-0.299485125,0.221774015
2015/3/5,0.009926531,0.219793152,0.161843423,0.52135575
2015/3/6,0.004073746,0.362074478,0.24235143,0.725057544
2015/3/9,0.00269225,0.414792585,-0.049460845,1.222894881
2015/3/10,-0.007081588,0.286881824,-0.333864716,0.877126102
2015/3/11,0.026226951,0.357725074,0.090389827,0.642625034
2015/3/12,-0.000559195,0.432417141,0.101690169,0.821690507
2015/3/13,0.00862585,0.503691757,-0.091621703,1.127379534
2015/3/16,0.022112858,0.480858638,0.381180164,0.763559081
2015/3/17,-0.015477002,0.521976897,0.751560621,0.232564991
2015/3/18,-0.004859525,0.450150065,0.634160677,0.094263799
2015/3/19,-0.001962039,0.47324999,1.040404264,-0.432496552
2015/3/20,0.011694134,0.530427361,0.820420855,-0.112760688
2015/3/23,-0.011993354,0.469859888,0.756730125,0.211911072
2015/3/24,0.009191945,0.372900281,0.598298094,-0.043649094
2015/3/25,-0.011760844,0.348309559,0.905177096,-0.256604218
2015/3/26,-0.001825468,0.355880881,1.076623927,-0.183976859
2015/3/27,0.002079116,0.397836034,0.768004072,0.801505489
2015/3/30,0.018175077,0.23032561,0.574753776,0.226997719
2015/3/31,-0.009965084,0.206220737,0.766921154,0.014108199
2015/4/1,0.002938141,0.153702345,-0.147899426,0.258887644
2015/4/2,-0.002836192,-0.0407652,-0.378559127,0.582853865
2015/4/7,0.012961917,0.104195831,-0.231309278,0.734100297
2015/4/8,-0.007256841,0.343993043,-0.059420086,0.893771056
2015/4/9,0.010790815,0.210733985,-0.51414683,0.969369242
2015/4/10,0.016975148,0.381256215,0.007306611,0.711515761
2015/4/13,-0.002913394,0.418836993,0.158591535,0.749609525
2015/4/14,-0.009047404,0.431975313,0.415704358,0.549442829
2015/4/15,0.000305819,0.302783003,-0.225086784,0.918765516
2015/4/16,-0.019189865,0.238058275,-0.162348221,0.777361735
2015/4/17,-0.026189082,0.313830288,0.120104638,0.677074519
2015/4/20,0.017235774,0.534471019,-0.047360354,0.945150754
2015/4/21,0.004000594,0.673765209,0.888409618,0.436270364
2015/4/22,-0.006066314,0.758330809,1.066517587,0.349202467
2015/4/23,-0.012190419,0.577636631,1.214442275,-0.313513809
2015/4/24,0.007416402,0.325415755,1.240579231,-0.616042122
2015/4/27,0.019146069,0.360010986,1.11320168,-0.551501629
2015/4/28,-0.019077491,0.338579746,0.643678441,0.227845796
2015/4/29,-0.032607759,0.201964777,0.360650326,-0.01383774
2015/4/30,0.00189277,0.225238633,0.473020264,0.07215916
2015/5/4,0.014342653,0.335426297,0.68772512,0.023212398
2015/5/5,-0.025465555,0.390296016,0.595951354,0.633360195
2015/5/6,0.001981672,0.257479294,0.705250675,0.360300266
2015/5/7,0.005081274,0.269640906,0.602056901,0.418174597
2015/5/8,0.026107886,0.207793649,-0.041807564,0.5794938
2015/5/11,-0.003111654,0.211813165,-0.267880933,0.83712216
2015/5/12,-0.017363444,0.268015123,-0.108524506,0.774933893
2015/5/13,-0.010598652,0.30432312,-0.059655606,0.705475325
2015/5/14,0.018188922,0.278442017,-0.051138243,0.634294041
2015/5/15,-0.009804984,0.307500846,-0.171215707,0.801215519
2015/5/18,0.012781565,0.297083404,0.254463317,0.662600355
2015/5/19,0.022096968,0.371603176,0.415888249,0.624432522
2015/5/20,-0.000410095,0.387167901,0.021812031,0.68645097
2015/5/21,0.001359589,0.353577129,0.457762532,0.251830625
2015/5/22,-0.004187577,0.406360547,0.365766834,0.40374582
2015/5/27,0.012480789,0.465202521,0.386183277,0.538245966
2015/5/28,-0.007980016,0.496172111,0.580062229,0.306922852
2015/5/29,-0.022845006,0.570984716,0.853783506,0.071135357
2015/6/1,0.001945745,0.408914425,0.734556467,-0.252912843
2015/6/2,-0.009422491,0.318799248,0.906899457,-0.317873798
2015/6/3,0.007984773,0.358570451,0.476284374,-0.163970624
2015/6/4,-0.006943722,0.398699423,0.655231205,0.331284761
2015/6/5,-0.012729925,0.349273903,0.61122267,0.418189761
2015/6/8,-0.011879538,0.310079981,0.548383021,0.448493619
2015/6/9,-0.005767205,0.255984285,0.368741476,0.400357983
2015/6/10,0.023722655,0.448698363,0.6238328,0.533956056
2015/6/11,0.005964217,0.401453611,0.832733259,0.605037342
2015/6/12,-0.012099075,0.218413304,0.449955636,0.399523924
2015/6/15,-0.019072361,0.146721127,0.329286755,0.295443821
2015/6/16,0.005360225,0.131940481,-0.060223596,0.570138784
2015/6/17,-0.005994018,0.192470494,-0.148329588,0.8541945
2015/6/18,0.011077954,0.350001234,-0.158003426,0.976941694
2015/6/19,-0.005438036,0.374318059,0.105206756,0.745679689
2015/6/22,0.037372242,0.376940908,0.138896062,0.543804795
2015/6/23,0.007133,0.345976121,0.423346303,0.195162378
2015/6/24,-0.006194564,0.292958619,0.446519527,0.195202392
2015/6/25,0.000163003,0.226689046,0.207927544,0.275249923
2015/6/26,0.001680778,0.209785904,-0.117887027,0.696912798
2015/6/29,-0.036258109,0.235133514,0.112691289,0.28316714
2015/6/30,-0.012550458,0.386350367,0.36585491,0.257077378
2015/7/1,0.021291199,0.457044923,0.181577054,0.291037445
2015/7/2,-0.007284641,0.564852152,0.594230269,0.441928388
2015/7/3,-0.003697132,0.605038061,0.868845395,0.168186932
2015/7/6,-0.015286629,0.544212443,1.045398908,0.007365744
2015/7/7,-0.019831497,0.38289901,0.395667776,0.250261311
2015/7/8,0.00658327,0.433121622,0.497754231,0.372433969
2015/7/9,0.022914296,0.501566327,0.816753375,0.602779673
2015/7/10,0.0286161,0.412604266,0.853641491,0.596594123
2015/7/13,0.014802895,0.21259494,0.678974591,0.146282694
2015/7/14,0.002827671,0.209107859,0.514900313,0.437751285
2015/7/15,0.001974276,0.15655625,0.497759306,0.313071551
2015/7/16,0.015230498,0.212196751,0.590466709,0.536780806
2015/7/17,-0.003705833,0.402327247,0.507631954,0.686341607
2015/7/20,0.00532272,0.276402223,0.370711419,0.494812629
2015/7/21,-0.011218377,0.215693393,0.156349515,0.356058542
2015/7/22,-0.007275992,0.165186591,0.366497186,-0.050355904
2015/7/23,-0.000743289,0.160966126,0.005341796,0.437297635
2015/7/24,-0.014406476,0.408191255,0.087384251,0.942298847
2015/7/27,-0.025983603,0.287789183,-0.157046125,0.630205691
2015/7/28,0.010572151,0.219661643,0.531351863,-0.283305024
2015/7/29,0.003389658,0.179051488,-0.178109227,0.341981048
2015/7/30,0.004032228,0.23765813,-0.428173937,0.881738273
2015/7/31,0.004594502,0.452512298,0.073928943,0.728930625
2015/8/3,0.011843123,0.617726649,0.35583763,0.492276088
2015/8/4,0.001078613,0.52284398,0.389562647,0.447513486
2015/8/5,0.015609802,0.609218979,0.527583261,0.229708136
2015/8/6,-0.004409733,0.593641612,0.652760839,0.30339305
2015/8/7,-0.008170464,0.572558894,1.157211015,0.323005837
2015/8/10,0.009867756,0.568001809,0.779569908,0.607508621
2015/8/11,-0.027176461,0.362397905,0.518219626,0.607645511
2015/8/12,-0.033222578,0.191489921,0.643801635,0.297151726
2015/8/13,0.008206347,0.170227121,0.942549186,-0.051870039
2015/8/14,-0.002680939,0.274822018,0.93591292,0.269672748
2015/8/17,-0.004087489,0.358904236,0.597363587,0.469913806
2015/8/18,-0.002233687,0.252703536,0.784712616,0.10371963
2015/8/19,-0.02164815,0.154040787,0.888744257,-0.338560218
2015/8/20,-0.023677906,0.151142161,0.5033085,-0.183799564
2015/8/21,-0.029936014,0.190851587,-0.165197294,0.670488157
2015/8/24,-0.048164997,0.22783013,-0.105469734,0.490639506
2015/8/25,0.048520506,0.240244927,0.009146295,0.326098356
2015/8/26,-0.012987654,0.121773262,-0.259856917,0.415166761
2015/8/27,0.031331191,0.269550274,-0.432833255,0.787293609
2015/8/28,-0.001658085,0.418172325,-0.163033916,0.939447891
2015/8/31,-0.00380096,0.487627608,-0.449178108,1.5629472
2015/9/1,-0.024059325,0.509334701,-0.240966227,1.203811697
2015/9/2,0.003237704,0.467488641,-0.852782234,1.76210544
2015/9/3,0.02649585,0.442324848,0.001179143,0.914203602
2015/9/4,-0.02749256,0.474028991,0.440651358,0.832580871
2015/9/7,0.00700566,0.596088553,0.768794177,0.67065119
2015/9/8,0.015971904,0.607230622,0.674072022,0.574778664
2015/9/9,0.003087322,0.43097338,0.544863779,0.291487664
2015/9/10,-0.009036036,0.387311644,1.221527594,-0.046472752
2015/9/11,-0.008545346,0.513659875,1.143297661,0.147085434
2015/9/14,0.00080769,0.447925765,1.147840167,0.484954946
2015/9/15,0.005550247,0.301710215,1.117949382,0.105135627
2015/9/16,0.003828498,0.307809794,1.668273209,-0.321901742
2015/9/17,0.000231708,0.292192583,1.133426755,-0.217691332
2015/9/18,-0.031117774,0.453626288,0.928794111,-0.071814769
2015/9/21,0.003257042,0.367161534,1.010110263,0.055757895
2015/9/22,-0.038720623,0.332451503,-0.131758406,0.586921067
2015/9/23,0.00437465,0.26548696,0.046875021,0.431310145
2015/9/24,-0.019431018,0.053882096,-0.748710561,0.813573752
2015/9/25,0.027296911,0.104668508,0.011875644,0.172491616
2015/9/28,-0.021383993,0.09822907,-0.599410956,1.083030231
2015/9/29,-0.00350165,0.011945864,-0.558372319,0.487552335
2015/9/30,0.021982127,0.283208286,-0.672190397,1.536073816
2015/10/1,-0.015774187,0.370833719,-0.6638424,1.795099177
2015/10/2,0.00459756,0.402033147,-0.382064031,1.623275843
2015/10/5,0.027027863,0.444534963,-0.235154346,1.930292919
2015/10/6,0.008930143,0.444737132,-0.158417716,1.766756252
2015/10/7,0.006800129,0.5033548,0.323101993,1.234813831
2015/10/8,0.002271149,0.570740793,0.497532011,0.990578734
2015/10/9,0.010306881,0.757977263,1.07932062,0.178064955
2015/10/12,0.002298132,0.841885247,1.481969881,-0.430295936
2015/10/13,-0.008635146,0.539465515,1.273943828,-0.217488665
2015/10/14,-0.011727232,0.400888148,1.41953957,-0.113050282
2015/10/15,0.014909701,0.389393073,1.043542179,-0.020078103
2015/10/16,0.003929753,0.329973736,1.037448157,-0.231793238
2015/10/19,0.005908623,0.250187257,1.551307615,-0.524522256
2015/10/20,-0.001637457,0.207616909,0.59191569,-0.143847051
2015/10/21,0.008870948,0.22696504,1.236172235,-0.427104789
2015/10/22,0.024494147,0.338809622,0.2309696,0.306555908
2015/10/23,0.028430248,0.333107377,0.441840821,0.182222077
2015/10/26,0.00062975,0.200611888,-0.551657582,1.077994885
2015/10/27,-0.010156632,-0.030941054,-0.722640367,0.579007679
2015/10/28,0.012987455,-0.00054562,-1.132686301,1.488788777
2015/10/29,-0.002877115,0.145880104,-0.438550771,1.086841177
2015/10/30,0.004554074,0.063232866,-0.755832979,1.107576363
2015/11/2,0.009222658,0.028484293,-0.399072023,1.138909761
2015/11/3,4.38E-05,0.201785588,-0.453192739,1.846146007
2015/11/4,-0.0097182,0.436051679,-0.342943373,1.590614974
2015/11/5,0.003911112,0.618274893,0.037679008,1.723470633
2015/11/6,0.009169113,0.711166571,0.051839513,1.650891809
2015/11/9,-0.015830831,0.716498528,0.638243804,0.872771849
2015/11/10,0.001577054,0.662634889,1.130499976,0.182424862
2015/11/11,0.006931826,0.692066499,1.536080566,0.022179677
2015/11/12,-0.011548041,0.696279336,1.385660892,0.026868725
2015/11/13,-0.006908026,0.664064235,1.647887862,-0.450822814
2015/11/16,0.000450946,0.36895442,1.604630675,-0.660420573
2015/11/17,0.023779648,0.28903544,0.76507735,-0.247641193
2015/11/18,-0.001011354,0.231095283,0.900598596,-0.286831905
2015/11/19,0.011384816,0.259274228,0.682872994,-0.004762314
2015/11/20,0.003097465,0.269933139,0.724643424,-0.11183518
2015/11/23,-0.002477926,0.175206829,0.255828771,0.193838521
2015/11/24,-0.01437579,0.04085439,0.64396022,-0.359430188
2015/11/25,0.021314145,0.190171657,-0.026072865,0.816194797
2015/11/26,0.013448661,0.289097747,-0.155939417,1.049386766
2015/11/27,-0.002388731,0.189384735,-0.29948169,1.089775032
2015/11/30,0.007803007,0.075580049,-0.49779786,1.28616795
2015/12/1,-0.010686626,-0.020521021,-1.061428511,1.762132949
2015/12/2,-0.006344431,0.073431248,-0.680654959,1.003580574
2015/12/3,-0.036472968,0.187229375,-0.146074677,0.896590566
2015/12/4,-0.003448257,0.365145483,-0.181113506,1.208401974
2015/12/7,0.012384743,0.646233354,-0.115839606,1.201532305
2015/12/8,-0.019712425,0.651770383,0.481211723,0.857222961
2015/12/9,-0.007628144,0.695139196,1.034308525,0.424061554
2015/12/10,0.000607793,0.689215426,0.836086079,0.980915147
2015/12/11,-0.024727381,0.617418233,0.54901445,0.964597636
2015/12/14,-0.019602764,0.585678406,1.824099726,-0.338009947
2015/12/15,0.030215434,0.556060868,0.698103219,0.096719556
2015/12/16,0.001805003,0.511588581,1.328797683,-0.701112645
2015/12/17,0.025356683,0.484700932,1.340860814,-0.497185455
2015/12/18,-0.012173683,0.396470657,1.173350747,-0.428457349
2015/12/21,-0.010463491,0.326604136,0.450088338,0.450404368
2015/12/22,-0.000859599,0.235092315,0.664338765,-0.088036011
2015/12/23,0.022520334,0.16622819,0.28440927,0.484706051
2015/12/28,-0.006896627,0.174506237,0.327911149,0.335488118
2015/12/29,0.019172245,0.162540658,0.611306566,0.053541058
2015/12/30,-0.010843895,0.146155007,0.867270425,0.102241354
2016/1/4,-0.043720476,0.166236948,-0.205417452,0.960722356
2016/1/5,0.002589163,0.114146095,-0.235660275,0.778723706
2016/1/6,-0.009362711,0.092461433,-0.221953734,0.396634315
2016/1/7,-0.023193226,0.266184697,0.112095364,0.463921031
2016/1/8,-0.013163612,0.426341393,-0.615385303,1.190688625
2016/1/11,-0.002467165,0.44091781,-0.100783713,0.921892253
2016/1/12,0.016189748,0.464314403,0.467945861,0.645083587
2016/1/13,-0.002453578,0.482027149,0.100845611,0.675516795
2016/1/14,-0.016883079,0.54766405,0.281262736,0.878858173
2016/1/15,-0.02574463,0.539067026,0.92338328,0.666362168
2016/1/18,-0.002456586,0.601982858,0.44679458,0.642463593
2016/1/19,0.014840213,0.522612658,0.856069253,0.816357013
2016/1/20,-0.028609439,0.441248363,0.796220079,0.194261826
2016/1/21,0.019247871,0.421289389,1.400809749,-0.242408753
2016/1/22,0.019724473,0.562199024,0.689544988,0.661374604
2016/1/25,-0.002946513,0.565697455,1.295168038,-0.071147683
2016/1/26,0.008855362,0.546557969,1.142351508,0.461335073
2016/1/27,0.00589438,0.405044176,0.836889544,0.273651956
2016/1/28,-0.024716928,0.287627962,0.997415759,-0.122934949
2016/1/29,0.016310933,0.279211637,0.844305002,-0.390123558
2016/2/1,-0.004114346,0.151987936,0.235999276,0.305111837
2016/2/2,-0.018289018,0.114234696,0.034682747,0.325982097
2016/2/3,-0.015379045,0.023522603,0.317189536,-0.223943158
2016/2/4,-0.004404044,0.019718052,0.481662396,-0.476362123
2016/2/5,-0.011470399,0.248114154,0.478886631,0.052654098
2016/2/8,-0.033604047,0.283672742,0.124978403,0.477626858
2016/2/9,-0.011194623,0.391669424,0.148286318,0.755924871
2016/2/10,0.015409858,0.468408557,0.145461905,0.773344576
2016/2/11,-0.029762199,0.478075859,-0.152643645,1.00171139
2016/2/12,0.024226399,0.417949639,0.946367287,0.50330892
2016/2/15,0.026338641,0.399904485,-0.699960028,0.908057178
2016/2/16,-0.007821455,0.383998382,0.174180911,0.5805835
2016/2/17,0.026157046,0.463303584,0.357386822,0.62998084
2016/2/18,0.00917481,0.542756132,0.726627316,0.389140375
2016/2/19,-0.008019483,0.637244286,0.309071608,1.19771269
2016/2/22,0.019570662,0.705843035,0.905775317,0.504427614
2016/2/23,-0.016516123,0.610771862,0.568132791,1.348721125
2016/2/24,-0.026794798,0.535409311,0.981963891,0.743734634
2016/2/25,0.017696286,0.430318331,0.931594168,0.107820166
2016/2/26,0.019297189,0.391653951,1.036126177,-0.346463697
2016/2/29,-0.001883349,0.460111387,1.012733583,-0.081625606
2016/3/1,0.023085924,0.411023014,1.070433528,-0.299819596
2016/3/2,0.006100426,0.232296747,0.624866997,-0.259139456
2016/3/3,-0.002529632,0.214481809,0.661478283,-0.422817307
2016/3/4,0.007381487,0.315886145,0.742011096,-0.150021654
2016/3/7,-0.004615605,0.321989926,0.651564825,-0.014320331
2016/3/8,-0.008844666,0.266651687,0.507901826,-0.069519177
2016/3/9,0.003118064,0.135980795,0.38206245,-0.024006076
2016/3/10,-0.023406426,0.187447505,0.444736242,0.205492223
2016/3/11,0.034456839,0.309541919,0.648026712,0.259611377
2016/3/14,0.016056737,0.367508446,-0.324411421,0.811859976
2016/3/15,-0.005662501,0.345754636,0.195672553,0.62838417
2016/3/16,0.004976598,0.367196362,-0.139489414,0.620660386
2016/3/17,-0.009178148,0.392765852,0.23455759,0.418175283
2016/3/18,0.005906382,0.493474097,-0.072335854,1.119488388
2016/3/21,-0.000217092,0.464835591,0.414083911,0.46625809
2016/3/22,0.004148734,0.576274164,0.358713382,1.29748546
2016/3/23,0.003290875,0.637372601,0.276931946,1.417915166
2016/3/24,-0.017266966,0.596512712,0.734857997,0.615842267
2016/3/29,0.003707331,0.57425379,0.777092241,0.406794336
2016/3/30,0.015919431,0.482299005,0.597784751,0.625071725
2016/3/31,-0.008105133,0.458982279,1.157228363,0.006089776
2016/4/1,-0.017294834,0.382716924,1.069499207,-0.27460434
2016/4/4,0.002797615,0.397257669,0.837131456,-0.137653809
2016/4/5,-0.026693783,0.595674977,1.452815255,-0.540335653
2016/4/6,0.00637384,0.495440782,1.224038763,-0.493856063
2016/4/7,-0.009803197,0.374694746,1.080965596,-0.321276918
2016/4/8,0.009569391,0.34193928,0.821792173,-0.122662971
2016/4/11,0.006291574,0.193168319,0.442684559,0.114797763
2016/4/12,0.008072266,0.136706594,0.630267697,-0.106875378
2016/4/13,0.026748689,0.107936987,0.079038709,-0.027769032
2016/4/14,0.00671482,-0.081182408,0.377310655,-0.229820778
2016/4/15,-0.004177672,0.093608476,-0.107315587,0.24875278
2016/4/18,0.006815455,0.265071455,-0.090152947,0.531871755
2016/4/19,0.02240261,0.407631027,-0.434324622,1.376576895
2016/4/20,0.006903924,0.489120231,0.131129128,0.796638899
2016/4/21,0.001384666,0.479873879,-0.702525749,1.801383793
2016/4/22,-0.005981982,0.542380712,-0.059556017,1.362360748
2016/4/25,-0.007658312,0.476253113,0.275986871,0.816659769
2016/4/26,-0.003382323,0.471643804,0.68965644,0.19445357
2016/4/27,0.003914512,0.504198718,0.357878229,0.782441114
2016/4/28,0.002067798,0.558252607,0.662555573,0.447281065
2016/4/29,-0.027720669,0.608090862,0.871848581,0.395497512
2016/5/2,0.008362215,0.758597489,1.035040619,0.51510183
2016/5/3,-0.019601586,0.746119024,0.983567703,0.555558257
2016/5/4,-0.009974256,0.613185343,1.408884473,-0.053301266
2016/5/5,0.002399378,0.537845834,1.274728222,-0.187798151
2016/5/6,0.001834518,0.543326936,1.283663121,-0.325270014
2016/5/9,0.0111374,0.47689837,1.363947471,-0.653465158
2016/5/10,0.006486613,0.267262766,1.04656503,-0.633909813
2016/5/11,-0.007004758,0.210609473,0.444477275,-0.107231466
2016/5/12,-0.011412887,0.090653628,0.793689963,-0.415718881
2016/5/13,0.00916281,0.000151255,0.032287653,-0.191110771
2016/5/17,-0.006320609,-0.020448258,-0.200584444,-0.070673153
2016/5/18,0.005348561,0.09768307,-0.228000615,0.517161487
2016/5/19,-0.014929008,0.137903352,0.287026548,-0.097687314
2016/5/20,0.012188721,0.27448789,-0.28281476,1.093682012
2016/5/23,-0.007463224,0.367367191,-0.311449458,1.355118374
2016/5/24,0.021611326,0.492240379,-0.107215101,1.049577991
2016/5/25,0.014598641,0.582805643,0.091343022,0.83952204
2016/5/26,0.00659249,0.548227926,-0.420463119,1.249217527
2016/5/27,0.00132302,0.485656081,0.371300194,0.698885731
2016/5/30,0.004551031,0.461702496,0.363739712,0.36534625
2016/5/31,-0.006845055,0.608981309,0.601387834,0.586932285
2016/6/1,-0.005696941,0.836979692,1.298231833,0.329693334
2016/6/2,0.000348807,0.779626227,0.791877484,0.674993298
2016/6/3,-0.010313583,0.728475899,1.256007852,0.381412749
2016/6/6,0.001762233,0.727273925,1.225574489,0.343278923
2016/6/7,0.016326685,0.550900271,1.275726848,0.080541116
2016/6/8,-0.006891127,0.45623909,1.606157055,-0.201373448
2016/6/9,-0.0126231,0.459753796,0.91054203,-0.10150137
2016/6/10,-0.025524022,0.286477291,1.377773165,-0.504375176
2016/6/13,-0.018180211,0.263984571,1.089360347,-0.911026521
2016/6/14,-0.014417791,0.1645331,0.671507257,-0.734411992
2016/6/15,0.009151001,0.135342095,-0.253364449,0.531528776
2016/6/16,-0.005871445,0.16677898,0.350900075,-0.315561609
2016/6/17,0.008434073,0.042256544,-0.316966659,0.751610869
2016/6/20,0.033755421,0.072033012,-0.188398061,0.598179984
2016/6/21,0.005358025,0.137578694,-0.165456399,0.54451856
2016/6/22,0.005528078,0.274430266,0.046316831,0.309365283
2016/6/23,0.01829736,0.480700805,0.168740944,0.824514002
2016/6/24,-0.070672712,0.521265544,0.128127959,0.729454719
2016/6/27,-0.030651795,0.562099033,-0.25526902,0.881245738
2016/6/28,0.019088053,0.649852336,0.095994504,0.781296125
2016/6/29,0.017313538,0.77081195,0.047392675,1.181514663
2016/6/30,0.007030791,0.736170947,0.735158315,0.563792394
2016/7/1,0.009871479,0.576489717,0.370537921,0.635890564
2016/7/4,-0.006880117,0.543732745,0.601798668,0.189866575
2016/7/5,-0.018344008,0.506538524,0.88240886,0.088351911
2016/7/6,-0.016857598,0.533371128,0.706262144,0.403652689
2016/7/7,0.004844614,0.57279493,0.600157344,0.60153349
2016/7/8,0.02214235,0.446265564,0.852542626,0.178441243
2016/7/11,0.020937852,0.400855763,0.54781691,0.312189333
2016/7/12,0.013199851,0.369824448,1.162008339,-0.545360509
2016/7/13,-0.003353647,0.405001157,0.380415094,0.43870175
2016/7/14,0.013759898,0.354004574,0.567178596,-0.333996055
2016/7/15,-0.00013906,0.383162601,0.725948767,0.104938252
2016/7/18,-0.000374565,0.160692364,0.365514719,-0.211567534
2016/7/19,-0.008170918,0.017356176,0.08485159,-0.109917408
2016/7/20,0.015978872,-0.064034061,0.151264295,-0.498694572
2016/7/21,0.001399138,0.033436279,-0.069377259,0.308742393
2016/7/22,-0.000861913,0.236009041,0.092032258,0.441275746
2016/7/25,0.004991729,0.284972367,-0.065095702,0.376015419
2016/7/26,0.004843989,0.316555467,0.090510785,0.339023778
2016/7/27,0.006981009,0.510581051,0.172778902,0.512963737
2016/7/28,-0.004333207,0.684073319,-0.257007306,1.184833371
2016/7/29,0.006071113,0.687026067,-0.37061446,1.0390213
2016/8/1,-0.00067544,0.680495058,0.024142248,1.056055785
2016/8/2,-0.018186706,0.518504024,0.076796728,0.746045581
2016/8/3,0.002546944,0.407943261,0.567532684,0.310864765
2016/8/4,0.005652511,0.385704621,0.413210882,0.27210629
2016/8/5,0.013532571,0.319300684,0.448427889,0.164236085
2016/8/8,0.006264573,0.418470859,0.30432178,0.449853094
2016/8/9,0.024667456,0.343809949,0.587784183,0.223591766
2016/8/10,-0.003936513,0.3854022,0.775432461,0.340922333
2016/8/11,0.008596029,0.462441391,0.610796338,0.652592853
2016/8/12,-0.002741392,0.523150069,0.736119036,0.077479761
2016/8/15,0.002403435,0.407605313,0.828544598,-0.382571016
2016/8/16,-0.005842416,0.323048165,0.638763701,-0.277635218
2016/8/17,-0.013102658,0.279284578,0.848970783,-0.571393009
2016/8/18,0.006183353,0.254053405,0.755639552,-0.525062243
2016/8/19,-0.00554869,0.175937956,0.55603851,-0.374564995
2016/8/22,-0.004754103,0.10434166,0.11901176,-0.137110004
2016/8/23,0.00934506,0.134479856,0.467644944,-0.215165069
2016/8/24,0.00283656,0.253893168,0.133079022,0.235823911
2016/8/25,-0.008829249,0.36873572,0.058905056,0.409889242
2016/8/26,0.005510172,0.400227662,0.065550946,0.55414734
2016/8/29,-0.004100855,0.409635482,0.027587842,0.425816241
2016/8/30,0.010678299,0.300409991,-0.163963242,0.544368414
2016/8/31,-0.006112865,0.340472527,-0.416230279,1.013603853
2016/9/1,-0.005526591,0.486954533,0.034101873,1.020088713
2016/9/2,0.014092898,0.502013095,0.430245447,0.552849791
2016/9/5,-0.001086344,0.566023814,0.270105532,0.861574581
2016/9/6,0.001397046,0.445951771,0.257046157,0.510226411
2016/9/7,0.006141776,0.488149892,0.477341123,0.739200532
2016/9/8,-0.0072512,0.594493796,0.542009413,1.019544341
2016/9/9,-0.009586529,0.667007154,1.106873702,0.217671217
2016/9/12,-0.013489239,0.337377949,0.658323171,-0.130320117
2016/9/13,-0.004339444,0.317807365,0.768800242,0.060817276
2016/9/14,-0.000789791,0.380283138,1.357708658,-0.485613321
2016/9/15,0.005074592,0.397032915,0.898392064,-0.201525422
2016/9/16,-0.014973693,0.170724677,0.698373747,-0.288305701
2016/9/19,0.009462522,0.166422042,0.595619511,-0.261012946
2016/9/20,0.001925103,0.189563931,0.549285289,-0.199396713
2016/9/21,0.004093072,0.16943945,0.556386965,-0.495766365
2016/9/22,0.022519422,0.236859444,0.068902574,-0.040145843
2016/9/23,-0.004432632,0.201795502,0.070121997,-0.019982007
2016/9/26,-0.022194294,0.394546494,0.104465708,0.276524785
2016/9/27,-0.003105732,0.305323594,-0.288376309,0.54627654
2016/9/28,0.007390482,0.349125409,0.135932913,0.688107335
2016/9/29,-0.003147209,0.463201188,0.344148825,0.611410659
2016/9/30,0.010085874,0.329485892,0.050262525,0.660187569
2016/10/4,0.010278061,0.358155184,0.261251003,0.382084185
2016/10/5,-0.003190701,0.353940239,-0.120929905,0.832279676
2016/10/6,-0.001605326,0.525277079,-0.025939722,1.141272301
2016/10/7,-0.007401863,0.671586093,0.633644384,1.161666535
2016/10/10,0.012618721,0.725830707,0.618781091,0.961355418
2016/10/11,-0.004426163,0.381741223,0.498049734,0.143608404
2016/10/12,-0.00512697,0.315906327,0.257346814,0.257189663
2016/10/13,-0.010412213,0.375243731,0.857507041,-0.107301702
2016/10/14,0.015843566,0.429594276,1.026512581,-0.199749009
2016/10/17,-0.007286143,0.263788568,0.508983467,0.098767736
2016/10/18,0.012110796,0.213273754,0.297280642,-0.008527874
2016/10/19,0.001328181,0.31319876,0.683397975,-0.132723404
2016/10/20,0.005219464,0.289956989,0.353450835,0.02897483
2016/10/21,0.000872403,0.223526113,0.536758123,-0.039888527
2016/10/24,0.004698242,0.091447852,-0.089111775,-0.037816227
2016/10/25,-0.000358761,0.114552205,-0.054924119,-0.101556364
2016/10/26,-0.004437518,0.141641377,-0.035385106,-0.169377647
2016/10/27,0.000690725,0.314406064,0.337896752,0.294123296
2016/10/28,-0.001951127,0.414058148,0.453484838,0.42868057
2016/10/31,-0.002919314,0.347887265,0.369430835,0.459139614
2016/11/1,-0.013104702,0.389039902,0.361961235,0.627257558
2016/11/2,-0.014856887,0.429392084,0.419264699,0.632877723
2016/11/3,-0.004353335,0.494636473,0.150661462,1.146122198
2016/11/4,-0.006485324,0.469113534,-0.219909581,1.264986465
2016/11/7,0.019098788,0.54860305,0.272683539,1.014639351
2016/11/8,0.002423199,0.38991006,0.331358342,0.43392972
2016/11/9,0.015495146,0.381994619,0.132721633,0.555336938
2016/11/10,-0.001493693,0.399636187,0.567322046,0.139096959
2016/11/11,0.003552438,0.455643469,0.34209051,0.468666993
2016/11/14,0.002409928,0.306553332,0.287992729,0.346340743
2016/11/15,0.003868625,0.228975521,0.496400282,-0.076090186
2016/11/16,-0.00666108,0.246602583,0.572898994,0.021993118
2016/11/17,0.002030033,0.300247874,0.14721575,0.18047564
2016/11/18,-0.001965331,0.3422566,0.209111741,0.32907288
2016/11/21,0.001926961,0.227381075,0.038425432,0.088274235
2016/11/22,0.002684242,0.234203966,0.506551136,-0.208765827
2016/11/23,-0.004810011,0.153306804,-0.050029954,0.002209254
2016/11/24,0.002512213,0.209846509,0.298618461,0.280396567
2016/11/25,0.000936016,0.362252616,0.596750829,0.063118758
2016/11/28,-0.010957757,0.310142643,0.382102096,0.127484585
2016/11/29,0.003567397,0.393468157,0.661695346,0.112534255
2016/11/30,0.001863525,0.437484067,0.446630323,0.683829125
2016/12/1,-0.010035811,0.469764567,0.114514193,1.262816945
2016/12/2,-0.001966989,0.50081904,0.617504516,1.054775281
2016/12/5,0.0161791,0.615477506,0.115523987,1.343779474
2016/12/6,0.008433355,0.470211657,0.255589269,0.725402566
2016/12/7,0.019426206,0.350815849,0.310271449,0.29603167
2016/12/8,0.017390048,0.281929557,0.4074383,0.144623875
2016/12/9,0.002163245,0.270197862,0.432163662,-0.336823512
2016/12/12,-0.001198544,0.236796052,0.087624371,0.210687806
2016/12/13,0.008404106,0.301376946,-0.147279995,0.56586209
2016/12/14,-0.003534038,0.420831363,0.637268151,0.218001444
2016/12/15,0.010752278,0.390937876,-0.126309909,0.866637081
2016/12/16,0.003303413,0.315404112,0.075887598,0.515075993
2016/12/19,0.001987674,0.198624895,-0.064033438,0.286697058
2016/12/20,0.003323516,0.23253217,0.071578116,0.204031086
2016/12/21,0.000340116,0.291052934,0.034541058,-0.265591714
2016/12/22,-0.001094015,0.321310975,0.167238131,0.315962525
2016/12/23,-0.000538723,0.466720572,0.449610599,0.58389507
2016/12/27,0.001946588,0.518070478,0.903241251,0.107106516
2016/12/28,0.00023968,0.541985135,0.460092107,0.504528839
2016/12/29,-0.002088456,0.47557184,0.827222481,0.791841995
2016/12/30,0.002617292,0.459501797,0.440046548,0.717270336
2017/1/2,0.010162401,0.50593748,0.450976296,0.824837272
2017/1/3,-0.001215569,0.552516616,0.620545585,0.623780427
2017/1/4,6.04E-06,0.36711986,-0.078959693,0.529680997
2017/1/5,5.44E-05,0.302502934,-0.130317126,0.645213828
2017/1/6,0.001213771,0.313470636,0.255042032,0.448728652
2017/1/9,-0.00302379,0.360591755,0.278383268,0.506468977
2017/1/10,0.001668446,0.177968448,0.224245571,0.043282621
2017/1/11,0.005412965,0.213390547,0.09139494,0.04489065
2017/1/12,-0.010802442,0.345853269,0.400135926,0.072789483
2017/1/13,0.009342528,0.297895155,0.220351908,-0.076686615
2017/1/16,-0.006424311,0.230980698,-0.244044738,0.665338377
2017/1/17,-0.001273885,0.241820731,-0.431456567,0.774596552
2017/1/18,0.005133249,0.40712344,0.039026698,0.67062411
2017/1/19,-0.000215552,0.327879058,-0.232907713,0.299940754
2017/1/20,0.002862186,0.222484682,0.181574394,0.473936682
2017/1/23,-0.007281741,0.277787208,0.234184744,0.352338275
2017/1/24,0.004251392,0.387819397,0.306153146,0.605477591
2017/1/25,0.018043316,0.520223632,0.36542302,0.535236591
2017/1/26,0.003600137,0.453778449,0.304022014,0.827423568
2017/1/27,-0.002904126,0.533417451,0.326160427,0.895389148
2017/1/30,-0.011268343,0.563985297,0.732569057,0.614316736
2017/1/31,-0.012627013,0.571377797,0.684397326,0.631976748
2017/2/1,0.010708532,0.411025162,0.973081577,0.245209783
2017/2/2,-0.002709616,0.384994914,0.577055782,0.098586308
2017/2/3,0.002022386,0.405890634,0.306589611,0.364527936
2017/2/6,-0.012231747,0.344699954,0.45992641,0.459455193
2017/2/7,0.003434629,0.156416025,0.138947477,0.301505484
2017/2/8,-0.000524838,0.153300213,-0.608416659,0.629427936
2017/2/9,0.008581004,0.225849399,-0.121985618,0.493264413
2017/2/10,0.002068656,0.130924416,-0.22004272,0.648750697
2017/2/13,0.009168459,0.159469611,-0.166716658,0.927073586
2017/2/14,-0.000222541,0.09889544,-0.285521907,0.575459164
2017/2/15,0.001877302,0.189807312,-0.195835566,0.484830792
2017/2/16,-0.003115771,0.167381494,-0.317405114,0.108714205
2017/2/17,-1.87E-05,0.162782785,-0.26566262,0.881122366
2017/2/20,0.005986965,0.395158332,-0.276971893,1.144797949
2017/2/21,0.011756332,0.481380475,0.317239496,0.825703285
2017/2/22,0.002595336,0.560219965,0.382960516,0.547545427
2017/2/23,-0.004239471,0.441491294,0.514010958,0.410401826
2017/2/24,-0.012108673,0.335882565,0.752257478,0.03822906
2017/2/27,0.001577876,0.403851494,0.566893562,0.182170288
2017/2/28,0.000992515,0.561185326,0.362127164,0.760579042
2017/3/1,0.01947881,0.416939637,0.327173394,0.47274067
2017/3/2,-0.000631664,0.433438938,0.076575129,0.728042417
2017/3/3,-0.002674481,0.389983722,0.481421525,0.142504366
2017/3/6,-0.005750094,0.427032506,0.305697769,0.559078459
2017/3/7,0.000647034,0.303887649,0.601023426,0.327980477
2017/3/8,9.78E-05,0.280631861,0.532770694,0.308752656
2017/3/9,0.000925427,0.289055452,0.220565152,0.201370761
2017/3/10,-0.001270594,0.169402281,0.120038576,0.494914984
2017/3/13,0.002241872,0.185477835,-0.317346929,1.334941579
2017/3/14,-0.000103425,0.178835681,-0.402072734,1.09685285
2017/3/15,0.001756765,0.053097621,-0.474037152,0.697411554
2017/3/16,0.006085591,0.081174045,-0.405534384,0.650175048
2017/3/17,0.000997584,0.250343263,-0.139964758,1.118606737
2017/3/20,-0.003506692,0.397060601,0.36484434,0.490753523
2017/3/21,-0.007559469,0.399780515,0.53023211,-0.006656033
2017/3/22,-0.004861268,0.401968718,0.327959167,-0.088503408
2017/3/23,0.011323303,0.480217073,-0.002803383,1.214014122
2017/3/24,0.00204033,0.440280004,-0.088599072,1.164370897
2017/3/27,-0.005669096,0.494924159,0.411206322,0.620013814
2017/3/28,0.012702336,0.610884754,0.301995937,0.84389051
2017/3/29,0.004400391,0.399241066,0.525045823,0.051341006
2017/3/30,0.004368874,0.287631548,0.550655036,-0.27576454
2017/3/31,0.00459436,0.236251172,0.351761403,0.023252346
2017/4/3,-0.004531537,0.361030681,0.250427243,0.412486501
2017/4/4,0.002048939,0.309177547,-0.183415504,0.704900671
2017/4/5,-0.005289834,0.259347173,-0.205419375,0.721592202
2017/4/6,0.001092095,0.210563565,0.359299376,0.043210387
2017/4/7,-0.000476776,0.161549733,-0.202594911,0.566671657
2017/4/10,-0.00200937,0.222599721,0.045109107,1.03023299
2017/4/11,-0.005026332,0.273067436,0.291606059,0.758041024
2017/4/12,0.001263684,0.302943057,0.198138184,0.594645289
2017/4/13,-0.003766948,0.183305168,-0.114492903,0.595088172
2017/4/18,-0.009005662,0.259277393,0.050141649,1.323470417
2017/4/19,0.001333229,0.412931348,-0.21389514,1.321984519
2017/4/20,0.000904184,0.39092414,-0.108059511,1.113393035
2017/4/21,0.001765252,0.362268777,0.105101348,0.606771591
2017/4/24,0.033174562,0.347762362,0.251597856,0.709683613
2017/4/25,0.000967819,0.354037733,0.330866397,0.425731891
2017/4/26,0.000461912,0.359262822,0.658452859,-0.08409465
2017/4/27,-0.00232857,0.486682292,0.446628611,0.233936171
2017/4/28,-0.000464597,0.353422239,0.259246015,0.215115054
2017/5/2,0.005603338,0.372225583,-0.04453755,0.653885999
2017/5/3,0.001592923,0.312015236,0.203162469,0.50855539
2017/5/4,0.009528338,0.385469402,0.150865695,0.585681493
2017/5/5,0.005449325,0.209101374,0.0970997,-0.109840332
2017/5/8,-0.001758264,0.113477286,0.200237561,-0.256400061
2017/5/9,0.004289482,0.099259972,0.199884555,-0.135708527
2017/5/10,0.000653949,0.133882962,-0.191305708,0.66326743
2017/5/11,-0.003643718,0.137522643,-0.65473959,1.578830968
2017/5/12,0.004658295,0.23529302,-0.66998752,1.424465128
2017/5/15,0.002864244,0.378146108,0.023659725,0.872093372
2017/5/16,-0.000196005,0.33090474,-0.307456411,0.821714661
2017/5/17,-0.013596612,0.31645996,-0.03823541,1.20003475
2017/5/18,-0.003294789,0.432467208,0.49679266,0.792475482
2017/5/19,0.00385513,0.655019736,0.452982372,1.281739952
2017/5/22,-0.001522677,0.548399944,0.56297567,0.823828159
2017/5/23,0.003140207,0.302127048,0.543242685,0.741005876
2017/5/24,-0.001286854,0.196802338,-0.027366905,0.993506425
2017/5/25,-0.00167428,0.246324301,0.19868968,0.953042109
2017/5/26,-0.001549325,0.405734366,0.558384339,0.585281884
2017/5/29,0.002121983,0.293179517,0.594764415,-0.293657534
2017/5/30,-0.002399751,0.252407229,1.035019783,-0.851867209
2017/5/31,0.001299292,0.219370749,0.598498694,-0.442209348
2017/6/1,0.003944628,0.212400773,0.273740108,-0.020693337
2017/6/2,0.012399788,0.215103367,-0.108565649,0.757975033
2017/6/6,-0.010412016,0.229254307,-0.464209536,1.235182795
2017/6/7,-0.001390236,0.311590912,0.198774743,0.121359767
2017/6/8,0.003237211,0.315894872,-0.086708398,0.279479912
2017/6/9,0.008001829,0.193333666,-0.164505158,0.858809794
2017/6/12,-0.009823588,0.176918724,-0.103951627,0.343150327
2017/6/13,0.00585653,0.320403723,-0.063926529,0.622221908
2017/6/14,0.003204423,0.394475185,-0.220719963,0.794626403
2017/6/15,-0.008953003,0.414995877,-0.120038969,1.296765447
2017/6/16,0.004788463,0.548361984,-0.10245805,0.947789188
2017/6/19,0.010624989,0.622521377,0.249692673,1.1045239
2017/6/20,-0.005770383,0.662503896,0.168787302,1.044187199
2017/6/21,-0.003167764,0.539622582,0.458438255,1.059335321
2017/6/22,0.001544102,0.386598926,0.889570693,0.504428804
2017/6/23,-0.004747063,0.328493616,0.83951385,0.298988604
2017/6/26,0.002934416,0.324744324,0.634308069,0.545937888
2017/6/27,-0.007846168,0.305268882,0.613695203,0.219194919
2017/6/28,-0.001876115,0.299531821,0.846143418,0.174227873
2017/6/29,-0.018440115,0.24924707,0.472284958,0.231078864
2017/6/30,-0.00736181,0.207070462,0.261468009,0.204173412
2017/7/3,0.012112035,0.176989704,0.182959802,0.379952428
2017/7/4,-0.003065138,0.218533705,0.287704169,0.254893738
2017/7/5,0.001329808,0.272144298,0.736068818,-0.25090854
2017/7/6,-0.00583293,0.365562154,0.661034503,-0.011261749
2017/7/7,0.000599921,0.307280566,0.046921637,0.653248468
2017/7/10,0.004609706,0.387706818,0.136555343,0.470378634
2017/7/11,-0.00071535,0.511816549,0.519394792,0.347281576
2017/7/12,0.015126607,0.526995794,0.352283969,0.443898731
2017/7/13,0.001167489,0.474512168,0.148313779,0.929428288
2017/7/14,-0.000760494,0.646688876,0.674585542,0.694785969
2017/7/17,-0.003533864,0.659908963,0.422320262,0.972511298
2017/7/18,-0.012532966,0.644542856,0.35539127,0.860857807
2017/7/19,0.001740987,0.611061245,0.245629439,1.088805515
2017/7/20,-0.000385553,0.566478201,0.217380768,0.868160832
2017/7/21,-0.016785536,0.518958701,0.394595501,0.617729333
2017/7/24,-0.00254489,0.350071417,-0.312187583,0.860558122
2017/7/25,0.004524129,0.415234033,0.126375735,0.620656666
2017/7/26,0.003321205,0.393233917,0.979738165,0.181455413
2017/7/27,-0.007592273,0.277583932,0.798347613,0.039433462
2017/7/28,-0.004048459,0.140937553,0.383896904,0.149118882
2017/7/31,-0.003661311,0.110403964,0.711682751,0.036917398
2017/8/1,0.010918657,0.133295375,0.34020046,0.06073818
2017/8/2,-0.005714472,0.132066766,0.326595445,-0.000479205
2017/8/3,-0.002199194,0.209902553,0.658703199,-0.043587754
2017/8/4,0.011696308,0.34052883,-0.104008105,0.960949362
2017/8/7,-0.003302807,0.526991729,0.548541109,0.535477679
2017/8/8,0.00284164,0.551787097,1.070619605,-0.107159848
2017/8/9,-0.011294378,0.482561136,0.689224876,0.128799861
2017/8/10,-0.011560727,0.470616513,0.31148636,0.99135575
2017/8/11,-2.00E-05,0.73698212,0.587009853,0.699601943
2017/8/14,0.01249521,0.833066374,0.776137959,0.75109612
2017/8/15,0.000979371,0.742203299,0.37772014,0.856695005
2017/8/16,0.007104515,0.613290134,0.51512131,0.679954507
2017/8/17,-0.004937208,0.461195155,0.505604458,0.454075396
2017/8/18,-0.003140923,0.380253062,0.379032334,0.517884417
2017/8/21,-0.008187843,0.325021377,-0.275114723,0.617591998
2017/8/22,0.013447231,0.397812064,-0.014864854,0.883315446
2017/8/23,-0.00451081,0.406413676,0.240837339,0.476526293
2017/8/24,0.000536232,0.305460102,0.304070555,0.327805261
2017/8/25,-0.00105878,0.174384442,-0.418736696,0.748361933
2017/8/28,-0.003661381,0.23102608,-0.267974994,0.786690208
2017/8/29,-0.014756794,0.196352832,0.390663035,0.35086431
2017/8/30,0.004726013,0.146838402,0.637413864,-0.297765158
2017/8/31,0.004436728,0.117379595,0.667802052,-0.006196881
2017/9/1,0.007174035,0.16101088,0.448809699,0.497473953
2017/9/4,-0.003335144,0.352903827,0.490672619,0.309738366
2017/9/5,0.001774959,0.417582017,0.823253392,0.304435904
2017/9/6,0.007464006,0.450459714,0.61442146,0.277337353
2017/9/7,0.006698196,0.467104137,0.349717328,0.662710061
2017/9/8,0.000597546,0.693169982,0.800983769,0.459020477
2017/9/11,0.013823093,0.795346815,0.989011024,0.410978387
2017/9/12,0.003962404,0.841335644,0.729418589,0.712427041
2017/9/13,0.002296804,0.730773244,0.603177296,0.861048613
2017/9/14,-0.001045668,0.544306056,0.571650135,0.318099686
2017/9/15,-0.001727106,0.499953106,0.729371567,-0.01658153
2017/9/18,0.00323628,0.475356574,-0.274501669,0.879481725
2017/9/19,0.000191074,0.516791991,0.286732856,0.62836767
2017/9/20,0.000587323,0.380522666,0.468440224,0.375059063
2017/9/21,0.002452205,0.228913998,0.204857357,0.38721128
2017/9/22,-0.000609708,0.149025816,-0.156206357,0.542017705
2017/9/25,0.000195338,0.317172239,-0.14644927,0.867372012
2017/9/26,0.000824603,0.219124553,-0.158777801,0.620407221
2017/9/27,0.004133387,0.227202988,0.001582388,0.474682837
2017/9/28,0.003725254,0.141745122,-0.391096934,0.731226429
2017/9/29,0.009729252,0.193605666,-0.123069296,0.673537401
2017/10/2,0.005735396,0.359602874,0.9063028,0.320543411
2017/10/4,0.005246373,0.492638825,0.956552323,0.196712946
2017/10/5,-0.00019045,0.505433621,0.949211101,0.56197979
2017/10/6,-0.00093427,0.335761774,0.779784935,0.549482567
2017/10/9,0.001577953,0.494979753,0.788972918,0.561920439
2017/10/10,-0.002094452,0.642676282,0.936799459,0.377005617
2017/10/11,0.001653554,0.663191015,0.74763698,0.511932429
2017/10/12,0.000940911,0.661368929,0.828120915,0.5556563
2017/10/13,0.00069144,0.558319632,0.79898509,0.204975031
2017/10/16,0.000910155,0.476288828,0.830639051,0.002429426
2017/10/17,-0.000664647,0.507986799,-0.023456162,0.721264503
2017/10/18,0.003684606,0.600199766,0.276268009,1.083531259
2017/10/19,-0.004066363,0.58964262,0.547556759,0.265451287
2017/10/20,9.08E-05,0.487787545,0.40547477,0.044173083
2017/10/23,0.000912504,0.370247376,-0.119015986,0.655503264
2017/10/24,0.000772592,0.250823995,0.032559091,0.473570898
2017/10/25,-0.004604385,0.171681789,0.247949341,-0.073362266
2017/10/26,0.013790393,0.19288746,0.099305968,0.170247519
2017/10/27,0.006395269,0.329192172,-0.105114977,0.728734169
2017/10/30,0.00090974,0.316012327,-0.131541266,0.909640504
2017/11/1,0.017677126,0.43026458,0.239469021,0.674668987
2017/11/2,-0.001827072,0.580895285,0.609353515,0.489228331
2017/11/3,0.002818003,0.441675435,0.236722133,0.678442515
2017/11/6,-0.000747375,0.351374898,0.217335413,0.752992431
2017/11/7,-0.006668663,0.441954282,0.974935893,0.343492081
2017/11/8,0.000235411,0.532284509,1.159654817,-0.013757748
2017/11/9,-0.015047161,0.493572982,0.886768426,0.476540892
2017/11/10,-0.004187763,0.47850054,0.813515875,0.598173912
2017/11/13,-0.004049332,0.547057282,0.745431136,0.53002678
2017/11/14,-0.003136218,0.44099468,0.764580778,0.264882166
2017/11/15,-0.00439142,0.367417996,0.185953555,0.458950833
2017/11/16,0.005445073,0.421954412,0.401250093,0.234120459
2017/11/17,-0.004108151,0.448873764,0.441042486,0.445258841
2017/11/20,0.004984582,0.455534276,0.475022244,0.221148536
2017/11/21,0.008303195,0.470234428,0.212715466,0.434653911
2017/11/22,-0.011649098,0.531297862,0.471802932,0.603018218
2017/11/23,-0.000498778,0.408602618,0.228168726,0.587137974
2017/11/24,0.003935039,0.415801897,0.418412857,0.20464355
2017/11/27,-0.004577131,0.405025318,-0.006997072,0.723093485
2017/11/28,0.004553393,0.329053519,-0.03946165,0.664597043
2017/11/29,0.000179163,0.403752772,0.455571465,0.463763825
2017/11/30,-0.002905025,0.454603778,0.592601627,0.236659122
,,,,
,,,,
,,,,
,,,,
,,,,
,,,,
,,,,
,,,,
,,,,
,,,,
,,,,
,,,,
,,,,
,,,,
,,,,
,,,,
,,,,
,,,,
,,,,
,,,,
,,,,
,,,,
,,,,
,,,,
,,,,
,,,,
,,,,
,,,,
,,,,
,,,,
,,,,
