Date,Open,High,Low,Close,Hurst
2011/1/6,2704.38,2712.35,2697.73,2709.89,0.584601056
2011/1/7,2712.75,2715.96,2676.36,2703.17,0.594510723
2011/1/10,2691.47,2712.32,2682.25,2707.8,0.601399454
2011/1/11,2719.6,2722.75,2706.58,2716.83,0.59803629
2011/1/12,2731.45,2737.33,2722.32,2737.33,0.59497608
2011/1/13,2734.93,2742.43,2727.14,2735.29,0.591664583
2011/1/14,2732.48,2755.3,2729.62,2755.3,0.600779365
2011/1/18,2744.8,2766.17,2744.26,2765.85,0.613970784
2011/1/19,2762.81,2764.35,2717.79,2725.36,0.609126918
2011/1/20,2712.4,2714.1,2686.59,2704.29,0.600075273
2011/1/21,2716.92,2722.74,2688.53,2689.54,0.574350742
2011/1/24,2693.03,2719.73,2687.97,2717.55,0.547303583
2011/1/25,2704.25,2719.34,2697.51,2719.25,0.532742024
2011/1/26,2724.52,2746.03,2717.63,2739.5,0.518400576
2011/1/27,2745.16,2763.64,2740.3,2755.28,0.517647008
2011/1/28,2755.28,2755.28,2679.57,2686.89,0.512956088
2011/1/31,2693.3,2706.3,2676.87,2700.08,0.512762716
2011/2/1,2717.61,2755.97,2716.64,2751.19,0.511075271
2011/2/2,2751.19,2758.51,2743.76,2749.56,0.504376388
2011/2/3,2746.74,2757.54,2725.78,2753.88,0.499306447
2011/2/4,2755.85,2769.7,2747.86,2769.3,0.496793667
2011/2/7,2773.26,2796.5,2772.81,2783.99,0.504752657
2011/2/8,2782.41,2797.05,2776.35,2797.05,0.516165777
2011/2/9,2791.13,2798.91,2780.89,2789.07,0.514971013
2011/2/10,2764.76,2791.43,2762.34,2790.45,0.507703243
2011/2/11,2783.16,2810.56,2778.21,2809.44,0.503214096
2011/2/14,2810.19,2819.87,2808.27,2817.18,0.505843257
2011/2/15,2809.02,2813.13,2798.83,2804.35,0.501661094
2011/2/16,2815.09,2828.19,2811.52,2825.56,0.498202052
2011/2/17,2816.12,2835.2,2815.08,2831.58,0.48904077
2011/2/18,2833.35,2840.51,2823.65,2833.95,0.485339861
2011/2/22,2795.44,2808.18,2752.75,2756.42,0.486995683
2011/2/23,2755.2,2761.7,2705.54,2722.99,0.478386573
2011/2/24,2726.59,2745.29,2707.63,2737.9,0.471996147
2011/2/25,2752.16,2781.12,2751.81,2781.05,0.474412506
2011/2/28,2791.28,2798.43,2767.61,2782.27,0.476424441
2011/3/1,2791.08,2791.23,2730.72,2737.41,0.478101487
2011/3/2,2735.05,2763.95,2734.08,2748.07,0.477704282
2011/3/3,2774.48,2802.32,2774.48,2798.74,0.474277072
2011/3/4,2797.64,2798.07,2768.12,2784.67,0.477032975
2011/3/7,2793.19,2794.82,2724.51,2745.63,0.476377603
2011/3/8,2745.23,2775.41,2729.85,2765.77,0.479616964
2011/3/9,2756.34,2761.77,2737.68,2751.72,0.489361381
2011/3/10,2719.29,2721.21,2695.08,2701.02,0.492910484
2011/3/11,2689.65,2724.61,2689.41,2715.61,0.489730019
2011/3/14,2695.66,2715.22,2682.09,2700.97,0.492245306
2011/3/15,2619.4,2680.57,2618.5,2667.33,0.511124273
2011/3/16,2652.92,2669.27,2603.5,2616.82,0.522007043
2011/3/17,2656.08,2660.5,2634.17,2636.05,0.522766096
2011/3/18,2665.54,2665.56,2639.76,2643.67,0.522431152
2011/3/21,2675.47,2699.7,2674.99,2692.09,0.524956264
2011/3/22,2692.13,2695.46,2679.41,2683.87,0.524728706
2011/3/23,2677.56,2704.3,2660.17,2698.3,0.529553825
2011/3/24,2715.88,2740.39,2703.42,2736.42,0.51668265
2011/3/25,2746.34,2762.55,2740.17,2743.06,0.504004214
2011/3/28,2752.33,2754.63,2730.68,2730.68,0.507069831
2011/3/29,2727.83,2756.89,2720.19,2756.89,0.506080165
2011/3/30,2772.36,2779.95,2763.77,2776.79,0.501975575
2011/3/31,2774.23,2783.98,2769.52,2781.07,0.501352543
2011/4/1,2796.67,2802.63,2779.71,2789.6,0.497846042
2011/4/4,2796.26,2799.73,2778.87,2789.19,0.492985494
2011/4/5,2787.78,2806.2,2785.27,2791.19,0.494548202
2011/4/6,2808.11,2815.55,2786.8,2799.82,0.49149195
2011/4/7,2799.59,2813.22,2781.13,2796.14,0.480039699
2011/4/8,2806.29,2808.56,2772.4,2780.41,0.473506114
2011/4/11,2789.49,2792.95,2760.84,2771.51,0.465992362
2011/4/12,2755.89,2760.62,2737.07,2744.79,0.458031772
2011/4/13,2762.69,2772.05,2744.85,2761.52,0.452018645
2011/4/14,2743.12,2762.18,2733.68,2760.22,0.436836967
2011/4/15,2752.87,2769.29,2743.75,2764.65,0.436256885
2011/4/18,2731.22,2737.46,2706.5,2735.38,0.43708383
2011/4/19,2741.35,2746.18,2727.12,2744.97,0.43815237
2011/4/20,2788.84,2802.99,2785.98,2802.51,0.444608556
2011/4/21,2820.77,2820.77,2808.55,2820.16,0.448632939
2011/4/25,2820.28,2826.26,2813.2,2825.88,0.4586726
2011/4/26,2832.48,2856.61,2829,2847.54,0.457688567
2011/4/27,2853.88,2870.8,2842.61,2869.88,0.459902986
2011/4/28,2862.82,2874.59,2859.62,2872.53,0.449137978
2011/4/29,2869.74,2876.83,2863.04,2873.54,0.439167844
2011/5/2,2881.28,2887.75,2859.84,2864.08,0.435615355
2011/5/3,2859.3,2861.95,2825.5,2841.62,0.43385783
2011/5/4,2842.92,2848.16,2808.79,2828.23,0.432118962
2011/5/5,2812.84,2845.85,2804.82,2814.72,0.430921988
2011/5/6,2840.71,2859.25,2818.65,2827.56,0.426401743
2011/5/9,2828.24,2850.39,2823.67,2843.25,0.41921174
2011/5/10,2851.91,2873.64,2850.01,2871.89,0.413645982
2011/5/11,2867.16,2874.61,2829.68,2845.06,0.423931987
2011/5/12,2833.67,2865.86,2819.37,2863.04,0.440159815
2011/5/13,2859.7,2861.51,2827.51,2828.47,0.435423554
2011/5/16,2815.9,2828.14,2779.54,2782.31,0.431023646
2011/5/17,2769.17,2783.61,2759.29,2783.21,0.440429232
2011/5/18,2782.65,2817.15,2780.83,2815,0.448692897
2011/5/19,2824.05,2828.41,2805.12,2823.31,0.448026208
2011/5/20,2815.96,2821.44,2796.27,2803.32,0.449294302
2011/5/23,2761.96,2770.51,2750.64,2758.9,0.464239083
2011/5/24,2766.7,2767.5,2744.01,2746.16,0.466624843
2011/5/25,2739.99,2771.38,2739.85,2761.38,0.475163155
2011/5/26,2756.31,2787.33,2756.06,2782.92,0.476389995
2011/5/27,2789.02,2801.15,2788.29,2796.86,0.471912798
2011/5/31,2824.25,2835.34,2808.6,2835.3,0.461779997
2011/6/1,2829.39,2834.05,2767.63,2769.19,0.466624475
2011/6/2,2773.76,2784.57,2759.17,2773.31,0.461085832
2011/6/3,2740.49,2762.56,2730.63,2732.78,0.460419073
2011/6/6,2728.31,2736.66,2702.2,2702.56,0.460212292
2011/6/7,2712.79,2723.32,2701.17,2701.56,0.46629682
2011/6/8,2693.69,2698.08,2671.09,2675.38,0.468977213
2011/6/9,2678.52,2696.69,2670.02,2684.87,0.474062496
2011/6/10,2675.1,2676.72,2641.64,2643.73,0.469039895
2011/6/13,2649.3,2657.77,2629.61,2639.69,0.458196276
2011/6/14,2662.73,2685.65,2662.73,2678.72,0.454659725
2011/6/15,2653.17,2669.75,2625.86,2631.46,0.465667491
2011/6/16,2631.98,2642.65,2599.86,2623.7,0.471096855
2011/6/17,2646.29,2648.54,2608.99,2616.48,0.475822101
2011/6/20,2608.05,2636.55,2607.74,2629.66,0.464676062
2011/6/21,2640.33,2688.5,2634.04,2687.26,0.442711272
2011/6/22,2677.18,2693.23,2668.35,2669.19,0.429318209
2011/6/23,2638.6,2688.07,2627.47,2686.75,0.423000838
2011/6/24,2681.1,2682.41,2647.46,2652.89,0.413190687
2011/6/27,2653.07,2697.34,2647.55,2688.28,0.414564868
2011/6/28,2694.26,2729.94,2692.45,2729.31,0.416567922
2011/6/29,2736.76,2746.62,2722.26,2740.49,0.42516516
2011/6/30,2749.37,2776.56,2749.11,2773.52,0.440569817
2011/7/1,2775.08,2818.19,2769.06,2816.03,0.462870932
2011/7/5,2817.87,2828.53,2810,2825.77,0.474037912
2011/7/6,2821.42,2838.85,2812.8,2834.02,0.489051996
2011/7/7,2856.25,2878.94,2853.9,2872.66,0.493478381
2011/7/8,2841.29,2860.02,2831.16,2859.81,0.510303931
2011/7/11,2828.1,2841.12,2795.54,2802.62,0.507087938
2011/7/12,2798.75,2807.57,2780.16,2781.91,0.494597117
2011/7/13,2800.88,2825.86,2789.57,2796.92,0.489347956
2011/7/14,2804.82,2817.38,2755.9,2762.67,0.482651841
2011/7/15,2787.33,2790.16,2768.28,2789.8,0.483923901
2011/7/18,2777.61,2783.76,2743.79,2765.11,0.490516301
2011/7/19,2790.98,2828.65,2790.98,2826.52,0.488635483
2011/7/20,2839.39,2839.65,2808.18,2814.23,0.493064657
2011/7/21,2818.79,2847.41,2807.71,2834.43,0.503802569
2011/7/22,2834.46,2862.72,2830.58,2858.83,0.511579877
2011/7/25,2832.11,2859.4,2828.91,2842.8,0.507532352
2011/7/26,2842.74,2851.72,2832.27,2839.96,0.503136562
2011/7/27,2823.62,2823.86,2761,2764.79,0.498494873
2011/7/28,2765.61,2800.11,2757.85,2766.25,0.505953052
2011/7/29,2736.67,2780.58,2724.99,2756.38,0.504178768
2011/8/1,2791.45,2796.24,2716.3,2744.61,0.514507699
2011/8/2,2728.29,2745.87,2668.68,2669.24,0.513815583
2011/8/3,2673.97,2695.37,2621.67,2693.07,0.514327247
2011/8/4,2648.38,2653.79,2556.38,2556.39,0.521264867
2011/8/5,2580.3,2592.04,2464.87,2532.41,0.535727285
2011/8/8,2447.3,2489.39,2357.69,2357.69,0.551189237
2011/8/9,2402.13,2483.66,2331.65,2482.52,0.565208361
2011/8/10,2425.55,2461.28,2378.08,2381.05,0.57294433
2011/8/11,2415.54,2516.39,2399.56,2492.68,0.577432901
2011/8/12,2507.01,2524.09,2481.5,2507.98,0.573032688
2011/8/15,2522.04,2555.2,2514.52,2555.2,0.55125102
2011/8/16,2526.48,2546.74,2494.55,2523.45,0.533829649
2011/8/17,2527.79,2549.11,2488.09,2511.48,0.532941269
2011/8/18,2436.38,2437.01,2362.97,2380.43,0.525541103
2011/8/19,2353.32,2415.18,2338.66,2341.84,0.527025647
2011/8/22,2396.88,2397.34,2337.28,2345.38,0.525632117
2011/8/23,2360.95,2446.06,2349.08,2446.06,0.524394381
2011/8/24,2437.48,2470.8,2420.48,2467.69,0.512851666
2011/8/25,2470.96,2482.9,2415.24,2419.63,0.523004226
2011/8/26,2408.79,2486.04,2385.27,2479.85,0.514623495
2011/8/29,2510.99,2562.58,2510.13,2562.11,0.517170848
2011/8/30,2547.07,2589.53,2534.68,2576.11,0.500768962
2011/8/31,2589.75,2611.58,2557.74,2579.46,0.504829731
2011/9/1,2583.34,2604.5,2543.56,2546.04,0.510898811
2011/9/2,2497.28,2512.78,2469.35,2480.33,0.519501574
2011/9/6,2417.61,2477.77,2414.31,2473.83,0.513720277
2011/9/7,2511.5,2548.94,2507.52,2548.94,0.516178213
2011/9/8,2533.81,2568.45,2520.8,2529.14,0.51511752
2011/9/9,2508.12,2518.4,2452.93,2467.99,0.533130596
2011/9/12,2442.86,2495.36,2438.4,2495.09,0.53511972
2011/9/13,2502.59,2537.4,2494.07,2532.15,0.551330562
2011/9/14,2548.45,2600.78,2519.8,2572.55,0.549726108
2011/9/15,2595.45,2608.95,2569.78,2607.07,0.55679273
2011/9/16,2607.12,2627.28,2600.96,2622.31,0.547545133
2011/9/19,2584.35,2627.34,2564.46,2612.83,0.551680651
2011/9/20,2623.89,2643.37,2589.52,2590.24,0.545640788
2011/9/21,2601.06,2613.29,2537.46,2538.19,0.546562416
2011/9/22,2466.06,2494.31,2420.23,2455.67,0.531246503
2011/9/23,2438.63,2490.72,2438.28,2483.23,0.536764596
2011/9/26,2496.98,2518.91,2446.12,2516.69,0.536335627
2011/9/27,2560.78,2590.94,2532.65,2546.83,0.540979415
2011/9/28,2557.86,2569.79,2491.07,2491.58,0.534018875
2011/9/29,2535.52,2538.97,2433.58,2480.76,0.546782926
2011/9/30,2444.77,2468.98,2415.07,2415.4,0.531152101
2011/10/3,2401.19,2430.88,2335.23,2335.83,0.535195334
2011/10/4,2312.68,2406.67,2298.89,2404.82,0.531555696
2011/10/5,2398.37,2466.5,2380.96,2460.51,0.525929179
2011/10/6,2459.05,2507.44,2446.72,2506.82,0.514215556
2011/10/7,2509.61,2512.14,2468.6,2479.35,0.524851538
2011/10/10,2522.72,2566.05,2519.78,2566.05,0.517184392
2011/10/11,2554.7,2587.28,2551.94,2583.03,0.522545414
2011/10/12,2606.61,2629.49,2602.31,2604.73,0.515885354
2011/10/13,2595.05,2625.22,2588.71,2620.24,0.52601488
2011/10/14,2655.23,2667.85,2636,2667.85,0.531358495
2011/10/17,2653.32,2658.25,2606.91,2614.92,0.542913649
2011/10/18,2614.05,2667.57,2586.31,2657.43,0.542403393
2011/10/19,2642.89,2651.88,2597.77,2604.04,0.54809037
2011/10/20,2605.42,2606.39,2557.17,2598.62,0.540565808
2011/10/21,2630.3,2646.92,2611.11,2637.46,0.549443588
2011/10/24,2644.83,2703.07,2643.94,2699.44,0.54966283
2011/10/25,2685.86,2685.88,2633.94,2638.42,0.552803607
2011/10/26,2660.42,2666.29,2598.74,2650.67,0.540390139
2011/10/27,2720.59,2753.37,2694.27,2738.63,0.540704544
2011/10/28,2724.03,2742.27,2723.03,2737.15,0.530191391
2011/10/31,2705.89,2716.7,2684.13,2684.41,0.538169978
2011/11/1,2607.31,2638.6,2597.16,2606.96,0.5268184
2011/11/2,2637.56,2648.46,2613.74,2639.98,0.530134557
2011/11/3,2666.21,2699.84,2628.22,2697.97,0.531235356
2011/11/4,2678.16,2693.67,2655.12,2686.15,0.539292991
2011/11/7,2683.38,2697.02,2649.06,2695.25,0.533827536
2011/11/8,2712.08,2730.39,2680.93,2727.49,0.53665951
2011/11/9,2662.56,2672.34,2617.93,2621.65,0.529673594
2011/11/10,2652.01,2652.4,2601.79,2625.15,0.531685282
2011/11/11,2653.53,2684.67,2649.85,2678.75,0.524684655
2011/11/14,2671.11,2682.13,2647.48,2657.22,0.525590384
2011/11/15,2647.91,2695.87,2644,2686.2,0.528755694
2011/11/16,2661.09,2688.86,2637.91,2639.61,0.52817091
2011/11/17,2637.37,2637.48,2576.22,2587.99,0.521325293
2011/11/18,2595.02,2595.84,2567.15,2572.5,0.537289589
2011/11/21,2535.34,2539.87,2500.89,2523.14,0.544658098
2011/11/22,2517.64,2534.4,2499.19,2521.28,0.558415608
2011/11/23,2501.18,2503.38,2460.08,2460.08,0.562363062
2011/11/25,2453.03,2477.03,2441.48,2441.51,0.575052543
2011/11/28,2509.63,2531.32,2507.72,2527.34,0.572354989
2011/11/29,2529.11,2542.46,2508.27,2515.51,0.564386852
2011/11/30,2586.39,2620.34,2582.49,2620.34,0.541282289
2011/12/1,2615.67,2636.08,2611.48,2626.2,0.531422185
2011/12/2,2650.8,2659.23,2625.07,2626.93,0.520641885
2011/12/5,2666.47,2674.53,2641.59,2655.76,0.526915553
2011/12/6,2655.02,2663.63,2639.18,2649.56,0.530022707
2011/12/7,2638.61,2660.24,2612.8,2649.21,0.536847567
2011/12/8,2633.3,2645.92,2592.55,2596.38,0.531795064
2011/12/9,2603.18,2653.46,2603.18,2646.85,0.536756224
2011/12/12,2617.32,2617.32,2591.42,2612.26,0.531201665
2011/12/13,2629.67,2639.74,2568.44,2579.27,0.531442698
2011/12/14,2566.21,2568.44,2525.88,2539.31,0.526553739
2011/12/15,2565.93,2565.94,2536.58,2541.01,0.526721696
2011/12/16,2554.62,2585.42,2548,2555.33,0.522180749
2011/12/19,2564.07,2570.65,2518.01,2523.14,0.527044817
2011/12/20,2567.25,2604.52,2566.87,2603.73,0.518619679
2011/12/21,2589.77,2590.61,2544.66,2577.97,0.522722575
2011/12/22,2584.33,2601.99,2581.92,2599.45,0.514269638
2011/12/23,2607.43,2618.84,2599.89,2618.64,0.524879063
2011/12/27,2613.51,2633.34,2610.77,2625.2,0.528094904
2011/12/28,2626.19,2626.34,2586.85,2589.98,0.540145397
2011/12/29,2596.33,2614.87,2593.04,2613.74,0.539066569
2011/12/30,2610.23,2616.46,2604.6,2605.15,0.534967173
2012/1/3,2657.39,2665.9,2641.98,2648.72,0.519944511
2012/1/4,2639.9,2653.18,2627.23,2648.36,0.53090436
2012/1/5,2642.57,2673.56,2631.23,2669.86,0.523370215
2012/1/6,2671.17,2682.12,2658.83,2674.22,0.526383307
2012/1/9,2682.98,2683.78,2662.96,2676.56,0.526595403
2012/1/10,2704.42,2712.5,2694.33,2702.5,0.538713639
2012/1/11,2695.77,2714.29,2690.73,2710.76,0.529860672
2012/1/12,2716.87,2726.43,2697.32,2724.7,0.543117862
2012/1/13,2707.41,2712.93,2689.58,2710.67,0.537483337
2012/1/17,2736.34,2742.73,2721.03,2728.08,0.537062299
2012/1/18,2731.16,2769.71,2730.05,2769.71,0.52564213
2012/1/19,2779.74,2793.35,2777.17,2788.33,0.540166978
2012/1/20,2776.04,2787.2,2775.87,2786.7,0.549051956
2012/1/23,2786.21,2804.99,2769.82,2784.17,0.5577059
2012/1/24,2771.58,2788.38,2766.34,2786.64,0.554688556
2012/1/25,2803.23,2822.79,2788.95,2818.31,0.568518571
2012/1/26,2828.78,2834.3,2794.78,2805.28,0.563379835
2012/1/27,2797.66,2821.55,2797.24,2816.55,0.566720548
2012/1/30,2790.4,2816.85,2782.44,2811.94,0.559759791
2012/1/31,2825.76,2830.45,2798.77,2813.84,0.563999557
2012/2/1,2830.1,2855.73,2825.19,2848.27,0.564325557
2012/2/2,2854.1,2868.23,2849.4,2859.68,0.585266721
2012/2/3,2888.95,2908.13,2885.84,2905.66,0.571142442
2012/2/6,2892.52,2903.03,2887.33,2901.99,0.578296099
2012/2/7,2895.91,2910.27,2885.17,2904.08,0.564489199
2012/2/8,2906.59,2918.26,2892.71,2915.86,0.574246158
2012/2/9,2922.46,2930.68,2904.51,2927.23,0.566792307
2012/2/10,2902,2910.98,2895.1,2903.88,0.56293893
2012/2/13,2926.21,2933.93,2913.89,2931.39,0.550776044
2012/2/14,2921.7,2932.08,2911.6,2931.83,0.553899168
2012/2/15,2943.42,2958.19,2911.33,2915.83,0.546497572
2012/2/16,2915.67,2961.38,2912.72,2959.85,0.554933219
2012/2/17,2958.22,2962.78,2941.55,2951.78,0.547374399
2012/2/21,2957.3,2965.05,2934.07,2948.57,0.54630072
2012/2/22,2942.77,2950.37,2929.68,2933.17,0.539209616
2012/2/23,2933.16,2958.42,2922.96,2956.98,0.54710124
2012/2/24,2963.13,2970.88,2958.82,2963.75,0.546145716
2012/2/27,2945.87,2976.08,2933.3,2966.16,0.560506847
2012/2/28,2969.25,2988.59,2966.61,2986.76,0.55031181
2012/2/29,2991.67,3000.11,2961.77,2966.89,0.558148584
2012/3/1,2979.11,2996.37,2974.59,2988.97,0.549184839
2012/3/2,2986.08,2995.97,2968,2976.19,0.557766641
2012/3/5,2969.73,2973.93,2940.52,2950.48,0.553926388
2012/3/6,2917.52,2921.77,2900.28,2910.32,0.56101217
2012/3/7,2922.57,2940.28,2920.54,2935.69,0.551723026
2012/3/8,2954.4,2976.05,2945.73,2970.42,0.559037874
2012/3/9,2975.09,2993.98,2973.96,2988.34,0.549779233
2012/3/12,2989.05,2994.1,2973.65,2983.66,0.545425493
2012/3/13,3003.71,3039.89,2996.46,3039.88,0.534977434
2012/3/14,3042.21,3051.37,3024.73,3040.73,0.534917416
2012/3/15,3048.58,3059.81,3037.82,3056.37,0.526906088
2012/3/16,3058.49,3060.82,3047.69,3055.26,0.548743191
2012/3/19,3057.24,3087.1,3050.89,3078.32,0.550940361
2012/3/20,3060.93,3078.72,3050.82,3074.15,0.559091448
2012/3/21,3077.44,3090.08,3069.09,3075.32,0.552375419
2012/3/22,3055,3068.5,3050.7,3063.32,0.562443461
2012/3/23,3066.37,3070.93,3044.67,3067.92,0.557862668
2012/3/26,3090.52,3122.57,3090.05,3122.57,0.550940371
2012/3/27,3124.06,3134.17,3119.03,3120.35,0.541446763
2012/3/28,3123.84,3130.56,3086.93,3104.96,0.542007205
2012/3/29,3087.25,3099.8,3069.81,3095.36,0.539366199
2012/3/30,3110.97,3111.55,3079.05,3091.57,0.550551131
2012/4/2,3085.94,3123.03,3079.78,3119.7,0.554109645
2012/4/3,3119.65,3128.25,3097.41,3113.57,0.561821027
2012/4/4,3085.46,3086.35,3052.58,3068.09,0.557511293
2012/4/5,3061.75,3083.38,3061.14,3080.5,0.567852117
2012/4/9,3037.28,3058.76,3032.22,3047.08,0.559910304
2012/4/10,3044.67,3055.2,2987,2991.22,0.564545902
2012/4/11,3020.15,3030.51,3008.75,3016.46,0.562377919
2012/4/12,3023.11,3059.26,3020.44,3055.55,0.561285382
2012/4/13,3045.08,3045.42,3010.77,3011.33,0.559043167
2012/4/16,3027.57,3027.57,2975.87,2988.4,0.578736871
2012/4/17,3002.02,3052.76,2999.49,3042.82,0.582011834
2012/4/18,3031.82,3045.04,3023.91,3031.45,0.585785867
2012/4/19,3028.2,3058.72,2994.94,3007.56,0.56799504
2012/4/20,3023.73,3034.69,2999.01,3000.45,0.570479826
2012/4/23,2969,2973.38,2946.04,2970.45,0.564355797
2012/4/24,2967.37,2979.08,2950.38,2961.6,0.570474445
2012/4/25,3013.65,3031.41,3010.57,3029.63,0.555300001
2012/4/26,3029.62,3056.77,3027.79,3050.61,0.551580427
2012/4/27,3060.34,3076.44,3043.3,3069.2,0.54422083
2012/4/30,3060.06,3063.66,3043.25,3046.36,0.559223496
2012/5/1,3044.79,3085.4,3041.62,3050.44,0.55041723
2012/5/2,3035.07,3061.47,3028.94,3059.85,0.542106524
2012/5/3,3061.13,3061.38,3016.2,3024.3,0.535247727
2012/5/4,3001.15,3001.48,2956.34,2956.34,0.53966254
2012/5/7,2940.41,2970.2,2939.21,2957.76,0.533169513
2012/5/8,2939.36,2952.65,2900.06,2946.27,0.546470643
2012/5/9,2912.41,2948.77,2900.18,2934.71,0.543371557
2012/5/10,2950.21,2950.21,2923.14,2933.64,0.551410325
2012/5/11,2919.35,2960.38,2918.74,2933.82,0.546742688
2012/5/14,2907.78,2924.89,2898.9,2902.58,0.56438044
2012/5/15,2902.3,2930.68,2889.39,2893.76,0.56861112
2012/5/16,2904.67,2913.9,2872.25,2874.04,0.5819472
2012/5/17,2874.71,2879.22,2813.69,2813.69,0.571397324
2012/5/18,2814.43,2827.28,2774.45,2778.79,0.578974347
2012/5/21,2782.55,2848.83,2774.76,2847.21,0.570492455
2012/5/22,2853.87,2867.34,2823.22,2839.08,0.572338904
2012/5/23,2832.17,2855.35,2795.5,2850.12,0.550520436
2012/5/24,2856.55,2858.24,2817.62,2839.38,0.542963791
2012/5/25,2839.74,2846.31,2829.76,2837.53,0.527763739
2012/5/29,2853.27,2882.83,2846.68,2870.99,0.533928122
2012/5/30,2847.27,2847.27,2825.64,2837.36,0.527939908
2012/5/31,2837.37,2842.43,2801.96,2827.34,0.543357156
2012/6/1,2810.13,2810.13,2747.24,2747.48,0.529119715
2012/6/4,2747.61,2769.93,2726.68,2760.01,0.534362233
2012/6/5,2749.35,2781.97,2749.34,2778.11,0.526327926
2012/6/6,2796.23,2844.72,2796.23,2844.72,0.528020379
2012/6/7,2872.05,2873.59,2827.82,2831.02,0.514223733
2012/6/8,2823.82,2860.94,2814.8,2858.42,0.521520915
2012/6/11,2882.49,2882.96,2806.9,2809.73,0.515312595
2012/6/12,2815.84,2843.67,2802.38,2843.07,0.53798022
2012/6/13,2838.12,2853.17,2810.59,2818.61,0.541259813
2012/6/14,2820.63,2842.31,2807.55,2836.33,0.556178649
2012/6/15,2839.4,2874.38,2837.94,2872.8,0.548129542
2012/6/18,2872.49,2903.03,2853.86,2895.33,0.563659235
2012/6/19,2909.87,2940.23,2908.45,2929.76,0.577942931
2012/6/20,2932.96,2942.28,2910,2930.45,0.592408832
2012/6/21,2929.15,2930.93,2857.1,2859.09,0.567795276
2012/6/22,2866.17,2894.35,2863.93,2892.42,0.562409289
2012/6/25,2863.89,2863.89,2829.23,2836.16,0.542161321
2012/6/26,2845.4,2862.15,2832.02,2854.06,0.54619457
2012/6/27,2862.13,2882.4,2860.13,2875.32,0.523534047
2012/6/28,2853.89,2855.74,2818.19,2849.49,0.522327076
2012/6/29,2902.44,2935.13,2895.6,2935.05,0.498007178
2012/7/2,2938.41,2951.23,2925.71,2951.23,0.502896365
2012/7/3,2950.81,2976.08,2948.4,2976.08,0.487881814
2012/7/5,2970.37,2987.94,2958.3,2976.12,0.485047315
2012/7/6,2955.2,2957.5,2921.37,2937.33,0.478258779
2012/7/9,2934.49,2942.99,2919.04,2931.77,0.485534656
2012/7/10,2945.35,2953.47,2891.42,2902.33,0.466599433
2012/7/11,2898.77,2905.51,2866.53,2887.98,0.474238016
2012/7/12,2867.08,2876.32,2837.72,2866.19,0.464190096
2012/7/13,2874.06,2913.28,2873.39,2908.47,0.46994893
2012/7/16,2903.03,2910.2,2888.01,2896.94,0.452091336
2012/7/17,2911.46,2916.61,2871.65,2910.04,0.46524535
2012/7/18,2904.24,2951.3,2902.95,2942.6,0.461312683
2012/7/19,2961.71,2976.22,2952.42,2965.9,0.478822748
2012/7/20,2957.02,2957.02,2925.3,2925.3,0.475090333
2012/7/23,2877.51,2898.05,2852.88,2890.15,0.492492752
2012/7/24,2894.95,2896.56,2847.22,2862.99,0.487851908
2012/7/25,2856.78,2870.22,2839.76,2854.24,0.499175009
2012/7/26,2896.68,2905.57,2876.01,2893.25,0.496933586
2012/7/27,2906.5,2961.87,2900.98,2958.09,0.483464449
2012/7/30,2959.07,2970.3,2939.04,2945.84,0.448973191
2012/7/31,2945.08,2959.62,2938.41,2939.52,0.432591655
2012/8/1,2956.72,2958.28,2917.78,2920.21,0.409319959
2012/8/2,2900.46,2934.65,2890.85,2909.77,0.39974411
2012/8/3,2951.28,2977.41,2945.81,2967.9,0.377112314
2012/8/6,2978.16,3000.24,2974.23,2989.91,0.373127204
2012/8/7,3002.66,3028.61,3002.09,3015.86,0.365980998
2012/8/8,3003.77,3018.9,3002.41,3011.25,0.381348434
2012/8/9,3009.86,3022.69,3007.3,3018.64,0.380019374
2012/8/10,3008.83,3020.86,3003.38,3020.86,0.395783797
2012/8/13,3018.27,3023.03,2999.12,3022.52,0.38455928
2012/8/14,3032.67,3034.16,3009.93,3016.98,0.391013132
2012/8/15,3013.33,3032.06,3013.33,3030.93,0.390295049
2012/8/16,3037.18,3067.44,3033.28,3062.39,0.403290001
2012/8/17,3067.11,3076.72,3060.15,3076.59,0.402289241
2012/8/20,3072.66,3076.21,3059.9,3076.21,0.410505366
2012/8/21,3085.25,3100.54,3058.74,3067.26,0.400960806
2012/8/22,3059.94,3080.73,3053.43,3073.67,0.417740126
2012/8/23,3065.82,3070.34,3045.52,3053.4,0.413168053
2012/8/24,3045.22,3076.8,3042.22,3069.79,0.420624819
2012/8/27,3083.62,3085.81,3068.13,3073.19,0.412955714
2012/8/28,3069.4,3083.19,3063.65,3077.14,0.419496876
2012/8/29,3078.05,3087.24,3067.62,3081.19,0.415398438
2012/8/30,3066.73,3067.54,3045.92,3048.71,0.431744232
2012/8/31,3069.64,3078.52,3040.59,3066.96,0.428436006
2012/9/4,3063.25,3082.26,3040.24,3075.06,0.433102283
2012/9/5,3072.57,3082.75,3062.54,3069.27,0.417708792
2012/9/6,3087.94,3135.81,3087.67,3135.81,0.415624653
2012/9/7,3133.22,3139.61,3128.17,3136.42,0.411222719
2012/9/10,3131.34,3133.89,3102.76,3104.02,0.421153865
2012/9/11,3105.01,3117.86,3099.1,3104.53,0.40253254
2012/9/12,3115.33,3120.12,3098.82,3114.31,0.40417977
2012/9/13,3117.66,3167.63,3112.62,3155.83,0.393413295
2012/9/14,3166.24,3195.67,3164.26,3183.95,0.411642936
2012/9/17,3183.4,3183.4,3168.63,3178.67,0.403577314
2012/9/18,3173.62,3179.37,3169.41,3177.8,0.407764347
2012/9/19,3179.04,3189.35,3170.29,3182.62,0.396957753
2012/9/20,3166.84,3178.45,3156.46,3175.96,0.401151053
2012/9/21,3194.86,3196.93,3178.09,3179.96,0.391993403
2012/9/24,3155.35,3167.74,3150.71,3160.78,0.393930942
2012/9/25,3170.37,3176.3,3117.73,3117.73,0.376039405
2012/9/26,3113.4,3114.54,3080.28,3093.7,0.381118874
2012/9/27,3105.87,3142.02,3098.46,3136.6,0.388012934
2012/9/28,3125.31,3132.51,3109.91,3116.23,0.392912991
2012/10/1,3130.31,3146.99,3103.89,3113.53,0.390196495
2012/10/2,3127.73,3131.64,3101.64,3120.04,0.409950943
2012/10/3,3130.85,3142.36,3115.04,3135.23,0.412183892
2012/10/4,3142.38,3153.48,3132.56,3149.46,0.430038946
2012/10/5,3161.21,3171.46,3130.76,3136.19,0.429510539
2012/10/8,3121.33,3125.49,3107.57,3112.35,0.433728416
2012/10/9,3108.01,3108.01,3062.52,3065.02,0.422094984
2012/10/10,3066.25,3071.57,3046.78,3051.78,0.423374843
2012/10/11,3075.89,3078.08,3047.14,3049.41,0.421355375
2012/10/12,3049.08,3061.77,3039.58,3044.11,0.432161209
2012/10/15,3053.21,3066.31,3037.27,3064.18,0.425211988
2012/10/16,3073.21,3102.97,3070.25,3101.17,0.420703908
2012/10/17,3091.38,3112.45,3088.05,3104.12,0.403646458
2012/10/18,3097.77,3102.56,3065.24,3072.87,0.409217021
2012/10/19,3066.56,3066.56,3000.27,3005.62,0.410158377
2012/10/22,3005.62,3020.61,2995.78,3016.96,0.417407849
2012/10/23,2989.44,3006.59,2974.07,2990.46,0.399065652
2012/10/24,3011.82,3012.95,2978.73,2981.7,0.405965029
2012/10/25,3005.04,3007.71,2975.98,2986.12,0.404947757
2012/10/26,2986.05,2999.14,2961.16,2987.95,0.416607036
2012/10/31,2986.85,2989.7,2964.94,2977.23,0.411892842
2012/11/1,2987.54,3021.94,2984.22,3020.06,0.409639043
2012/11/2,3033.85,3033.85,2981.69,2982.13,0.400315032
2012/11/5,2983.03,3004.87,2975.85,2999.66,0.399771711
2012/11/6,3003.71,3024.44,2998.93,3011.93,0.396950149
2012/11/7,2976.46,2977.81,2926.79,2937.29,0.404622378
2012/11/8,2942.09,2949.7,2895.58,2895.58,0.394681989
2012/11/9,2892.57,2931.11,2889.81,2904.87,0.397185262
2012/11/12,2916.38,2920.01,2896.55,2904.25,0.394986676
2012/11/13,2880.77,2909,2877.06,2883.89,0.396672575
2012/11/14,2896.81,2900.1,2842.86,2846.81,0.380508478
2012/11/15,2847.84,2855.64,2826.75,2836.94,0.37095464
2012/11/16,2838.9,2859.57,2810.8,2853.13,0.356687204
2012/11/19,2886,2916.07,2884.75,2916.07,0.359131506
2012/11/20,2910.73,2919.96,2893.38,2916.68,0.36047748
2012/11/21,2919.14,2928.17,2912.42,2926.55,0.365745576
2012/11/23,2943.62,2967.19,2940.68,2966.85,0.35042621
2012/11/26,2961.02,2976.93,2951.73,2976.78,0.356141968
2012/11/27,2974.56,2985.32,2965.13,2967.79,0.362783661
2012/11/28,2952.02,2992.17,2935.88,2991.78,0.384477603
2012/11/29,3005.41,3017.18,2996.3,3012.03,0.395559858
2012/11/30,3013.25,3014.25,2999.72,3010.24,0.409069388
2012/12/3,3029.21,3030.28,2999.57,3002.2,0.412558603
2012/12/4,3000.44,3002.9,2980.93,2996.69,0.428799517
2012/12/5,2993.2,2994.73,2958.26,2973.7,0.430577782
2012/12/6,2967.99,2996.53,2962.02,2989.27,0.453775354
2012/12/7,2999.69,3003.27,2968.82,2978.04,0.452644025
2012/12/10,2973.19,2997.64,2971.56,2986.96,0.452520848
2012/12/11,3005.43,3033.14,3003.82,3022.3,0.459229563
2012/12/12,3033.93,3035.19,3008.49,3013.81,0.468537939
2012/12/13,3007.83,3026.51,2982.63,2992.16,0.464692391
2012/12/14,2976.95,2985.33,2963.8,2971.33,0.452983312
2012/12/17,2975.5,3011.22,2973.54,3010.6,0.438967604
2012/12/18,3020.82,3056.65,3016.4,3054.53,0.43569113
2012/12/19,3059.03,3061.82,3044.36,3044.36,0.438872469
2012/12/20,3050.3,3053.53,3034.15,3050.39,0.444948783
2012/12/21,2998.6,3022.19,2995.13,3021.01,0.432549798
2012/12/24,3013.89,3016.18,3008.53,3012.6,0.429801991
2012/12/26,3013.13,3018.65,2983.35,2990.16,0.422894347
2012/12/27,2989.87,2993.66,2951.04,2985.91,0.425561598
2012/12/28,2965.12,2985.47,2959.37,2960.31,0.424174032
2012/12/31,2955.45,3021.41,2953.52,3019.51,0.430756893
2013/1/2,3091.33,3112.65,3083.49,3112.26,0.405808773
2013/1/3,3108.49,3118.18,3092.28,3100.57,0.400226834
2013/1/4,3100.88,3108.44,3090.81,3101.66,0.405843426
2013/1/7,3089.17,3102.35,3083.88,3098.81,0.411576622
2013/1/8,3098.46,3103.39,3076.6,3091.81,0.396111896
2013/1/9,3099.65,3111.22,3096.34,3105.81,0.39582524
2013/1/10,3125.64,3127.72,3098.47,3121.76,0.387859409
2013/1/11,3122.12,3126.59,3114.1,3125.64,0.388419056
2013/1/14,3113.65,3123.48,3104.08,3117.5,0.390813732
2013/1/15,3101.06,3112.29,3093.32,3110.78,0.393420281
2013/1/16,3110.72,3124.65,3106.79,3117.54,0.381284751
2013/1/17,3130.49,3144.05,3125.79,3136,0.379461716
2013/1/18,3127.91,3134.73,3119.2,3134.71,0.370668778
2013/1/22,3135.63,3143.18,3121.54,3143.18,0.376670647
2013/1/23,3155.82,3161.06,3149.74,3153.67,0.370131153
2013/1/24,3125.67,3153.56,3124.45,3130.38,0.366418037
2013/1/25,3140.65,3156.2,3135.86,3149.71,0.365887578
2013/1/28,3152.17,3161.83,3144.89,3154.3,0.371937518
2013/1/29,3149.62,3156.94,3133.11,3153.66,0.370013484
2013/1/30,3157.43,3164.06,3135.83,3142.31,0.366023867
2013/1/31,3140.67,3154.18,3136.82,3142.13,0.357387183
2013/2/1,3162.94,3183.14,3154.91,3179.1,0.360912435
2013/2/4,3161.72,3169.63,3130.57,3131.17,0.364530302
2013/2/5,3140.9,3178.52,3136.82,3171.58,0.380979761
2013/2/6,3159.38,3174.82,3157.35,3168.48,0.376122237
2013/2/7,3167.44,3170.42,3135.98,3165.13,0.374180922
2013/2/8,3178.06,3196.89,3177.18,3193.87,0.373302799
2013/2/11,3192.53,3194.01,3182.19,3192,0.387813822
2013/2/12,3190.73,3196.92,3184.84,3186.49,0.394249854
2013/2/13,3195.34,3205.52,3187.06,3196.88,0.399451167
2013/2/14,3182.74,3202.33,3182.39,3198.66,0.39263304
2013/2/15,3202.84,3206.21,3184.03,3192.03,0.400745306
2013/2/19,3197.46,3213.6,3194.92,3213.59,0.408171681
2013/2/20,3211.99,3213.25,3163.95,3164.41,0.410086255
2013/2/21,3154.88,3155.19,3118.62,3131.49,0.402816912
2013/2/22,3149.09,3161.82,3139.55,3161.82,0.409646714
2013/2/25,3180.59,3186.25,3116.25,3116.25,0.409770872
2013/2/26,3126.23,3135.57,3105.36,3129.65,0.414587925
2013/2/27,3129.72,3177.8,3127.27,3162.26,0.417380897
2013/2/28,3161.43,3182.6,3159.72,3160.19,0.420682057
2013/3/1,3143.54,3171.5,3129.4,3169.74,0.406857795
2013/3/4,3159.46,3182.27,3154.79,3182.03,0.405160515
2013/3/5,3200.38,3227.31,3200.27,3224.13,0.402280231
2013/3/6,3233.31,3233.44,3217.67,3222.37,0.408510762
2013/3/7,3224.5,3235.1,3221.47,3232.09,0.403017619
2013/3/8,3245.85,3248.7,3227.89,3244.37,0.400606124
2013/3/11,3237.74,3252.87,3233.67,3252.87,0.407381975
2013/3/12,3244.85,3249.78,3229.92,3242.32,0.409182645
2013/3/13,3243.04,3251.45,3230.62,3245.12,0.404911584
2013/3/14,3253,3258.93,3250.24,3258.93,0.39848031
2013/3/15,3260.46,3260.62,3242.65,3249.07,0.383147917
2013/3/18,3215.71,3249.37,3211.1,3237.59,0.368766182
2013/3/19,3246.7,3252.6,3205.42,3229.1,0.357069408
2013/3/20,3251.91,3257.99,3240.9,3254.19,0.368303056
2013/3/21,3228.17,3237.57,3215.69,3222.6,0.357018205
2013/3/22,3235.3,3247.94,3230.86,3245,0.346458163
2013/3/25,3255.85,3263.63,3222.48,3235.3,0.336053372
2013/3/26,3249.95,3252.93,3239.92,3252.48,0.341090445
2013/3/27,3230.76,3258.26,3227.02,3256.52,0.340739452
2013/3/28,3257.32,3270.3,3253.21,3267.52,0.341682288
2013/4/1,3268.63,3270.23,3230.57,3239.17,0.328014019
2013/4/2,3252.55,3267.93,3245.41,3254.86,0.326983036
2013/4/3,3257.38,3260.15,3210.39,3218.6,0.33227816
2013/4/4,3219.11,3226.24,3206.02,3224.98,0.346656371
2013/4/5,3174,3206.21,3168.88,3203.86,0.345705794
2013/4/8,3207.15,3222.26,3195.57,3222.25,0.345768818
2013/4/9,3229.81,3249.95,3215.02,3237.86,0.33880555
2013/4/10,3246.06,3299.16,3245.8,3297.25,0.34490437
2013/4/11,3289.59,3306.95,3287.74,3300.16,0.356460952
2013/4/12,3292.39,3296.5,3271.02,3294.95,0.360527252
2013/4/15,3277.58,3283.4,3213.46,3216.49,0.340558036
2013/4/16,3239.05,3265.84,3231.45,3264.63,0.343100143
2013/4/17,3236.25,3236.98,3186.08,3204.67,0.346784448
2013/4/18,3212.24,3212.97,3154.96,3166.36,0.346191156
2013/4/19,3169.32,3210.03,3168.33,3206.06,0.342426334
2013/4/22,3217.4,3241.16,3198.74,3233.55,0.34783708
2013/4/23,3252.8,3275.89,3241.52,3269.33,0.339267053
2013/4/24,3262.21,3277.12,3255.44,3269.65,0.331519578
2013/4/25,3279.82,3301.28,3279.29,3289.99,0.329335091
2013/4/26,3284.07,3287.48,3268.03,3279.26,0.33951281
2013/4/29,3290.31,3315.34,3289.42,3307.02,0.330295165
2013/4/30,3308.05,3328.79,3298.58,3328.79,0.333991866
2013/5/1,3325.35,3330.02,3296.51,3299.13,0.348104988
2013/5/2,3306.15,3344.9,3305.81,3340.62,0.379327792
2013/5/3,3371.41,3388.12,3370.3,3378.63,0.378045601
2013/5/6,3382.33,3396.21,3381.44,3392.97,0.386597458
2013/5/7,3398.83,3402.24,3381.04,3396.63,0.381832376
2013/5/8,3394.89,3413.27,3389.8,3413.27,0.383871709
2013/5/9,3408.94,3428.54,3403.43,3409.17,0.371420571
2013/5/10,3414.84,3436.6,3411.59,3436.58,0.366448966
2013/5/13,3429.53,3447.1,3426.67,3438.79,0.351274724
2013/5/14,3439.72,3468.67,3439.72,3462.61,0.349190874
2013/5/15,3455.67,3475.48,3452.31,3471.62,0.352098363
2013/5/16,3473.16,3485.95,3462.24,3465.24,0.361778282
2013/5/17,3483.41,3499.2,3473.04,3498.97,0.352528612
2013/5/20,3490.46,3509.41,3488.13,3496.43,0.351173084
2013/5/21,3495.46,3512.15,3486.88,3502.12,0.345518692
2013/5/22,3503.48,3532.04,3446.96,3463.3,0.341417527
2013/5/23,3426.07,3467.13,3422.51,3459.42,0.338244431
2013/5/24,3438.28,3459.47,3429.31,3459.14,0.332995463
2013/5/28,3497.9,3514.8,3475.39,3488.89,0.318673271
2013/5/29,3471.67,3479.53,3450.4,3467.52,0.329147868
2013/5/30,3473.21,3503.82,3473.04,3491.3,0.322110028
2013/5/31,3478.22,3500.67,3455.84,3455.91,0.315833417
2013/6/3,3460.76,3465.84,3419.39,3465.37,0.319209937
2013/6/4,3467.02,3482.75,3430.02,3445.26,0.336490575
2013/6/5,3432.85,3446.15,3397.91,3401.48,0.341335044
2013/6/6,3404.41,3424.05,3378.24,3424.05,0.355689738
2013/6/7,3437.84,3471.73,3429.43,3469.22,0.362087265
2013/6/10,3475.68,3484.81,3465.54,3473.77,0.370409146
2013/6/11,3436.62,3466.57,3426.57,3436.95,0.363595801
2013/6/12,3458.14,3459.18,3395.91,3400.43,0.374386713
2013/6/13,3398.54,3451.03,3387.61,3445.36,0.376907878
2013/6/14,3442.31,3448.4,3419.32,3423.56,0.381030919
2013/6/17,3449.97,3468.56,3436.34,3452.13,0.373528023
2013/6/18,3456.29,3488.31,3456.09,3482.18,0.377982113
2013/6/19,3483.59,3485.45,3443.2,3443.2,0.384417055
2013/6/20,3405.14,3412.94,3355.93,3364.64,0.384569275
2013/6/21,3367.81,3377.3,3326.86,3357.25,0.393142593
2013/6/24,3326.38,3344.66,3294.95,3320.76,0.40455351
2013/6/25,3350.59,3358.31,3327.69,3347.89,0.397624138
2013/6/26,3375.7,3383.7,3365.48,3376.22,0.389816892
2013/6/27,3395.79,3412.79,3395.41,3401.86,0.388946132
2013/6/28,3389.3,3422.2,3382.75,3403.25,0.398208824
2013/7/1,3430.48,3454.43,3430.31,3434.49,0.389661454
2013/7/2,3430.69,3453.29,3415.23,3433.4,0.380652053
2013/7/3,3420.27,3455.42,3417.88,3443.67,0.371074527
2013/7/5,3468.48,3479.46,3441.78,3479.38,0.368899039
2013/7/8,3493.81,3495.51,3475.39,3484.83,0.374244588
2013/7/9,3501.25,3508.81,3484.79,3504.26,0.383312981
2013/7/10,3502.11,3522.99,3502,3520.76,0.378208725
2013/7/11,3557.79,3579.29,3552.52,3578.3,0.382507533
2013/7/12,3579.58,3600.08,3576.57,3600.08,0.390593413
2013/7/15,3601.09,3609.59,3591.54,3607.49,0.395009005
2013/7/16,3611,3611.35,3589.65,3598.5,0.412137897
2013/7/17,3608.13,3615.79,3600.69,3610,0.427280651
2013/7/18,3610.03,3624.54,3607.09,3611.28,0.424281437
2013/7/19,3581.9,3589.05,3578.57,3587.61,0.424675996
2013/7/22,3599.87,3601.92,3587.46,3600.39,0.431359087
2013/7/23,3606.7,3606.7,3576.96,3579.27,0.417097154
2013/7/24,3605.26,3606.28,3573.53,3579.6,0.408159664
2013/7/25,3589.46,3606.19,3579.2,3605.19,0.41467324
2013/7/26,3584.85,3613.33,3581.26,3613.16,0.419588978
2013/7/29,3604.29,3618.85,3592.8,3599.14,0.41928504
2013/7/30,3612.36,3629.12,3606.33,3616.47,0.423063509
2013/7/31,3627.66,3649.35,3624.77,3626.37,0.43190785
2013/8/1,3654.18,3678.5,3653.74,3675.74,0.431138981
2013/8/2,3671.11,3689.59,3663.88,3689.59,0.422494951
2013/8/5,3682.67,3694.19,3681.34,3692.95,0.428104089
2013/8/6,3685.39,3690.32,3654.67,3665.77,0.435716025
2013/8/7,3658.53,3663.2,3633.59,3654.01,0.422789163
2013/8/8,3672.21,3675.71,3649.64,3669.12,0.426206609
2013/8/9,3664.27,3677.83,3649.69,3660.11,0.438965821
2013/8/12,3645.78,3673.51,3645.39,3669.95,0.435882261
2013/8/13,3675.37,3691.06,3648.82,3684.44,0.428278355
2013/8/14,3683.97,3686.55,3668.74,3669.27,0.42610672
2013/8/15,3625.36,3626.77,3600.96,3606.12,0.425373217
2013/8/16,3603.78,3621.46,3598.65,3602.78,0.425209848
2013/8/19,3601.88,3623.48,3589.03,3589.09,0.436751716
2013/8/20,3596.77,3625.26,3593.14,3613.59,0.448296577
2013/8/21,3603.68,3630.23,3589.02,3599.79,0.450763537
2013/8/22,3614.14,3639.21,3613.93,3638.71,0.452509473
2013/8/23,3659.21,3660.66,3643.86,3657.79,0.456079497
2013/8/26,3661.8,3684.22,3652.26,3657.57,0.457096395
2013/8/27,3616.06,3629.95,3573.57,3578.52,0.460997562
2013/8/28,3579.11,3607.36,3578.8,3593.35,0.467071068
2013/8/29,3587.07,3635.84,3587.07,3620.3,0.467030456
2013/8/30,3621.59,3621.78,3581.05,3589.87,0.475135459
2013/9/3,3622.64,3637.06,3593.62,3612.61,0.468205915
2013/9/4,3619.05,3651.78,3612.22,3649.04,0.45561352
2013/9/5,3652.44,3665.01,3651.17,3658.78,0.447099171
2013/9/6,3672.82,3677.07,3618.77,3660.01,0.452999349
2013/9/9,3675.12,3708.42,3675.12,3706.18,0.4318384
2013/9/10,3724.67,3729.38,3716.44,3729.02,0.413445143
2013/9/11,3710.79,3726.59,3704.22,3725.01,0.404052516
2013/9/12,3724.53,3731.84,3713.08,3715.97,0.403010952
2013/9/13,3723.27,3724.73,3701.88,3722.18,0.403538836
2013/9/16,3755,3756.24,3712.47,3717.85,0.402777487
2013/9/17,3725.31,3747.08,3724.26,3745.7,0.40518787
2013/9/18,3751.29,3790.7,3737.69,3783.64,0.410578371
2013/9/19,3794.7,3798.16,3781.59,3789.38,0.408559053
2013/9/20,3796.28,3798.76,3774.11,3774.73,0.424507923
2013/9/23,3786.84,3787.14,3745.54,3765.29,0.42681302
2013/9/24,3771.6,3789.85,3753.04,3768.25,0.425643936
2013/9/25,3772.59,3782.92,3754.94,3761.1,0.423383797
2013/9/26,3774.95,3795.72,3772.8,3787.43,0.43470946
2013/9/27,3767.89,3788.35,3762.67,3781.59,0.427535788
2013/9/30,3737.6,3780.97,3734.74,3771.48,0.420066028
2013/10/1,3774.18,3817.98,3774.18,3817.98,0.420066761
2013/10/2,3793.11,3819.28,3788.45,3815.02,0.431661866
2013/10/3,3809.9,3816.96,3753.17,3774.34,0.43847662
2013/10/4,3774.72,3812.86,3773.4,3807.75,0.448388904
2013/10/7,3776.64,3800.08,3769.75,3770.38,0.443925777
2013/10/8,3772.22,3772.49,3694.14,3694.83,0.441649882
2013/10/9,3701.62,3702.15,3650.03,3677.78,0.436780753
2013/10/10,3721.58,3764.72,3721.11,3760.75,0.446126904
2013/10/11,3753.22,3794.37,3751.38,3791.87,0.438871422
2013/10/14,3767.49,3816.41,3766.28,3815.28,0.430504531
2013/10/15,3810.72,3824.44,3789.68,3794.01,0.421565368
2013/10/16,3815,3840.48,3814.15,3839.43,0.417491218
2013/10/17,3822.85,3863.49,3821.43,3863.15,0.420230871
2013/10/18,3893.36,3914.93,3882.06,3914.28,0.431238414
2013/10/21,3922.65,3931.45,3909.91,3920.05,0.437801249
2013/10/22,3935.54,3947.67,3904.06,3929.57,0.446174908
2013/10/23,3907.3,3911.64,3887.66,3907.07,0.447098943
2013/10/24,3911.61,3932.6,3907.54,3928.96,0.446470501
2013/10/25,3955.98,3961.1,3927.5,3943.36,0.44360935
2013/10/28,3942.56,3947.58,3927.09,3940.13,0.443101115
2013/10/29,3954.34,3957.12,3934.94,3952.34,0.436267112
2013/10/30,3962.4,3966.71,3919.14,3930.62,0.434306785
2013/10/31,3924.34,3945.04,3909.26,3919.71,0.424940883
2013/11/1,3932.45,3938.48,3904.2,3922.04,0.425155411
2013/11/4,3932.6,3937.5,3919.46,3936.59,0.422440516
2013/11/5,3925.06,3947.27,3909.63,3939.86,0.414701102
2013/11/6,3952.18,3955.97,3920.91,3931.95,0.417429409
2013/11/7,3935.81,3938.33,3855.07,3857.33,0.418791609
2013/11/8,3871.24,3919.23,3869.12,3919.23,0.403922705
2013/11/11,3913.64,3925.34,3904.72,3919.79,0.397663926
2013/11/12,3907.82,3922.27,3902.67,3919.92,0.406482667
2013/11/13,3899.38,3965.57,3899.31,3965.57,0.417163014
2013/11/14,3956.47,3975.89,3949.01,3972.74,0.413797502
2013/11/15,3978.27,3985.97,3969.22,3985.97,0.414410472
2013/11/18,3990.06,3994.97,3942.84,3949.07,0.414094017
2013/11/19,3945.97,3960.44,3923.47,3931.55,0.413281005
2013/11/20,3940.98,3952.08,3911.61,3921.27,0.411804773
2013/11/21,3938.11,3970.91,3936.82,3969.16,0.416165707
2013/11/22,3977.31,3991.66,3973,3991.65,0.411540568
2013/11/25,4004.37,4007.09,3987.16,3994.57,0.412845641
2013/11/26,3996.7,4026.99,3989.49,4017.75,0.424295913
2013/11/27,4026.92,4045.81,4023.65,4044.75,0.428871726
2013/11/29,4057.16,4069.7,4055.45,4059.89,0.42511706
2013/12/2,4065.66,4068.49,4040.88,4045.26,0.433438556
2013/12/3,4038.99,4050.08,4022.12,4037.2,0.430443789
2013/12/4,4020.33,4051.74,4004.76,4038,0.41834887
2013/12/5,4037.99,4043.71,4025.26,4033.16,0.415360413
2013/12/6,4069.86,4069.86,4042.35,4062.52,0.424416123
2013/12/9,4073.75,4081.78,4063.49,4068.75,0.43063009
2013/12/10,4061.17,4074.01,4056.49,4060.49,0.426307205
2013/12/11,4061.67,4065.08,3998.92,4003.81,0.414138685
2013/12/12,4004.75,4013.54,3993.57,3998.4,0.419334558
2013/12/13,4015.53,4017.45,3992.29,4000.97,0.424491844
2013/12/16,4019.37,4043,4019.14,4029.52,0.424265957
2013/12/17,4028.88,4034.69,4011.58,4023.68,0.419362496
2013/12/18,4024.67,4070.38,3979.59,4070.06,0.408257565
2013/12/19,4059.34,4063.7,4045.41,4058.14,0.403970965
2013/12/20,4064.89,4111.93,4064.73,4104.74,0.407584082
2013/12/23,4136.15,4149.31,4127.72,4148.9,0.404128903
2013/12/24,4150.64,4155.62,4147.15,4155.42,0.403045809
2013/12/26,4164.21,4169.97,4158.59,4167.18,0.409809231
2013/12/27,4173.36,4175.36,4153.64,4156.59,0.416723027
2013/12/30,4153.58,4158.73,4142.18,4154.2,0.42630899
2013/12/31,4161.51,4177.73,4160.77,4176.59,0.444492718
2014/1/2,4160.03,4160.96,4131.79,4143.07,0.43914775
2014/1/3,4148.56,4152.96,4124.96,4131.91,0.430371846
2014/1/6,4137.03,4139.78,4103.75,4113.68,0.423127198
2014/1/7,4128.57,4158.18,4126.48,4153.18,0.433597011
2014/1/8,4154.28,4171.75,4145,4165.61,0.440692558
2014/1/9,4179.04,4182.74,4142.7,4156.19,0.435824686
2014/1/10,4168.94,4174.68,4142.21,4174.66,0.436684687
2014/1/13,4167.41,4179.47,4097.99,4113.3,0.434221159
2014/1/14,4129.6,4183.84,4125.81,4183.02,0.436498123
2014/1/15,4196.53,4218.79,4195.98,4214.88,0.443716654
2014/1/16,4209.59,4219.28,4204.15,4218.69,0.435331955
2014/1/17,4207.82,4217.24,4187.31,4197.58,0.42247123
2014/1/21,4222.98,4227.93,4193.17,4225.76,0.426101048
2014/1/22,4234.58,4246.55,4225.52,4243,0.432877054
2014/1/23,4224.36,4224.44,4192.28,4218.88,0.431827925
2014/1/24,4194.97,4197.93,4128.17,4128.17,0.430261872
2014/1/27,4132.22,4136.46,4052.63,4083.61,0.414603633
2014/1/28,4067.86,4099.81,4067.69,4097.96,0.414816085
2014/1/29,4060.61,4091.27,4044.76,4051.43,0.416953354
2014/1/30,4098.81,4135.84,4094.17,4123.12,0.424158765
2014/1/31,4068.63,4124.92,4067.61,4103.88,0.434742344
2014/2/3,4105.06,4113.55,3989.95,3996.96,0.439926876
2014/2/4,4019.44,4044.2,4004.58,4031.52,0.439360019
2014/2/5,4015.5,4026.28,3968.19,4011.55,0.462069923
2014/2/6,4022.66,4064.06,4022.17,4057.12,0.465049293
2014/2/7,4081.82,4126.51,4069.93,4125.86,0.45608119
2014/2/10,4125.12,4148.3,4122.61,4148.17,0.442448197
2014/2/11,4154.65,4198.51,4153.1,4191.05,0.442049138
2014/2/12,4196.85,4212.61,4190.39,4201.29,0.443429808
2014/2/13,4171.58,4240.67,4170.47,4240.67,0.446887596
2014/2/14,4237,4250.91,4225.75,4244.02,0.438855417
2014/2/18,4253.71,4277.33,4243.56,4272.78,0.434552423
2014/2/19,4260.74,4274.28,4232.38,4237.95,0.435125607
2014/2/20,4241.46,4272.34,4226.75,4267.55,0.439651621
2014/2/21,4282.17,4284.85,4261.63,4263.41,0.43730293
2014/2/24,4273.32,4311.12,4272.11,4292.97,0.448360306
2014/2/25,4298.48,4307.51,4275.8,4287.59,0.461927949
2014/2/26,4300.45,4316.82,4278.53,4292.06,0.463441131
2014/2/27,4291.47,4322.46,4284.78,4318.93,0.45801252
2014/2/28,4323.52,4342.59,4275.61,4308.12,0.473651817
2014/3/3,4261.42,4284.15,4239.65,4277.3,0.464134438
2014/3/4,4327.85,4357.21,4327.53,4351.97,0.449290491
2014/3/5,4352.76,4362.5,4344.15,4357.97,0.451391998
2014/3/6,4368.81,4371.71,4341,4352.12,0.455709183
2014/3/7,4370.98,4371.39,4319.15,4336.22,0.45832931
2014/3/10,4332.62,4339.93,4307.84,4334.45,0.467083946
2014/3/11,4342.93,4354.43,4295.47,4307.19,0.463127909
2014/3/12,4288.6,4323.33,4270.22,4323.33,0.460981755
2014/3/13,4338.26,4339.9,4242.94,4260.42,0.453740087
2014/3/14,4250.45,4272.34,4241.94,4245.4,0.461863844
2014/3/17,4274.22,4301.28,4273.01,4279.95,0.46841361
2014/3/18,4286.22,4334.66,4284.11,4333.31,0.462504313
2014/3/19,4331.46,4334.3,4283.53,4307.6,0.456622822
2014/3/20,4297.99,4329.61,4287.41,4319.29,0.458333778
2014/3/21,4339.9,4344.39,4268.34,4276.79,0.459558379
2014/3/24,4289.49,4289.49,4190.61,4226.39,0.458088008
2014/3/25,4252.65,4274.32,4203.64,4234.27,0.462916801
2014/3/26,4254.98,4263.07,4173.58,4173.58,0.460231102
2014/3/27,4169.35,4186.12,4131.81,4151.23,0.463826738
2014/3/28,4163.18,4203.49,4144.69,4155.76,0.490696634
2014/3/31,4185.62,4212.97,4180.54,4198.99,0.495989272
2014/4/1,4219.87,4268.2,4218.77,4268.04,0.472378323
2014/4/2,4281.61,4286.09,4258.86,4276.46,0.459429679
2014/4/3,4282.18,4284.69,4216.57,4237.74,0.459022928
2014/4/4,4263.94,4267.06,4118.71,4127.73,0.463228555
2014/4/7,4110.92,4133.68,4052.14,4079.75,0.461390431
2014/4/8,4085.18,4120.24,4066.11,4112.99,0.451410281
2014/4/9,4129.63,4185.19,4121.17,4183.9,0.446704019
2014/4/10,4181.21,4182.61,4042.76,4054.11,0.459488741
2014/4/11,4015.07,4067.22,3991.64,3999.73,0.472562314
2014/4/14,4038.06,4050.79,3986.5,4022.69,0.471843091
2014/4/15,4032.63,4054.8,3946.03,4034.16,0.46881966
2014/4/16,4066.82,4086.28,4038.81,4086.22,0.479709111
2014/4/17,4080.3,4110.46,4064.7,4095.52,0.486604033
2014/4/21,4105.36,4121.55,4081.91,4121.55,0.487006825
2014/4/22,4132.06,4170.72,4131.61,4161.46,0.492115792
2014/4/23,4160.9,4161.44,4125.41,4126.97,0.486101246
2014/4/24,4174.61,4177.16,4107.52,4148.34,0.462557426
2014/4/25,4125.16,4126.98,4068.1,4075.56,0.458262144
2014/4/28,4091.81,4111.59,4014.17,4074.4,0.46713323
2014/4/29,4089.51,4111.45,4070.24,4103.54,0.470459303
2014/4/30,4085.19,4116.14,4070.62,4114.56,0.458102105
2014/5/1,4121.25,4149.56,4105.61,4127.45,0.448166574
2014/5/2,4138.63,4145.06,4115.89,4123.9,0.456933668
2014/5/5,4099.25,4138.34,4086.35,4138.06,0.454730589
2014/5/6,4128.22,4132.46,4080.76,4080.76,0.442280008
2014/5/7,4085.49,4091.03,4021.05,4067.67,0.429344829
2014/5/8,4053.28,4109.2,4039.91,4051.5,0.423756376
2014/5/9,4043.44,4071.87,4025.24,4071.87,0.421989863
2014/5/12,4092.84,4146.54,4092.09,4143.86,0.427342093
2014/5/13,4144.9,4155.13,4128.01,4130.16,0.426663809
2014/5/14,4122.08,4132.33,4093.83,4100.63,0.418522169
2014/5/15,4096.53,4098.25,4035.96,4069.29,0.41946827
2014/5/16,4070.35,4091.16,4044.27,4090.59,0.423584207
2014/5/19,4080.33,4128.47,4075.7,4125.81,0.430772527
2014/5/20,4121.11,4124.86,4080.61,4096.89,0.438987427
2014/5/21,4105.96,4133.61,4103.61,4131.54,0.437999926
2014/5/22,4136.09,4164.85,4131.47,4154.34,0.442580879
2014/5/23,4159.78,4186.58,4148.3,4185.81,0.449896442
2014/5/27,4206.44,4237.07,4204.72,4237.07,0.455063412
2014/5/28,4234.96,4238.17,4216.89,4225.07,0.456227589
2014/5/29,4238.04,4247.95,4228.96,4247.95,0.449068319
2014/5/30,4251.49,4252.08,4221.95,4242.62,0.449016751
2014/6/2,4247.96,4247.96,4207.61,4237.2,0.453719896
2014/6/3,4222.04,4240.35,4215.8,4234.08,0.459263572
2014/6/4,4222.21,4256.19,4216.23,4251.64,0.463038284
2014/6/5,4259.12,4299.5,4241.68,4296.23,0.455576041
2014/6/6,4312.76,4322.51,4305.74,4321.4,0.453031662
2014/6/9,4324.35,4346.74,4320.28,4336.24,0.450690663
2014/6/10,4329.2,4338.87,4319.93,4338,0.456348179
2014/6/11,4322.92,4338.21,4315.49,4331.93,0.462467838
2014/6/12,4323.11,4328.35,4284.53,4297.63,0.457386312
2014/6/13,4315.31,4317.67,4288.41,4310.65,0.436249035
2014/6/16,4303.93,4326.89,4296.26,4321.1,0.419770847
2014/6/17,4316.01,4346.12,4311.15,4337.23,0.409933044
2014/6/18,4341.18,4365.1,4320.54,4362.84,0.416360944
2014/6/19,4370.14,4372.18,4339.61,4359.33,0.417651417
2014/6/20,4365.37,4368.8,4354.03,4368.04,0.407991725
2014/6/23,4368.95,4371.81,4358.68,4368.68,0.411572918
2014/6/24,4367.9,4399.87,4342.9,4350.35,0.443814309
2014/6/25,4341.82,4383.55,4339.41,4379.76,0.462923023
2014/6/26,4379.44,4379.8,4347.45,4379.05,0.447163753
2014/6/27,4371.8,4398.85,4371.6,4397.93,0.439406545
2014/6/30,4398.37,4417.46,4396.59,4408.18,0.439290804
2014/7/1,4424.71,4471.6,4424.43,4458.65,0.428070652
2014/7/2,4457.86,4466.92,4450.87,4457.73,0.416465274
2014/7/3,4472.89,4485.93,4463.85,4485.93,0.414527772
2014/7/7,4477.74,4478.02,4447.6,4451.53,0.412834742
2014/7/8,4442.87,4443.56,4372.04,4391.46,0.399229029
2014/7/9,4403.03,4421.93,4388.01,4419.03,0.392742032
2014/7/10,4352.03,4415.85,4351.04,4396.2,0.381081933
2014/7/11,4401.05,4417.16,4389.29,4415.49,0.377402878
2014/7/14,4441.39,4451.6,4432.95,4440.42,0.374289982
2014/7/15,4444.91,4451.93,4389.7,4416.39,0.382009868
2014/7/16,4446.17,4448.87,4419.71,4425.97,0.379535075
2014/7/17,4411.52,4425.38,4352.23,4363.45,0.390852148
2014/7/18,4379.94,4434.44,4378.22,4432.15,0.395564327
2014/7/21,4421.2,4432.41,4404.51,4424.7,0.393372256
2014/7/22,4444.94,4464.13,4443.35,4456.02,0.385266959
2014/7/23,4468.16,4480.73,4457.94,4473.7,0.389792786
2014/7/24,4481.61,4485.5,4465.94,4472.11,0.396383814
2014/7/25,4448.06,4457.95,4430.43,4449.56,0.391872559
2014/7/28,4451.12,4455.39,4413.91,4444.91,0.389199043
2014/7/29,4456.07,4470.97,4441.03,4442.7,0.403958334
2014/7/30,4468.44,4476.06,4444.51,4462.9,0.403368048
2014/7/31,4421.29,4430.8,4367.15,4369.77,0.400083519
2014/8/1,4363.39,4385.05,4324.02,4352.64,0.39581095
2014/8/4,4365.62,4395.38,4343.03,4383.89,0.403000476
2014/8/5,4364.59,4383.02,4333.58,4352.84,0.408187964
2014/8/6,4326.28,4378.99,4325.04,4355.05,0.424299458
2014/8/7,4373.24,4379.7,4321.89,4334.97,0.433367838
2014/8/8,4340.88,4373.11,4327.87,4370.9,0.427639481
2014/8/11,4387.38,4415.78,4384.15,4401.33,0.412242388
2014/8/12,4394.69,4407.08,4371.84,4389.25,0.412718557
2014/8/13,4407.86,4434.31,4403.64,4434.12,0.402730352
2014/8/14,4438.13,4453,4433.94,4453,0.399824069
2014/8/15,4479.64,4482.47,4427.13,4464.93,0.3963502
2014/8/18,4490.53,4509.15,4486.44,4508.31,0.392066031
2014/8/19,4514.26,4528.91,4513.92,4527.51,0.390784814
2014/8/20,4517.75,4533.01,4515.73,4526.48,0.396557197
2014/8/21,4526.72,4534,4513.81,4532.1,0.405246091
2014/8/22,4534.87,4547.24,4521.77,4538.55,0.394526346
2014/8/25,4563.72,4571.14,4547.78,4557.35,0.392062402
2014/8/26,4563.81,4575.59,4556.78,4570.64,0.407184348
2014/8/27,4574.35,4575.81,4561.84,4569.62,0.410452894
2014/8/28,4552.55,4565.96,4546.62,4557.69,0.415290056
2014/8/29,4571.76,4580.27,4553.78,4580.27,0.428183937
2014/9/2,4592.42,4598.64,4576.81,4598.19,0.442041133
2014/9/3,4610.14,4610.14,4565.38,4572.56,0.436319808
2014/9/4,4581.52,4603.15,4553.31,4562.29,0.433997872
2014/9/5,4560.63,4583,4542.74,4582.9,0.436843414
2014/9/8,4579.06,4600.4,4570.23,4592.28,0.426937371
2014/9/9,4588.83,4599.03,4544.44,4552.28,0.412982352
2014/9/10,4554.15,4587.1,4544.84,4586.52,0.408482971
2014/9/11,4567.64,4591.81,4559.75,4591.81,0.406430538
2014/9/12,4588.77,4590.08,4555.68,4567.6,0.41109059
2014/9/15,4567.45,4567.47,4506.73,4518.9,0.410279626
2014/9/16,4502.11,4558.24,4499.87,4552.76,0.408998669
2014/9/17,4553.96,4582.4,4539.36,4562.19,0.401564758
2014/9/18,4575.74,4593.98,4572.62,4593.43,0.423131385
2014/9/19,4606.13,4610.57,4563.44,4579.79,0.438742274
2014/9/22,4568.45,4568.87,4513.12,4527.69,0.425761253
2014/9/23,4511.32,4536.03,4508.42,4508.69,0.423029146
2014/9/24,4514.92,4557.27,4500.13,4555.22,0.432317567
2014/9/25,4540.82,4546.93,4466.64,4466.75,0.438615616
2014/9/26,4476.48,4515.74,4475.48,4512.19,0.437249844
2014/9/29,4465.84,4515.24,4464.44,4505.85,0.43880994
2014/9/30,4512.64,4522.06,4483.91,4493.39,0.433812361
2014/10/1,4486.65,4486.79,4409.3,4422.09,0.438075371
2014/10/2,4421.25,4441.95,4367.74,4430.19,0.451779602
2014/10/3,4456.81,4488.07,4445.72,4475.62,0.454980407
2014/10/6,4492.4,4496.26,4444.1,4454.8,0.453259591
2014/10/7,4433.91,4441.76,4385.15,4385.2,0.46127242
2014/10/8,4385.7,4473.73,4355.34,4468.59,0.471563868
2014/10/9,4458.29,4464.13,4377.28,4378.34,0.47196381
2014/10/10,4354.63,4380.51,4276.24,4276.24,0.492589438
2014/10/13,4274.9,4303.82,4212.86,4213.66,0.500563363
2014/10/14,4246.23,4281.34,4212.82,4227.17,0.485420736
2014/10/15,4154.1,4231.54,4116.6,4215.32,0.474317564
2014/10/16,4133.25,4246.01,4131.65,4217.39,0.484448282
2014/10/17,4275.09,4296.11,4241.67,4258.44,0.482902502
2014/10/20,4254.16,4316.87,4248.22,4316.07,0.463944298
2014/10/21,4359.17,4419.48,4356.1,4419.48,0.442106673
2014/10/22,4429.16,4435.86,4381.28,4382.85,0.443306478
2014/10/23,4427.44,4475.55,4421.56,4452.79,0.438998127
2014/10/24,4459.46,4486.26,4445.85,4483.72,0.437454154
2014/10/27,4469.02,4489.6,4450.29,4485.93,0.43896631
2014/10/28,4505.73,4564.29,4505.11,4564.29,0.450183602
2014/10/29,4551.37,4564.44,4517.02,4549.23,0.454697332
2014/10/30,4532.1,4575.5,4521.79,4566.14,0.479146135
2014/10/31,4639.45,4641.51,4616.58,4630.74,0.503595896
2014/11/3,4633.71,4654.19,4627.42,4638.91,0.508422088
2014/11/4,4623.77,4635.95,4594.91,4623.64,0.508956592
2014/11/5,4649.47,4650.39,4607.73,4620.72,0.525579622
2014/11/6,4616.78,4639.17,4604.76,4638.47,0.525955777
2014/11/7,4636.89,4638.8,4606.81,4632.53,0.539744144
2014/11/10,4635.1,4653.38,4626.49,4651.62,0.544684001
2014/11/11,4649.19,4661.23,4640.24,4660.56,0.542491934
2014/11/12,4644.63,4678.58,4643.78,4675.14,0.534759922
2014/11/13,4681.56,4703.1,4664.27,4680.14,0.546541606
2014/11/14,4679.85,4688.74,4664.31,4688.54,0.542309345
2014/11/17,4678.44,4689.53,4655.19,4671,0.534869104
2014/11/18,4674.84,4709.83,4674.3,4702.44,0.529460555
2014/11/19,4694.78,4696.2,4655.72,4675.71,0.54176582
2014/11/20,4655.2,4702.97,4653.32,4701.87,0.541463408
2014/11/21,4751.01,4751.6,4700.73,4712.97,0.540612441
2014/11/24,4725.17,4755.02,4723.62,4754.89,0.526818754
2014/11/25,4762.39,4774.52,4749.92,4758.25,0.531029428
2014/11/26,4760.23,4788,4757.48,4787.32,0.532319272
2014/11/28,4797.1,4810.86,4786.72,4791.63,0.536661806
2014/12/1,4777.73,4782.07,4724.62,4727.35,0.535189001
2014/12/2,4732.97,4761.63,4729.76,4755.81,0.530586966
2014/12/3,4761.31,4781.37,4745.14,4774.47,0.524032975
2014/12/4,4772,4785.41,4753.71,4769.44,0.523188275
2014/12/5,4776.57,4788.98,4769.64,4780.76,0.518362715
2014/12/8,4769.76,4793.24,4722.91,4740.69,0.524164484
2014/12/9,4685.2,4768.41,4674.38,4766.47,0.512644936
2014/12/10,4754.42,4766.64,4679.24,4684.02,0.5053869
2014/12/11,4704.65,4759.88,4699.43,4708.16,0.501828106
2014/12/12,4665.35,4707.92,4653.6,4653.6,0.528364757
2014/12/15,4679.67,4690.58,4592.43,4605.16,0.548870591
2014/12/16,4572.79,4645.19,4547.31,4547.83,0.556275932
2014/12/17,4556.9,4651.9,4550.7,4644.31,0.547058703
2014/12/18,4712.39,4748.4,4697.09,4748.4,0.542900483
2014/12/19,4752.6,4782.13,4738.29,4765.38,0.527624438
2014/12/22,4759.04,4781.93,4757.81,4781.42,0.519535008
2014/12/23,4798.03,4798.06,4761.39,4765.42,0.517487795
2014/12/24,4770.12,4787.57,4768.67,4773.47,0.517800839
2014/12/26,4788.06,4814.95,4787.85,4806.86,0.510350936
2014/12/29,4801.26,4813.72,4798.9,4806.91,0.516650315
2014/12/30,4793.61,4803.89,4772.88,4777.44,0.516543566
2014/12/31,4790.53,4806.43,4734.11,4736.05,0.509720825
2015/1/2,4760.24,4777.01,4698.11,4726.81,0.510150302
2015/1/5,4700.34,4702.77,4641.46,4652.57,0.514367838
2015/1/6,4666.85,4667.33,4567.6,4592.74,0.520895321
2015/1/7,4626.84,4652.72,4613.9,4650.47,0.51862092
2015/1/8,4689.54,4741.38,4688.02,4736.19,0.515799641
2015/1/9,4744.47,4744.71,4681.24,4704.07,0.5181953
2015/1/12,4714.07,4715.81,4650.65,4664.71,0.519851744
2015/1/13,4708.74,4751.34,4624.28,4661.5,0.52604044
2015/1/14,4610.76,4655.37,4595.98,4639.32,0.529903553
2015/1/15,4657.46,4663.96,4567.39,4570.82,0.519192736
2015/1/16,4566.38,4635.82,4563.11,4634.38,0.509604301
2015/1/20,4655.84,4665.65,4601.1,4654.85,0.526487173
2015/1/21,4641.95,4692.46,4629.59,4667.42,0.527231262
2015/1/22,4690.93,4752.6,4644.57,4750.4,0.512160576
2015/1/23,4748.19,4771.18,4737.95,4757.88,0.504971262
2015/1/26,4752.36,4774.18,4734.2,4771.76,0.497003249
2015/1/27,4698.23,4721.88,4659.83,4681.5,0.485206763
2015/1/28,4740.69,4742.06,4637.48,4637.99,0.483675293
2015/1/29,4635.73,4688.41,4601.76,4683.41,0.497095234
2015/1/30,4671.2,4703.81,4631.1,4635.24,0.495028624
2015/2/2,4650.6,4676.69,4580.46,4676.69,0.495254131
2015/2/3,4693.25,4727.74,4670.82,4727.74,0.504028063
2015/2/4,4699.81,4744.33,4697.79,4716.7,0.510628933
2015/2/5,4729.65,4767.38,4722.8,4765.1,0.518707336
2015/2/6,4768.85,4787.19,4731.22,4744.4,0.523618499
2015/2/9,4723.73,4749.47,4719.61,4726.01,0.517209073
2015/2/10,4754.62,4793.27,4737.12,4787.65,0.507689501
2015/2/11,4788.37,4810.36,4780.13,4801.18,0.508770534
2015/2/12,4828.08,4857.61,4823.57,4857.61,0.512620424
2015/2/13,4869.73,4893.84,4860.12,4893.84,0.506117927
2015/2/17,4889.98,4901.89,4880.64,4899.27,0.503048835
2015/2/18,4890.84,4907.5,4885.6,4906.36,0.512973763
2015/2/19,4901.51,4929.53,4900.63,4924.7,0.515076534
2015/2/20,4919.78,4957.02,4905.59,4955.97,0.509632793
2015/2/23,4953.1,4960.97,4939.56,4960.97,0.512315995
2015/2/24,4956.21,4971.18,4945.14,4968.12,0.521482419
2015/2/25,4960.36,4984.24,4955.99,4967.14,0.52134541
2015/2/26,4969.27,4989.11,4955.51,4987.89,0.519416087
2015/2/27,4985.03,4989.25,4960.88,4963.53,0.518070443
2015/3/2,4973.43,5008.57,4972.01,5008.1,0.511182916
2015/3/3,4990.7,4996.66,4956.07,4979.9,0.499967534
2015/3/4,4961.24,4973.32,4938.9,4967.14,0.499709492
2015/3/5,4979.95,4993.52,4963.1,4982.81,0.501793464
2015/3/6,4967.24,4982.93,4918.62,4927.37,0.496450343
2015/3/9,4936.08,4950.47,4920.82,4942.44,0.50003526
2015/3/10,4899.51,4903.44,4859.8,4859.8,0.49910984
2015/3/11,4866.94,4876.09,4846.79,4849.94,0.493791062
2015/3/12,4853.98,4895.8,4853.2,4893.29,0.497392936
2015/3/13,4885.54,4904.47,4842.8,4871.76,0.502115491
2015/3/16,4897.27,4929.94,4889.09,4929.51,0.499512053
2015/3/17,4912.65,4944.91,4907.02,4937.44,0.500568016
2015/3/18,4926.83,5001.57,4907.72,4982.83,0.506473913
2015/3/19,4982.02,5000.02,4979.94,4992.38,0.504121351
2015/3/20,5033.47,5042.14,5020.06,5026.42,0.510207196
2015/3/23,5020.6,5031.39,5010.97,5010.97,0.513067851
2015/3/24,5010.1,5032.48,4994.56,4994.73,0.515450519
2015/3/25,5002.83,5006.76,4876.52,4876.52,0.50103702
2015/3/26,4835.72,4889.21,4825.93,4863.36,0.498741077
2015/3/27,4863.74,4899.26,4859.65,4891.22,0.507251819
2015/3/30,4921.78,4948.46,4921.12,4947.44,0.501273903
2015/3/31,4925.91,4940.87,4899.31,4900.88,0.502800704
2015/4/1,4894.36,4899.38,4844.39,4880.23,0.509971045
2015/4/2,4885.41,4901.32,4872.96,4886.94,0.514370019
2015/4/6,4855.94,4929.62,4852.91,4917.32,0.516536964
2015/4/7,4917.5,4948.88,4909.77,4910.23,0.527458748
2015/4/8,4914.15,4956.72,4914.15,4950.82,0.520385725
2015/4/9,4950.84,4975.93,4928.11,4974.56,0.517195958
2015/4/10,4977.03,4996.08,4970.02,4995.98,0.513258572
2015/4/13,5001.56,5024.25,4985.96,4988.25,0.509654783
2015/4/14,4988.82,4996.82,4952.01,4977.29,0.50646775
2015/4/15,4992.62,5021.19,4989.24,5011.02,0.505286964
2015/4/16,4999.36,5016,4996,5007.79,0.513020939
2015/4/17,4966.11,4974.09,4912.32,4931.81,0.50999251
2015/4/20,4958.07,5000.2,4952.68,4994.6,0.509009573
2015/4/21,5023.96,5028.22,5009.51,5014.1,0.519836508
2015/4/22,5026.57,5040.65,4992.62,5035.17,0.529590054
2015/4/23,5020.22,5073.09,5019.3,5056.06,0.519744009
2015/4/24,5096.34,5100.37,5081.21,5092.09,0.530658871
2015/4/27,5104.36,5119.83,5053.54,5060.25,0.536606793
2015/4/28,5063.26,5075.3,5006.28,5055.42,0.537704112
2015/4/29,5028.45,5053.85,4999.83,5023.64,0.533343403
2015/4/30,4996.99,5015.96,4921.56,4941.42,0.515036422
2015/5/1,4966.32,5005.39,4962.74,5005.39,0.505404529
2015/5/4,5018.35,5043.62,5013.02,5016.93,0.501687442
2015/5/5,5000.19,5008.27,4934.34,4939.33,0.508294567
2015/5/6,4956.7,4965.1,4888.17,4919.64,0.513835321
2015/5/7,4917.75,4957.12,4914.53,4945.54,0.511424363
2015/5/8,4991.63,5014.33,4989.26,5003.55,0.507347925
2015/5/11,5003.26,5017.38,4992.02,4993.57,0.512465541
2015/5/12,4966.44,4995.5,4931.6,4976.19,0.503374469
2015/5/13,4991.42,5012.97,4977.49,4981.69,0.508925051
2015/5/14,5016.68,5051.72,4999.65,5050.8,0.509439302
2015/5/15,5059.15,5062.65,5034.84,5048.29,0.498916404
2015/5/18,5040.92,5084.5,5037.54,5078.44,0.490957928
2015/5/19,5080.44,5087.35,5062.8,5070.03,0.508920953
2015/5/20,5072.44,5097.52,5050.21,5071.74,0.521301113
2015/5/21,5065.94,5098.23,5062.51,5090.79,0.520513137
2015/5/22,5085.39,5103.84,5085.19,5089.36,0.508816165
2015/5/26,5076.91,5081.17,5016.73,5032.75,0.502436696
2015/5/27,5047.86,5111.54,5039.37,5106.59,0.509111534
2015/5/28,5096.34,5106.65,5080.25,5097.98,0.519833529
2015/5/29,5093.1,5099.4,5057.59,5070.02,0.52479747
2015/6/1,5094.94,5099.01,5045.67,5082.93,0.537316824
2015/6/2,5063.47,5100.02,5047.35,5076.52,0.533656939
2015/6/3,5098.48,5114.6,5084.99,5099.23,0.521390285
2015/6/4,5078.22,5101.11,5046.29,5059.12,0.516406424
2015/6/5,5057.04,5074.98,5025.52,5068.46,0.513192309
2015/6/8,5066.65,5069,5014.06,5021.63,0.509735625
2015/6/9,5013.13,5027.02,4974.61,5013.86,0.516516401
2015/6/10,5029.41,5086.66,5024.17,5076.69,0.515846601
2015/6/11,5088.26,5101.39,5075.05,5082.51,0.527870425
2015/6/12,5060.24,5067.96,5043.24,5051.1,0.525683429
2015/6/15,5011.79,5035.37,4985.94,5029.97,0.52260275
2015/6/16,5023.58,5063.06,5022.56,5055.55,0.512201746
2015/6/17,5067.68,5080.11,5042.25,5064.88,0.512700816
2015/6/18,5082.06,5143.32,5082.03,5132.95,0.506103862
2015/6/19,5139.77,5140.17,5113.94,5117,0.495517841
2015/6/22,5147.87,5162.13,5142.78,5153.97,0.477588147
2015/6/23,5161.68,5163.41,5139.33,5160.1,0.475899193
2015/6/24,5151.38,5164.36,5121.64,5122.41,0.478938297
2015/6/25,5139.48,5141.71,5102.16,5112.19,0.485533391
2015/6/26,5113.26,5121.47,5060.82,5080.51,0.480342953
2015/6/29,5021.21,5051.01,4956.23,4958.47,0.470345527
2015/6/30,5000.15,5008.76,4968.26,4986.87,0.463556484
2015/7/1,5029.05,5038.55,4994.47,5013.12,0.478570691
2015/7/2,5024.3,5027.47,4990.74,5009.21,0.487260015
2015/7/6,4963.8,5020.71,4960.93,4991.94,0.492943245
2015/7/7,4993.76,5001.99,4902.21,4997.46,0.492998466
2015/7/8,4953.98,4965.45,4901.51,4909.76,0.502802201
2015/7/9,4976.15,4982.19,4920.4,4922.4,0.506920238
2015/7/10,4981.24,5008.05,4966.51,4997.7,0.519377958
2015/7/13,5037.27,5074.81,5036.68,5071.51,0.501238109
2015/7/14,5077.12,5116.52,5075.12,5104.89,0.50025935
2015/7/15,5111.11,5125.32,5088.12,5098.94,0.488866754
2015/7/16,5138.18,5163.18,5128.56,5163.18,0.492812894
2015/7/17,5196.11,5210.16,5183.23,5210.14,0.499211168
2015/7/20,5223.18,5231.94,5201.49,5218.86,0.491237368
2015/7/21,5219.2,5229,5196.3,5208.12,0.485506282
2015/7/22,5146.03,5184.74,5145.78,5171.77,0.489798494
2015/7/23,5180.33,5197,5137.64,5146.41,0.493740073
2015/7/24,5166.91,5167.54,5084.51,5088.63,0.489530269
2015/7/27,5055.92,5072.88,5032.69,5039.78,0.473373784
2015/7/28,5063.44,5097.69,5025.61,5089.21,0.472203153
2015/7/29,5097.86,5117.84,5080.04,5111.73,0.473207898
2015/7/30,5100.3,5135.65,5070.62,5128.78,0.474050607
2015/7/31,5148.18,5155.02,5122.37,5128.28,0.467894551
2015/8/3,5134.34,5143.08,5082.32,5115.38,0.472208085
2015/8/4,5110.96,5125.9,5092.46,5105.55,0.466292786
2015/8/5,5132.77,5175.26,5131.86,5139.94,0.471857896
2015/8/6,5146.62,5149.93,5035.41,5056.44,0.482360803
2015/8/7,5043.97,5055.56,5006.15,5043.54,0.493106178
2015/8/10,5081.72,5112.47,5081.11,5101.8,0.501784708
2015/8/11,5069.16,5089.33,5013.44,5036.79,0.504397027
2015/8/12,4994.52,5055.75,4945.79,5044.39,0.496883414
2015/8/13,5050.94,5071.46,5029.61,5033.56,0.498484996
2015/8/14,5025.92,5051.89,5012.61,5048.23,0.49216409
2015/8/17,5032.34,5092.69,5022.42,5091.7,0.472040049
2015/8/18,5082.18,5085.14,5054.97,5059.35,0.453730076
2015/8/19,5039.03,5060.93,4992.85,5019.05,0.441071067
2015/8/20,4973.49,4986.51,4877.49,4877.49,0.434236495
2015/8/21,4801.04,4856.75,4706.04,4706.04,0.43199154
2015/8/24,4351.61,4694.9,4292.14,4526.25,0.426720218
2015/8/25,4687.27,4689.54,4506.1,4506.49,0.437097166
2015/8/26,4633.51,4703.97,4530.03,4697.54,0.437126239
2015/8/27,4761.05,4818.71,4721.79,4812.71,0.43407544
2015/8/28,4792.11,4836.78,4788.38,4828.32,0.43327166
2015/8/31,4798.68,4824.61,4763.42,4776.51,0.432096065
2015/9/1,4673.61,4722.13,4614.91,4636.1,0.432637499
2015/9/2,4704.42,4749.98,4659.41,4749.98,0.438651625
2015/9/3,4763.1,4800.19,4721.91,4733.5,0.436775118
2015/9/4,4670.35,4712.67,4657.82,4683.92,0.432248582
2015/9/8,4769.72,4815.04,4754.89,4811.93,0.424808267
2015/9/9,4856.27,4862.88,4746.73,4756.53,0.430793193
2015/9/10,4749.96,4826.33,4746.52,4796.25,0.436737571
2015/9/11,4770.73,4822.34,4763.15,4822.34,0.453740906
2015/9/14,4831.98,4832,4791.08,4805.76,0.456045785
2015/9/15,4819.32,4872.35,4802.09,4860.52,0.460455791
2015/9/16,4860.44,4893.44,4848.15,4889.24,0.451235206
2015/9/17,4884.11,4960.87,4880.5,4893.95,0.455221053
2015/9/18,4828.71,4878.71,4819.09,4827.23,0.460480039
2015/9/21,4851.98,4881.46,4795.91,4828.95,0.46960653
2015/9/22,4762.29,4776.28,4716.91,4756.72,0.469812902
2015/9/23,4764.69,4780.64,4735.13,4752.74,0.464555336
2015/9/24,4717.89,4746.21,4670.12,4734.48,0.45325128
2015/9/25,4782.41,4785.22,4659.48,4686.5,0.453479721
2015/9/28,4665.06,4665.21,4529.41,4543.97,0.45191758
2015/9/29,4551.04,4596.06,4487.06,4517.32,0.439677624
2015/9/30,4574.38,4620.16,4559.18,4620.16,0.417218943
2015/10/1,4624.46,4628.23,4559.21,4627.08,0.413120872
2015/10/2,4566.13,4707.77,4552.34,4707.77,0.397432972
2015/10/5,4742.13,4785.91,4740.24,4781.26,0.393529307
2015/10/6,4767.63,4783.37,4711.79,4748.36,0.374095919
2015/10/7,4775.05,4791.15,4728.71,4791.15,0.365260703
2015/10/8,4775.06,4819.07,4737.93,4810.79,0.36420672
2015/10/9,4817.28,4841.38,4804.59,4830.47,0.381159987
2015/10/12,4839.79,4846.74,4818.16,4838.64,0.38112832
2015/10/13,4809.24,4858.28,4793.92,4796.61,0.37534906
2015/10/14,4801.35,4820.09,4771.62,4782.85,0.380662066
2015/10/15,4799.43,4870.1,4795.29,4870.1,0.418467507
2015/10/16,4872.36,4886.95,4851.28,4886.69,0.428322979
2015/10/19,4873.54,4915.49,4865.83,4905.47,0.427094961
2015/10/20,4900.02,4909.37,4866.6,4880.97,0.408490761
2015/10/21,4903.98,4904.85,4836.46,4840.12,0.40655198
2015/10/22,4875.96,4926.99,4861.8,4920.05,0.407086822
2015/10/23,5024.38,5048.55,4999.54,5031.86,0.423200533
2015/10/26,5030.8,5045.16,5012.74,5034.7,0.430553468
2015/10/27,5018.99,5040.08,5009.07,5030.15,0.435586979
2015/10/28,5040.38,5095.69,5019.6,5095.69,0.427274046
2015/10/29,5071.04,5084.63,5066.89,5074.27,0.429121133
2015/10/30,5079.76,5085.22,5053.75,5053.75,0.433496208
2015/11/2,5065.64,5130.51,5061.47,5127.15,0.442753747
2015/11/3,5114.31,5163.47,5109.68,5145.13,0.432604483
2015/11/4,5155.62,5162.57,5122.78,5142.48,0.429166973
2015/11/5,5144.15,5154.86,5098.49,5127.74,0.423851856
2015/11/6,5124.04,5147.12,5092.87,5147.12,0.43990156
2015/11/9,5128.94,5133.44,5066.1,5095.3,0.439384531
2015/11/10,5068.55,5086.89,5051.22,5083.24,0.436013778
2015/11/11,5098.12,5111.19,5066.68,5067.02,0.421055943
2015/11/12,5043.1,5062.49,5004.46,5005.08,0.426192388
2015/11/13,4980.86,4989.06,4925.35,4927.88,0.42145094
2015/11/16,4916.14,4984.91,4908.66,4984.62,0.424136816
2015/11/17,4991.71,5023.45,4975.74,4986.02,0.401589978
2015/11/18,5004.6,5078.8,5001.67,5075.2,0.394838378
2015/11/19,5078.68,5092.46,5067.27,5073.64,0.401466116
2015/11/20,5096.96,5112.46,5094.31,5104.92,0.410503707
2015/11/23,5106.72,5128.08,5084.85,5102.48,0.395774674
2015/11/24,5070.66,5110.75,5050.14,5102.81,0.394858535
2015/11/25,5106.87,5124.09,5101.18,5116.14,0.388427669
2015/11/27,5121.93,5134.35,5108.51,5127.52,0.393884757
2015/11/30,5139.58,5141.36,5098.7,5108.67,0.394834527
2015/12/1,5129.64,5156.31,5120.17,5156.31,0.40162489
2015/12/2,5158.82,5176.77,5117.15,5123.22,0.399399346
2015/12/3,5143.15,5144.6,5011.72,5037.53,0.396255977
2015/12/4,5050.93,5147,5043.49,5142.27,0.398341012
2015/12/7,5139.46,5139.78,5082.23,5101.81,0.411837127
2015/12/8,5050.52,5111.73,5045.73,5098.24,0.401770158
2015/12/9,5077.21,5106.36,5000.12,5022.86,0.391331366
2015/12/10,5026.3,5075.65,5019.31,5045.17,0.379039186
2015/12/11,4979.77,4996.19,4928.67,4933.47,0.391065356
2015/12/14,4932.61,4953.6,4871.59,4952.23,0.399031713
2015/12/15,4991.21,5026.54,4986.99,4995.36,0.404779952
2015/12/16,5033.48,5078.99,4992.63,5071.13,0.395465254
2015/12/17,5087.17,5088.57,5002.55,5002.55,0.403833403
2015/12/18,4982.58,4996.49,4921.33,4923.08,0.405690698
2015/12/21,4957.53,4968.92,4928.93,4968.92,0.414056179
2015/12/22,4988.68,5007.77,4964.08,5001.11,0.423216701
2015/12/23,5025.55,5046.09,5020.44,5045.93,0.428882606
2015/12/24,5046.19,5063.28,5043.65,5048.49,0.422353726
2015/12/28,5032.29,5041.27,4999.07,5040.98,0.424502337
2015/12/29,5066.52,5116.99,5065.89,5107.94,0.428682207
2015/12/30,5101.18,5102.35,5065.69,5065.85,0.433654705
2015/12/31,5047.04,5058.06,5007.01,5007.41,0.420395796
2016/1/4,4897.65,4903.09,4846.98,4903.09,0.399415442
2016/1/5,4917.84,4926.73,4872.74,4891.43,0.395419397
2016/1/6,4813.76,4866.04,4804.69,4835.77,0.399428946
2016/1/7,4736.4,4788.02,4688.17,4689.43,0.397319825
2016/1/8,4722.02,4742.57,4637.85,4643.63,0.400827489
2016/1/11,4673.44,4683.02,4573.77,4637.99,0.403259789
2016/1/12,4681.54,4714.8,4618.03,4685.92,0.420898718
2016/1/13,4706.02,4713.98,4517.56,4526.06,0.433920311
2016/1/14,4545.37,4650.55,4470.59,4615,0.442444599
2016/1/15,4464.37,4520.45,4419.41,4488.42,0.441593688
2016/1/19,4548.05,4550.57,4430.77,4476.95,0.449507326
2016/1/20,4405.22,4514.92,4313.39,4471.69,0.459561213
2016/1/21,4480.7,4537.15,4432.02,4472.06,0.465237602
2016/1/22,4557.39,4591.18,4540.27,4591.18,0.447872758
2016/1/25,4574.6,4590.44,4514.78,4518.49,0.430748792
2016/1/26,4537.04,4583.21,4503.52,4567.67,0.422235344
2016/1/27,4548.87,4568.85,4450.83,4468.17,0.426489209
2016/1/28,4533.81,4533.81,4447.5,4506.68,0.433354973
2016/1/29,4512.09,4613.95,4511.3,4613.95,0.444929666
2016/2/1,4587.59,4636.93,4565.38,4620.37,0.447113875
2016/2/2,4588.69,4589.9,4503.12,4516.95,0.450480369
2016/2/3,4543.82,4547.32,4424.47,4504.24,0.444604337
2016/2/4,4492.48,4545.52,4463.99,4509.56,0.452230185
2016/2/5,4491.48,4493.19,4350.38,4363.14,0.446895782
2016/2/8,4288.02,4301.53,4212.81,4283.75,0.426981161
2016/2/9,4224.87,4329.61,4222.48,4268.76,0.410805071
2016/2/10,4318.28,4369.62,4280.73,4283.59,0.416242653
2016/2/11,4218.81,4293.22,4209.76,4266.84,0.423337251
2016/2/12,4307.29,4340.13,4274.15,4337.51,0.416292893
2016/2/16,4397.95,4435.95,4376.52,4435.95,0.396165451
2016/2/17,4471.66,4540.78,4463.51,4534.06,0.401795061
2016/2/18,4548.1,4548.47,4482.77,4487.54,0.408602351
2016/2/19,4464.67,4513.15,4455.1,4504.43,0.420661275
2016/2/22,4548.31,4576.47,4546.55,4570.61,0.414397623
2016/2/23,4550.05,4558.06,4500.94,4503.58,0.419417233
2016/2/24,4453.93,4547.64,4425.72,4542.61,0.413277646
2016/2/25,4554.73,4582.2,4516.89,4582.2,0.423348031
2016/2/26,4615.14,4618.85,4580.78,4590.47,0.437794855
2016/2/29,4585.3,4619.9,4557.46,4557.95,0.445717771
2016/3/1,4596.01,4689.6,4581.75,4689.6,0.433609528
2016/3/2,4683.8,4703.57,4665.93,4703.42,0.432675389
2016/3/3,4698.38,4707.72,4674.46,4707.42,0.450762626
2016/3/4,4715.77,4746.65,4687.94,4717.02,0.473090827
2016/3/7,4690.88,4731.19,4674.82,4708.25,0.467408476
2016/3/8,4676.22,4695.03,4642.86,4648.82,0.452598097
2016/3/9,4666.42,4676.47,4642.42,4674.38,0.439079509
2016/3/10,4691.2,4716.14,4607.99,4662.16,0.434156626
2016/3/11,4712.38,4748.79,4700.91,4748.47,0.438316253
2016/3/14,4733.39,4762.27,4731.51,4750.28,0.445166242
2016/3/15,4731.14,4735.27,4712.07,4728.67,0.439538393
2016/3/16,4717.88,4774.78,4716.45,4763.97,0.442037442
2016/3/17,4752.62,4788.09,4737.97,4774.98,0.442624108
2016/3/18,4784.63,4804.58,4772.41,4795.65,0.453299871
2016/3/21,4787.31,4814.85,4785.38,4808.87,0.454719316
2016/3/22,4783.6,4835.6,4781.71,4821.66,0.455327549
2016/3/23,4813.87,4816.67,4765.37,4768.86,0.449619305
2016/3/24,4743.36,4773.51,4734.77,4773.51,0.456073915
2016/3/28,4785.25,4787.39,4760.01,4766.79,0.462618435
2016/3/29,4756.55,4849.31,4749.78,4846.62,0.474270945
2016/3/30,4875.46,4899.14,4859.35,4869.29,0.46922642
2016/3/31,4869.57,4891.3,4864.41,4869.85,0.459849046
2016/4/1,4842.55,4917.09,4832.06,4914.54,0.450229276
2016/4/4,4911.22,4917.75,4885.17,4891.8,0.454125411
2016/4/5,4855.9,4872.7,4838.62,4843.93,0.444171145
2016/4/6,4849.57,4921.51,4849.28,4920.72,0.440228121
2016/4/7,4893.57,4901.49,4831.49,4848.37,0.429982469
2016/4/8,4883.99,4892.6,4835.36,4850.69,0.432766778
2016/4/11,4873.39,4897.55,4833.4,4833.4,0.443468515
2016/4/12,4838.81,4879.6,4808.91,4872.09,0.441078463
2016/4/13,4904.79,4951.91,4903.6,4947.42,0.419139784
2016/4/14,4947.62,4961.3,4931.81,4945.89,0.416826246
2016/4/15,4938.83,4950.43,4925.46,4938.22,0.429623868
2016/4/18,4919.36,4960.79,4915.63,4960.02,0.444782525
2016/4/19,4968.3,4968.67,4915.52,4940.33,0.444526109
2016/4/20,4941.99,4969.32,4928.29,4948.13,0.446685067
2016/4/21,4949.12,4966.61,4932.64,4945.89,0.447715572
2016/4/22,4898.24,4921.66,4872.02,4906.23,0.455668321
2016/4/25,4891.48,4904.87,4878.37,4895.79,0.45885643
2016/4/26,4903.81,4915,4875.42,4888.28,0.461376523
2016/4/27,4855.38,4872.91,4826.38,4863.14,0.446879296
2016/4/28,4857.6,4889.16,4796.32,4805.29,0.440812124
2016/4/29,4805.79,4807.89,4740.84,4775.36,0.448921913
2016/5/2,4786.55,4821.57,4768.28,4817.59,0.475626015
2016/5/3,4780.88,4791.43,4749.71,4763.22,0.484631394
2016/5/4,4735.28,4751.64,4713.91,4725.64,0.483914419
2016/5/5,4742.42,4744.55,4709.75,4717.09,0.493663118
2016/5/6,4695.9,4736.15,4684.28,4736.15,0.520220414
2016/5/9,4736.35,4771.94,4735.06,4750.21,0.52853537
2016/5/10,4768.91,4811.3,4758.2,4809.88,0.518684681
2016/5/11,4799.3,4812.19,4760.36,4760.69,0.504545068
2016/5/12,4778.19,4779.46,4710.16,4737.33,0.492985822
2016/5/13,4731.07,4759.29,4708.26,4717.68,0.483692763
2016/5/16,4728.86,4791.25,4724.73,4775.46,0.484084582
2016/5/17,4768.85,4776.15,4703.39,4715.73,0.481761385
2016/5/18,4705.78,4762.28,4704.49,4739.12,0.475874402
2016/5/19,4717.36,4735.27,4678.38,4712.53,0.471576895
2016/5/20,4729.44,4781.7,4729,4769.56,0.476033862
2016/5/23,4771.57,4792.64,4763.91,4765.78,0.48723869
2016/5/24,4792.85,4865.99,4792.63,4861.06,0.480916683
2016/5/25,4877.18,4905.45,4872.42,4894.89,0.464943219
2016/5/26,4897.78,4909.38,4887.27,4901.77,0.463970895
2016/5/27,4904.05,4933.51,4902.5,4933.51,0.475340703
2016/5/31,4938.48,4951.45,4923.03,4948.06,0.496646741
2016/6/1,4928.97,4958.98,4923.2,4952.25,0.496202879
2016/6/2,4941.25,4971.36,4924.23,4971.36,0.493714212
2016/6/3,4958.1,4958.65,4909.21,4942.52,0.487821419
2016/6/6,4950.46,4980.14,4944.87,4968.71,0.493132288
2016/6/7,4972.14,4979.38,4960.28,4961.75,0.507342109
2016/6/8,4970.01,4979.66,4956.79,4974.64,0.513745402
2016/6/9,4954.15,4965.49,4940.55,4958.62,0.498071529
2016/6/10,4915.15,4917.92,4880.61,4894.55,0.484735846
2016/6/13,4868.51,4894.85,4844.94,4848.44,0.482975575
2016/6/14,4836.67,4863.01,4811.93,4843.55,0.482602944
2016/6/15,4855.08,4868.16,4830.33,4834.93,0.473855704
2016/6/16,4809.69,4847.86,4778.78,4844.91,0.475958161
2016/6/17,4835.02,4835.02,4792.34,4800.34,0.482372475
2016/6/20,4856.69,4882.15,4834.51,4837.21,0.483372806
2016/6/21,4845.09,4852.19,4826.59,4843.76,0.482775264
2016/6/22,4846.68,4875.93,4830,4833.32,0.495624905
2016/6/23,4872.19,4910.04,4859.4,4910.04,0.486961735
2016/6/24,4715.8,4798.22,4698.42,4707.98,0.47677635
2016/6/27,4664.43,4665.04,4574.25,4594.44,0.48417207
2016/6/28,4643.93,4692.98,4643.93,4691.87,0.510354811
2016/6/29,4732.93,4787.59,4732.34,4779.24,0.512431465
2016/6/30,4793.75,4843.11,4774.52,4842.67,0.508262492
2016/7/1,4837.18,4880.17,4837.17,4862.57,0.514759705
2016/7/5,4837.06,4839.13,4797.29,4822.9,0.522069939
2016/7/6,4799.32,4861.05,4786.01,4859.16,0.52418104
2016/7/7,4867.47,4889.01,4853.68,4876.81,0.516188788
2016/7/8,4906.66,4959,4901.27,4956.76,0.502214638
2016/7/11,4976.54,5002.5,4976.54,4988.64,0.501311004
2016/7/12,5017.99,5032.1,5009.68,5022.82,0.507977262
2016/7/13,5036.32,5036.39,5002.82,5005.73,0.50899257
2016/7/14,5041.95,5045.18,5025.15,5034.06,0.499682514
2016/7/15,5041.19,5044.81,5018.52,5029.59,0.496101668
2016/7/18,5034.99,5063.53,5030.13,5055.78,0.49942316
2016/7/19,5038.22,5052.24,5028.24,5036.37,0.501798167
2016/7/20,5061.6,5098.25,5053.92,5089.93,0.51024613
2016/7/21,5093.97,5102.78,5061.11,5073.9,0.512825185
2016/7/22,5078.12,5103.52,5064.11,5100.16,0.508865365
2016/7/25,5096.99,5100.72,5082.66,5097.63,0.508797104
2016/7/26,5095.61,5122.3,5084.18,5110.05,0.515899153
2016/7/27,5143.84,5151.06,5120.66,5139.81,0.522806087
2016/7/28,5144.82,5160.16,5130.75,5154.98,0.516292959
2016/7/29,5162.15,5175.81,5140.05,5162.13,0.520529928
2016/8/1,5167.42,5199.13,5158.93,5184.2,0.530418743
2016/8/2,5177.53,5181.02,5109.8,5137.73,0.530231408
2016/8/3,5133.24,5159.74,5128.44,5159.74,0.530067269
2016/8/4,5158.02,5174,5145.39,5166.25,0.532601447
2016/8/5,5190.71,5227.23,5186.24,5221.12,0.523466449
2016/8/8,5223.54,5228.4,5202.18,5213.14,0.514539618
2016/8/9,5216.21,5238.54,5214.95,5225.48,0.520410563
2016/8/10,5227.95,5227.96,5193.8,5204.59,0.532858311
2016/8/11,5222.15,5235.29,5211.25,5228.4,0.526651035
2016/8/12,5219.66,5233.34,5215.55,5232.9,0.518415931
2016/8/15,5242.18,5271.36,5241.14,5262.02,0.518423086
2016/8/16,5247.96,5248.26,5226.78,5227.11,0.505297032
2016/8/17,5228.44,5230.09,5197.23,5228.66,0.492490049
2016/8/18,5226.45,5243.17,5221.84,5240.15,0.496346293
2016/8/19,5229.87,5245.81,5217.65,5238.38,0.494844321
2016/8/22,5231.46,5252.13,5224.63,5244.6,0.486175617
2016/8/23,5265.78,5275.74,5257.9,5260.08,0.493880302
2016/8/24,5254.42,5262.99,5205.64,5217.69,0.522308915
2016/8/25,5207.61,5230.59,5201.64,5212.2,0.540917203
2016/8/26,5219.05,5253.39,5191.86,5218.92,0.544395229
2016/8/29,5223.8,5245.12,5222.34,5232.33,0.546214603
2016/8/30,5229.88,5241.62,5205.61,5222.99,0.554094591
2016/8/31,5216.42,5219.89,5191.18,5213.22,0.56173968
2016/9/1,5218.28,5229.94,5189.36,5227.21,0.55533049
2016/9/2,5249.66,5263.39,5231.02,5249.9,0.550977869
2016/9/6,5259.99,5275.91,5244,5275.91,0.553592119
2016/9/7,5274.23,5287.61,5261.92,5283.93,0.555991492
2016/9/8,5269.96,5271.01,5248.41,5259.48,0.559931539
2016/9/9,5217.95,5225.94,5125.91,5125.91,0.552445586
2016/9/12,5098.03,5217.88,5097.8,5211.89,0.556433235
2016/9/13,5181.14,5195.02,5131.27,5155.26,0.550021715
2016/9/14,5160.21,5201.34,5159.55,5173.77,0.533142592
2016/9/15,5178.1,5254.78,5176.25,5249.69,0.535542845
2016/9/16,5238.71,5248.6,5218.97,5244.57,0.537022128
2016/9/19,5263.55,5281.07,5222.91,5235.03,0.532185702
2016/9/20,5256.19,5265.18,5235.42,5241.35,0.52085405
2016/9/21,5263.65,5299.4,5233.94,5295.18,0.512659027
2016/9/22,5323.26,5342.88,5320.93,5339.52,0.509344442
2016/9/23,5327.43,5329.71,5301.63,5305.75,0.506535126
2016/9/26,5275.73,5282.27,5254.96,5257.49,0.503043063
2016/9/27,5254.18,5306.81,5251.32,5305.71,0.506655288
2016/9/28,5312.73,5320.62,5284.84,5318.55,0.500960363
2016/9/29,5311.31,5317,5254.52,5269.15,0.506988857
2016/9/30,5288.87,5325.88,5277.88,5312,0.536446501
2016/10/3,5300.29,5308.6,5281.95,5300.87,0.528859367
2016/10/4,5313.49,5323.6,5271.7,5289.66,0.514601268
2016/10/5,5305.28,5330.81,5304.06,5316.02,0.517127134
2016/10/6,5306.59,5315.73,5281.47,5306.85,0.529934144
2016/10/7,5314.92,5315.65,5266.8,5292.4,0.531034437
2016/10/10,5318.46,5340.52,5317.73,5328.67,0.53380489
2016/10/11,5321.82,5321.82,5227.43,5246.79,0.524322715
2016/10/12,5247.91,5257.18,5228.77,5239.02,0.519130479
2016/10/13,5200.3,5228.26,5169.76,5213.33,0.521155811
2016/10/14,5241.26,5258.88,5213.37,5214.16,0.520205597
2016/10/17,5213.69,5219.98,5196.03,5199.82,0.524802547
2016/10/18,5255.32,5264.27,5239.44,5243.84,0.515621037
2016/10/19,5240.33,5253.83,5234.25,5246.41,0.50272552
2016/10/20,5238.2,5252.1,5216.05,5241.83,0.517485245
2016/10/21,5238.65,5259.12,5225.76,5257.4,0.528106098
2016/10/24,5290.31,5311.5,5289.23,5309.83,0.520892408
2016/10/25,5306.47,5310.27,5278.57,5283.4,0.512239154
2016/10/26,5256.4,5280.85,5237.05,5250.27,0.501256886
2016/10/27,5272.19,5274.12,5211.75,5215.97,0.510972329
2016/10/28,5203.7,5232.35,5178.76,5190.1,0.511653076
2016/10/31,5205.09,5206.7,5186.56,5189.14,0.500545696
2016/11/1,5199.77,5201.13,5112.32,5153.58,0.496038258
2016/11/2,5147.27,5156.7,5097.56,5105.57,0.487259437
2016/11/3,5104.7,5115.06,5053.52,5058.41,0.488606336
2016/11/4,5034.41,5087.51,5034.41,5046.37,0.483886654
2016/11/7,5128.99,5169.41,5122.77,5166.17,0.479759822
2016/11/8,5154.99,5214.17,5145.3,5193.49,0.478726431
2016/11/9,5143.86,5258.99,5143.86,5251.07,0.469822813
2016/11/10,5283.48,5302.68,5145.32,5208.8,0.469546398
2016/11/11,5191.82,5241.08,5179.64,5237.11,0.489722861
2016/11/14,5246.33,5247.17,5192.05,5218.4,0.499784369
2016/11/15,5241.35,5287.06,5236.25,5275.62,0.487514703
2016/11/16,5253.73,5299.63,5251.88,5294.58,0.490194854
2016/11/17,5295.07,5334.05,5288.16,5333.97,0.50233539
2016/11/18,5340.97,5346.8,5315.53,5321.51,0.50127446
2016/11/21,5336.78,5369.83,5334.16,5368.86,0.498782835
2016/11/22,5384.75,5392.26,5365.6,5386.35,0.498667748
2016/11/23,5366.55,5380.68,5350.68,5380.68,0.496836669
2016/11/25,5388.49,5398.92,5379.28,5398.92,0.507427692
2016/11/28,5387.92,5396.27,5364.91,5368.81,0.508161688
2016/11/29,5370.98,5403.86,5360.56,5379.92,0.511177769
2016/11/30,5391.35,5393.15,5323.68,5323.68,0.502292088
2016/12/1,5323.88,5326.34,5238.21,5251.11,0.489025554
2016/12/2,5249.02,5274.54,5239.27,5255.65,0.498881261
2016/12/5,5283.58,5321.09,5269.57,5308.89,0.493722054
2016/12/6,5317.74,5333.99,5299.94,5333,0.475828297
2016/12/7,5322.67,5397.93,5307.31,5393.76,0.479071415
2016/12/8,5394.15,5425.52,5389.1,5417.36,0.47918479
2016/12/9,5436.11,5450.16,5427.12,5444.5,0.471014144
2016/12/12,5428.22,5434.9,5394.42,5412.54,0.478105061
2016/12/13,5433.57,5486.75,5430.72,5463.83,0.486165208
2016/12/14,5465.69,5476.25,5425.73,5436.67,0.4787463
2016/12/15,5443.51,5485.12,5439.39,5456.85,0.471582028
2016/12/16,5467.82,5474.58,5426.01,5437.16,0.466853922
2016/12/19,5441.2,5483.42,5436.54,5457.44,0.47056744
2016/12/20,5473.53,5489.47,5471.71,5483.94,0.473853118
2016/12/21,5482.63,5486.26,5465.31,5471.43,0.47897836
2016/12/22,5472.01,5472.01,5432.77,5447.42,0.477433906
2016/12/23,5441.76,5462.69,5441.76,5462.69,0.487522994
2016/12/27,5470.76,5512.37,5469.61,5487.44,0.506621665
2016/12/28,5497.44,5498.91,5434.7,5438.56,0.52256881
2016/12/29,5437.51,5450.63,5415.18,5432.09,0.515411232
2016/12/30,5440.17,5441.9,5371.89,5383.12,0.511859963
2017/1/3,5425.62,5452.56,5397.99,5429.08,0.514915548
2017/1/4,5440.91,5482.35,5440.24,5477.01,0.493630909
2017/1/5,5474.39,5495.85,5464.36,5487.94,0.487447863
2017/1/6,5499.08,5536.52,5482.81,5521.06,0.48062558
2017/1/9,5527.57,5541.08,5517.14,5531.82,0.466408941
2017/1/10,5536.54,5564.25,5528.11,5551.82,0.459792332
2017/1/11,5550.72,5564.08,5524.03,5563.65,0.469329197
2017/1/12,5542.56,5550.67,5496.82,5547.49,0.476364661
2017/1/13,5557.57,5584.26,5557.2,5574.12,0.473890366
2017/1/17,5555.16,5557.05,5527.22,5538.73,0.463819651
2017/1/18,5546.94,5555.98,5534.77,5555.65,0.480667821
2017/1/19,5560.61,5571.53,5528.37,5540.08,0.485784988
2017/1/20,5556.87,5574.35,5542.23,5555.33,0.463990323
2017/1/23,5546.64,5564.14,5522.69,5552.94,0.469212606
2017/1/24,5568.27,5606.53,5558.49,5600.96,0.464252124
2017/1/25,5635.86,5658.59,5634.33,5656.34,0.460248688
2017/1/26,5666.28,5669.61,5647.65,5655.18,0.471092917
2017/1/27,5664.88,5667.45,5643.9,5660.78,0.469568711
2017/1/30,5635.86,5636.09,5578.76,5613.71,0.454303208
2017/1/31,5592.87,5615.15,5576.09,5614.79,0.441258401
2017/2/1,5654.51,5662.11,5621.03,5642.65,0.437966587
2017/2/2,5627.15,5656.01,5616.4,5636.2,0.438680096
2017/2/3,5650.73,5666.84,5647.58,5666.77,0.443028948
2017/2/6,5656.95,5668.2,5650.26,5663.55,0.443513492
2017/2/7,5674.86,5689.6,5664.82,5674.22,0.441640629
2017/2/8,5662.95,5686.96,5649.39,5682.45,0.444575075
2017/2/9,5688.02,5722.71,5685.15,5715.18,0.455718733
2017/2/10,5726.18,5743.43,5717.42,5734.13,0.465504045
2017/2/13,5753.19,5770.99,5751.92,5763.96,0.460906018
2017/2/14,5756.51,5783.09,5748.74,5782.57,0.44732501
2017/2/15,5777.9,5821.95,5776.7,5819.44,0.449675697
2017/2/16,5823.01,5835.15,5796.71,5814.9,0.445884289
2017/2/17,5807.31,5838.58,5800.8,5838.58,0.464313954
2017/2/21,5850.2,5867.89,5847.5,5865.95,0.471342654
2017/2/22,5857.56,5864.41,5848.28,5860.63,0.455149652
2017/2/23,5866.82,5866.96,5809.55,5835.51,0.461023525
2017/2/24,5802.33,5845.31,5800.55,5845.31,0.467615707
2017/2/27,5835.04,5861.9,5827,5861.9,0.467428836
2017/2/28,5852.79,5855.06,5817.22,5825.44,0.459040787
2017/3/1,5874.86,5911.79,5865.79,5904.03,0.449684152
2017/3/2,5897.01,5897.01,5856.3,5861.22,0.448579166
2017/3/3,5854.27,5870.75,5841.47,5870.75,0.455865519
2017/3/6,5846.42,5857.74,5827.46,5849.18,0.45092994
2017/3/7,5836.12,5859.77,5826.32,5833.93,0.463336664
2017/3/8,5838.44,5860.63,5832.63,5837.55,0.465640608
2017/3/9,5834.67,5852.54,5812.08,5838.81,0.462233307
2017/3/10,5867.16,5872.6,5835.44,5861.73,0.481920494
2017/3/13,5863.48,5877.43,5860.83,5875.78,0.495146199
2017/3/14,5860.07,5860.5,5831.88,5856.82,0.491357802
2017/3/15,5869.97,5911.2,5858.16,5900.05,0.486101358
2017/3/16,5907.86,5911.48,5887.24,5900.76,0.481771822
2017/3/17,5898.58,5912.61,5890.42,5901,0.472610763
2017/3/20,5898.81,5915.12,5888.12,5901.53,0.476376135
2017/3/21,5923.43,5928.06,5790.73,5793.82,0.473329397
2017/3/22,5790.59,5825.67,5781.81,5821.64,0.468219049
2017/3/23,5812.31,5842.82,5806.98,5817.69,0.469909664
2017/3/24,5839.33,5858.95,5807.83,5828.74,0.474446799
2017/3/27,5776.33,5849.2,5769.39,5840.37,0.487779722
2017/3/28,5836.5,5888.7,5828.86,5875.14,0.485747539
2017/3/29,5875.35,5900.87,5870.93,5897.55,0.473550881
2017/3/30,5896.15,5916.77,5894,5914.34,0.467375793
2017/3/31,5905.63,5927.81,5901.77,5911.74,0.467578507
2017/4/3,5917.31,5928.93,5867.73,5894.68,0.467115109
2017/4/4,5878.76,5901.39,5878.76,5898.61,0.47656827
2017/4/5,5911.92,5936.39,5856.26,5864.48,0.459020378
2017/4/6,5870.52,5889.58,5856.22,5878.95,0.457506042
2017/4/7,5873.94,5892.07,5855.51,5877.81,0.462675765
2017/4/10,5883.43,5907.85,5865.56,5880.93,0.460425529
2017/4/11,5871.16,5878.94,5819.29,5866.77,0.462635591
2017/4/12,5863.59,5868.09,5830.44,5836.16,0.44499146
2017/4/13,5828.37,5856.54,5805.15,5805.15,0.440404051
2017/4/17,5821.55,5856.79,5818.2,5856.79,0.449680035
2017/4/18,5838.59,5860.04,5828.57,5849.47,0.452708088
2017/4/19,5874.43,5894.68,5856.34,5863.03,0.454522543
2017/4/20,5887.87,5926.23,5880.19,5916.78,0.4441632
2017/4/21,5919.02,5919.23,5899.43,5910.52,0.42669576
2017/4/24,5979.96,5989.92,5970.25,5983.82,0.422582677
2017/4/25,6004.16,6036.02,6002.65,6025.49,0.427033138
2017/4/26,6028.12,6040.89,6021.72,6025.23,0.415175629
2017/4/27,6038.47,6050.7,6031.59,6048.94,0.409028711
2017/4/28,6072.87,6074.04,6040.71,6047.61,0.410443172
2017/5/1,6067.56,6100.73,6061.35,6091.6,0.407207889
2017/5/2,6102.51,6102.72,6081.56,6095.37,0.413363317
2017/5/3,6075.04,6076.96,6053.28,6072.55,0.426310002
2017/5/4,6075.06,6080.82,6054.32,6075.34,0.426307
2017/5/5,6091.69,6100.76,6067.15,6100.76,0.43508935
2017/5/8,6100.66,6106.12,6083.06,6102.66,0.435381137
2017/5/9,6111.82,6133,6107.59,6120.59,0.456569938
2017/5/10,6121.64,6131.64,6103.87,6129.14,0.464521148
2017/5/11,6110.05,6120.2,6075.68,6115.96,0.44027752
2017/5/12,6119.27,6122.84,6105.42,6121.23,0.436163051
2017/5/15,6128.11,6153.04,6124.79,6149.67,0.440921479
2017/5/16,6160.52,6170.16,6139.1,6169.87,0.447044415
2017/5/17,6108.62,6122.87,6009.48,6011.24,0.434285281
2017/5/18,5998.46,6073.45,5996.81,6055.13,0.415286446
2017/5/19,6070.23,6106.55,6070.23,6083.7,0.406658823
2017/5/22,6098.25,6135.92,6097.24,6133.62,0.41375257
2017/5/23,6149.55,6150.91,6121.79,6138.71,0.411764428
2017/5/24,6154.18,6166.09,6139.33,6163.02,0.40953984
2017/5/25,6183.02,6217.34,6174.52,6205.26,0.391204838
2017/5/26,6207.04,6211.52,6196.66,6210.19,0.38720581
2017/5/30,6204.18,6217.13,6200.41,6203.19,0.399157384
2017/5/31,6221.62,6221.99,6164.07,6198.52,0.402805376
2017/6/1,6215.91,6247.07,6200.45,6246.83,0.405802393
2017/6/2,6261.59,6308.76,6253.77,6305.8,0.408682443
2017/6/5,6305.47,6310.61,6292.15,6295.68,0.406276138
2017/6/6,6281.88,6304.21,6269.86,6275.06,0.413291119
2017/6/7,6290.44,6302.78,6267.18,6297.38,0.429060015
2017/6/8,6311.73,6324.06,6282.93,6321.76,0.423060704
2017/6/9,6330.25,6341.7,6137.68,6207.92,0.398038484
2017/6/12,6153.56,6183.81,6110.66,6175.47,0.385913014
2017/6/13,6206.11,6226.41,6180.04,6220.37,0.370916668
2017/6/14,6237.46,6237.53,6153.55,6194.89,0.368010996
2017/6/15,6127.05,6170.15,6107.85,6165.5,0.355698051
2017/6/16,6154.28,6161.56,6125.5,6151.76,0.351062349
2017/6/19,6196.85,6243.31,6194,6239.01,0.340267686
2017/6/20,6229.62,6234.01,6186.94,6188.03,0.340462485
2017/6/21,6202.75,6236.66,6200.86,6233.95,0.339600552
2017/6/22,6239.15,6257.68,6221.96,6236.69,0.339416095
2017/6/23,6234.35,6269.37,6218.78,6265.25,0.323587976
2017/6/26,6292.73,6303.44,6233.43,6247.15,0.32497491
2017/6/27,6227.9,6234.32,6146.62,6146.62,0.325608371
2017/6/28,6173.1,6238.29,6144.8,6234.41,0.332051075
2017/6/29,6215.49,6216.6,6087.81,6144.35,0.354987098
2017/6/30,6166.84,6170.63,6129.04,6140.42,0.361513577
2017/7/3,6173.29,6177.36,6106.12,6110.06,0.353691594
2017/7/5,6122.06,6163.62,6100.42,6150.85,0.362437207
2017/7/6,6109.6,6127.98,6081.96,6089.46,0.379412977
2017/7/7,6111.21,6164.94,6111.21,6153.08,0.40149162
2017/7/10,6156.03,6191.27,6141.83,6176.39,0.385376149
2017/7/11,6171.25,6200.58,6149.87,6193.31,0.378190017
2017/7/12,6238.9,6265.64,6236.82,6261.17,0.367761264
2017/7/13,6269.1,6281.45,6251.26,6274.44,0.379645899
2017/7/14,6289.08,6321.76,6278.7,6312.47,0.372360343
2017/7/17,6320.35,6330.97,6307.34,6314.43,0.372405601
2017/7/18,6304.82,6344.55,6291.07,6344.31,0.367685516
2017/7/19,6363.24,6387.73,6362.19,6385.04,0.388352748
2017/7/20,6396.46,6398.26,6365.68,6390,0.398728395
2017/7/21,6383.05,6388.78,6365.11,6387.75,0.411987634
2017/7/24,6387.82,6417.7,6380.61,6410.81,0.405499508
2017/7/25,6407.59,6425.45,6396.87,6412.17,0.414605392
2017/7/26,6425.93,6432.38,6416.3,6422.75,0.397819686
2017/7/27,6459.76,6460.84,6318.62,6382.19,0.401305607
2017/7/28,6350.27,6379.7,6337.23,6374.68,0.403645735
2017/7/31,6394.69,6396.59,6338.78,6348.12,0.398829891
2017/8/1,6372.16,6375.75,6345.75,6362.94,0.382490364
2017/8/2,6393.1,6394.21,6313.43,6362.65,0.379588165
2017/8/3,6366.24,6368.53,6331.14,6340.34,0.384146105
2017/8/4,6350.79,6361.49,6329.73,6351.56,0.394839192
2017/8/7,6361.06,6386.03,6356.23,6383.77,0.375501424
2017/8/8,6373.33,6423.35,6355.88,6370.46,0.376033945
2017/8/9,6322.92,6355.04,6309.44,6352.33,0.37210194
2017/8/10,6312.65,6318.28,6214.41,6216.87,0.383324035
2017/8/11,6222.18,6266.89,6216.19,6256.56,0.383666162
2017/8/14,6306.11,6346.82,6305.55,6340.23,0.38627858
2017/8/15,6350.51,6350.74,6324.75,6333.01,0.375692171
2017/8/16,6348.11,6374.56,6330.27,6345.11,0.38601132
2017/8/17,6322.72,6334.23,6221.91,6221.91,0.394863967
2017/8/18,6222.46,6254.22,6193.38,6216.53,0.409108314
2017/8/21,6216.32,6226.93,6177.19,6213.13,0.395249217
2017/8/22,6241.21,6302.84,6241.21,6297.48,0.392066732
2017/8/23,6263.47,6291.3,6263.28,6278.41,0.38819829
2017/8/24,6294.82,6302.85,6244.57,6271.33,0.400508947
2017/8/25,6293.81,6308.72,6257.1,6265.64,0.391406277
2017/8/28,6286.01,6292.26,6267.85,6283.02,0.389762277
2017/8/29,6228.9,6311.26,6228.73,6301.89,0.382580314
2017/8/30,6308.68,6374.48,6303.57,6368.31,0.383788739
2017/8/31,6385.8,6435.27,6383.58,6428.66,0.386878851
2017/9/1,6442.17,6449.65,6417.87,6435.33,0.397418772
2017/9/5,6414.82,6426.51,6334.59,6375.57,0.38523143
2017/9/6,6394.35,6407.4,6356.2,6393.31,0.381624687
2017/9/7,6402.94,6413.07,6379.81,6397.87,0.38694576
2017/9/8,6389.65,6391.41,6354.96,6360.19,0.400721654
2017/9/11,6411.18,6439.11,6410.71,6432.26,0.39586072
2017/9/12,6448.81,6455.02,6429.54,6454.28,0.393685578
2017/9/13,6440.72,6460.42,6433.2,6460.19,0.40304089
2017/9/14,6439.46,6455.32,6424.04,6429.08,0.425038483
2017/9/15,6426.16,6464.27,6419.65,6448.47,0.43794822
2017/9/18,6460.1,6477.77,6438.41,6454.64,0.45301036
2017/9/19,6465.57,6467.79,6446.75,6461.32,0.434156015
2017/9/20,6459.74,6466.05,6414.23,6456.04,0.434960868
2017/9/21,6448.57,6448.57,6405.3,6422.69,0.434257885
2017/9/22,6401.44,6429.54,6400.81,6426.92,0.446514351
2017/9/25,6403.11,6408.06,6343.96,6370.59,0.438664325
2017/9/26,6391.85,6405.01,6364.57,6380.16,0.428525411
2017/9/27,6414.37,6472.65,6405.35,6453.26,0.423502573
2017/9/28,6437.96,6456.23,6427.66,6453.45,0.429089872
2017/9/29,6461.28,6497.98,6454.86,6495.96,0.440182064
2017/10/2,6506.08,6527.22,6484.14,6516.72,0.446056987
2017/10/3,6523.74,6532.18,6509.71,6531.71,0.418095567
2017/10/4,6521.96,6546.46,6513.12,6534.63,0.408039863
2017/10/5,6552.87,6587.21,6547.65,6585.36,0.420939948
2017/10/6,6566.95,6590.18,6566.84,6590.18,0.434285773
2017/10/9,6597.37,6599.34,6572.44,6579.73,0.427102426
2017/10/10,6602.49,6608.3,6561.78,6587.25,0.431712108
2017/10/11,6586.73,6604.21,6577.98,6603.55,0.426580482
2017/10/12,6594.76,6613.5,6586.32,6591.51,0.429939784
2017/10/13,6613.21,6616.58,6602.2,6605.8,0.432048903
2017/10/16,6622.55,6632.5,6607.03,6624.01,0.439094332
2017/10/17,6621.42,6628.6,6613.21,6623.66,0.421308592
2017/10/18,6634.26,6635.52,6613.55,6624.22,0.414973166
2017/10/19,6583.7,6605.29,6558.53,6605.07,0.416040674
2017/10/20,6633.37,6640.02,6622.92,6629.05,0.428562269
2017/10/23,6641.57,6641.57,6581.15,6586.83,0.426165975
2017/10/24,6598.6,6611.9,6582.06,6598.43,0.431626432
2017/10/25,6587.22,6600.65,6517.93,6563.89,0.417325285
2017/10/26,6567.59,6582.76,6550.03,6556.77,0.406750108
2017/10/27,6635.03,6708.13,6625.78,6701.26,0.394614654
2017/10/30,6693.77,6727.39,6677.15,6698.96,0.398553342
2017/10/31,6713.71,6737.75,6705.79,6727.67,0.379268233
2017/11/1,6758.64,6759.66,6691.48,6716.53,0.382127443
2017/11/2,6709.39,6719.97,6677.55,6714.94,0.39329083
2017/11/3,6737.09,6765.14,6712.93,6764.44,0.412111317
2017/11/6,6763.3,6790.66,6763.17,6786.44,0.408106037
2017/11/7,6785.44,6795.52,6750.35,6767.78,0.410406275
2017/11/8,6764.85,6791.65,6753.34,6789.12,0.409855891
2017/11/9,6737.45,6758.93,6687.28,6750.05,0.42341607
2017/11/10,6736.39,6757.35,6727.35,6750.94,0.425462873
2017/11/13,6727.39,6766.3,6723.43,6757.6,0.430068259
2017/11/14,6733.87,6743.63,6709.27,6737.87,0.400131009
2017/11/15,6700.68,6725.32,6667.31,6706.21,0.404692912
2017/11/16,6742.34,6806.67,6742.34,6793.29,0.39913838
2017/11/17,6794.45,6797.75,6777.43,6782.79,0.418165534
2017/11/20,6789.28,6795.83,6779.48,6790.71,0.405278666
2017/11/21,6820.55,6862.66,6820.02,6862.48,0.413474522
2017/11/22,6869.53,6874.52,6859.28,6867.36,0.40251284
2017/11/24,6878.11,6890.02,6873.74,6889.16,0.410898381
2017/11/27,6889.91,6897.43,6867.89,6878.52,0.422075335
2017/11/28,6893.72,6914.19,6866.21,6912.36,0.438227944
2017/11/29,6907.28,6908.33,6793.95,6824.39,0.406423503
2017/11/30,6852.8,6888.65,6838.48,6873.97,0.396595394
2017/12/1,6844.04,6872.17,6737.16,6847.59,0.399183994
2017/12/4,6897.14,6899.23,6770.69,6775.37,0.412400662
2017/12/5,6759.14,6836.45,6752.32,6762.21,0.403694921
2017/12/6,6742.07,6787.42,6734.13,6776.38,0.415961029
2017/12/7,6785.74,6829.29,6778.2,6812.84,0.414825888
2017/12/8,6859.94,6870.48,6831.61,6840.08,0.424196014
2017/12/11,6847.64,6879.8,6844.88,6875.08,0.413821955
2017/12/12,6872.72,6884.81,6856.3,6862.32,0.434668444
2017/12/13,6880.41,6897.62,6871.87,6875.8,0.42067535
2017/12/14,6887.39,6901.13,6851.63,6856.53,0.418603351
2017/12/15,6871.55,6945.82,6871.45,6936.58,0.411845399
2017/12/18,6980.4,7003.89,6975.55,6994.76,0.421567303
2017/12/19,6991.25,6995.88,6951.49,6963.85,0.404027841
2017/12/20,6991.26,6991.26,6935.42,6960.96,0.407652021
2017/12/21,6972.88,6992.63,6961.2,6965.36,0.397472236
2017/12/22,6958.02,6962.26,6944.44,6959.96,0.411360873
2017/12/26,6928.92,6942.14,6915.56,6936.25,0.405432579
2017/12/27,6941.45,6955.38,6931.34,6939.34,0.41534096
