date,log_returns,hurst,hurstm
2011/1/18,0.003821672,0.643077372,0.759341676
2011/1/19,-0.014747472,0.635753946,0.736901305
2011/1/20,-0.007761129,0.633337964,0.735087367
2011/1/21,-0.005469226,0.627653205,0.729952126
2011/1/24,0.010360564,0.624444255,0.720342698
2011/1/25,0.000625368,0.61399809,0.714324103
2011/1/26,0.007419315,0.602817293,0.742866625
2011/1/27,0.005743649,0.601224128,0.729136329
2011/1/28,-0.02513468,0.575460428,0.713326732
2011/1/31,0.004897011,0.572349098,0.706071793
2011/2/1,0.018752143,0.5778343,0.702269955
2011/2/2,-0.000592646,0.587334623,0.693896226
2011/2/3,0.001569927,0.589950543,0.703046206
2011/2/4,0.005583754,0.576461828,0.68691496
2011/2/7,0.00529057,0.58199101,0.695512549
2011/2/8,0.00468014,0.58270986,0.696335643
2011/2/9,-0.002857083,0.557035634,0.659538618
2011/2/10,0.000494666,0.557430239,0.698927566
2011/2/11,0.006782302,0.555878823,0.675757873
2011/2/14,0.002751209,0.555707771,0.68143187
2011/2/15,-0.004564602,0.558563314,0.682087375
2011/2/16,0.007534792,0.549830601,0.662838316
2011/2/17,0.002128285,0.556495433,0.664831868
2011/2/18,0.000836638,0.541861004,0.652056784
2011/2/22,-0.027738762,0.530091833,0.657270503
2011/2/23,-0.012202195,0.526483222,0.659709096
2011/2/24,0.005460662,0.528284381,0.660772732
2011/2/25,0.015637351,0.526428758,0.652501888
2011/2/28,0.000438587,0.536627985,0.672485455
2011/3/1,-0.016254923,0.522228864,0.663346765
2011/3/2,0.003886629,0.522167249,0.661649016
2011/3/3,0.018270469,0.52618873,0.614208726
2011/3/4,-0.005039941,0.525906057,0.660269732
2011/3/7,-0.014118818,0.52771623,0.671195421
2011/3/8,0.00730852,0.525753411,0.662890423
2011/3/9,-0.005092907,0.531746344,0.676237354
2011/3/10,-0.018596691,0.538344378,0.665515754
2011/3/11,0.005387126,0.536011844,0.66961855
2011/3/14,-0.005405638,0.537027378,0.667989307
2011/3/15,-0.012532996,0.527970821,0.656237702
2011/3/16,-0.019118132,0.517825703,0.639926502
2011/3/17,0.007321744,0.5222,0.647804208
2011/3/18,0.002886519,0.520258204,0.645304803
2011/3/21,0.01814974,0.533192295,0.681091462
2011/3/22,-0.003058061,0.528634721,0.677406784
2011/3/23,0.005362162,0.531585625,0.682449034
2011/3/24,0.014028552,0.534693535,0.675715594
2011/3/25,0.002423589,0.53999632,0.680246687
2011/3/28,-0.004523423,0.549127376,0.680072778
2011/3/29,0.00955257,0.537292912,0.658654163
2011/3/30,0.007192351,0.529257542,0.650098149
2011/3/31,0.001540161,0.529530693,0.65060135
2011/4/1,0.003062471,0.525682204,0.654889203
2011/4/4,-0.000146985,0.525140313,0.664048098
2011/4/5,0.000716797,0.523903069,0.666652104
2011/4/6,0.003087101,0.523599051,0.67946645
2011/4/7,-0.001315235,0.523124187,0.688234674
2011/4/8,-0.005641496,0.517857643,0.682276441
2011/4/11,-0.003206101,0.515815683,0.683017524
2011/4/12,-0.009687729,0.521334119,0.696266826
2011/4/13,0.006076683,0.53014417,0.683059157
2011/4/14,-0.000470866,0.528551665,0.685887565
2011/4/15,0.001603658,0.528655537,0.68155373
2011/4/18,-0.010643679,0.536899317,0.716817703
2011/4/19,0.00349978,0.540671923,0.738540213
2011/4/20,0.020745298,0.543188495,0.728211509
2011/4/21,0.006278177,0.551422877,0.76021435
2011/4/25,0.0020262,0.560221094,0.693468484
2011/4/26,0.007635643,0.548479339,0.750775278
2011/4/27,0.007814753,0.551200149,0.757607055
2011/4/28,0.000922957,0.548525206,0.755239347
2011/4/29,0.000351545,0.550291457,0.774553107
2011/5/2,-0.003297538,0.603268511,0.878063545
2011/5/3,-0.00787287,0.608087706,0.91222716
2011/5/4,-0.004723238,0.642294799,0.786911854
2011/5/5,-0.004788285,0.653487585,0.849326624
2011/5/6,0.004551359,0.701256061,0.944801024
2011/5/9,0.005533615,0.61605532,0.670381892
2011/5/10,0.010022586,0.612483433,0.642979578
2011/5/11,-0.009386193,0.641966847,0.663069535
2011/5/12,0.00629984,0.694131367,0.692908985
2011/5/13,-0.012148068,0.598641593,0.611202018
2011/5/16,-0.016454411,0.586823296,0.543972882
2011/5/17,0.00032342,0.636272696,0.582151289
2011/5/18,0.011357324,0.652049645,0.657953967
2011/5/19,0.002947694,0.646697132,0.690356554
2011/5/20,-0.007105526,0.64259642,0.673163824
2011/5/23,-0.01597238,0.629412692,0.636191754
2011/5/24,-0.004628477,0.621921463,0.649065741
2011/5/25,0.005526983,0.649940112,0.693751649
2011/5/26,0.007770181,0.651464691,0.699686777
2011/5/27,0.004996623,0.640760681,0.702982682
2011/5/31,0.013650392,0.63953553,0.700717641
2011/6/1,-0.023592893,0.632653481,0.677462573
2011/6/2,0.001486694,0.659091706,0.724975128
2011/6/3,-0.014722147,0.672349605,0.732355803
2011/6/6,-0.011119934,0.686013304,0.763735749
2011/6/7,-0.000370088,0.742855092,0.862746659
2011/6/8,-0.009737958,0.775171035,0.848324676
2011/6/9,0.003540883,0.660080929,0.740056588
2011/6/10,-0.015441511,0.587856294,0.6708667
2011/6/13,-0.001529313,0.579899126,0.657501451
2011/6/14,0.014677582,0.598882511,0.68803819
2011/6/15,-0.017800243,0.541910549,0.671215179
2011/6/16,-0.00295329,0.506996776,0.634137358
2011/6/17,-0.002755632,0.505125488,0.637370941
2011/6/20,0.005024657,0.495591389,0.609751761
2011/6/21,0.021667527,0.506349342,0.649261558
2011/6/22,-0.006747032,0.492928183,0.62535384
2011/6/23,0.006557229,0.485557833,0.624012671
2011/6/24,-0.012682673,0.470512211,0.594658061
2011/6/27,0.013251972,0.458505595,0.45256612
2011/6/28,0.015147246,0.447125787,0.543825996
2011/6/29,0.004087907,0.506505177,0.628482217
2011/6/30,0.011980535,0.493863475,0.585649706
2011/7/1,0.01521082,0.516202662,0.684662547
2011/7/5,0.003452802,0.523584464,0.651188363
2011/7/6,0.002915305,0.552734795,0.592415057
2011/7/7,0.013542231,0.554663645,0.679470419
2011/7/8,-0.004483241,0.539713605,0.64872598
2011/7/11,-0.020200495,0.519145073,0.600414827
2011/7/12,-0.007416952,0.490603345,0.683414476
2011/7/13,0.00538107,0.508456698,0.724950555
2011/7/14,-0.012321208,0.509852746,0.723787374
2011/7/15,0.009772305,0.515568781,0.733475895
2011/7/18,-0.008889491,0.506598434,0.730790976
2011/7/19,0.021965856,0.456698394,0.686871866
2011/7/20,-0.004357583,0.466527445,0.698992668
2011/7/21,0.007152169,0.489467169,0.59531663
2011/7/22,0.008571591,0.469983892,0.6401644
2011/7/25,-0.005622968,0.476738703,0.654172287
2011/7/26,-0.000999514,0.431170819,0.641912825
2011/7/27,-0.026825285,0.421871779,0.607141132
2011/7/28,0.00052793,0.415331409,0.60025644
2011/7/29,-0.003574388,0.409359796,0.566430015
2011/8/1,-0.004279236,0.41687911,0.46737602
2011/8/2,-0.027845201,0.412855239,0.475209378
2011/8/3,0.008888019,0.430140007,0.497948695
2011/8/4,-0.0520857,0.444413096,0.41972299
2011/8/5,-0.009424689,0.464444268,0.514910604
2011/8/8,-0.071489092,0.424918611,0.403283696
2011/8/9,0.051591847,0.394552769,0.388010127
2011/8/10,-0.041732606,0.395456302,0.38044482
2011/8/11,0.04581687,0.361456292,0.376587945
2011/8/12,0.006119211,0.356185902,0.353885853
2011/8/15,0.01865285,0.335839937,0.344483798
2011/8/16,-0.012503486,0.333585984,0.348199613
2011/8/17,-0.004754792,0.33493445,0.349293753
2011/8/18,-0.053591077,0.300618209,0.278527475
2011/8/19,-0.016344198,0.30609308,0.226936971
2011/8/22,0.001510491,0.315103863,0.268906565
2011/8/23,0.042031131,0.357403079,0.367573355
2011/8/24,0.008803924,0.371452306,0.393687729
2011/8/25,-0.019667854,0.362837773,0.403920123
2011/8/26,0.024583439,0.362162794,0.37191313
2011/8/29,0.032633063,0.355662784,0.287638447
2011/8/30,0.005449371,0.343187955,0.275180549
2011/8/31,0.001299566,0.337424852,0.244608046
2011/9/1,-0.013040864,0.347876368,0.348084759
2011/9/2,-0.026147595,0.343507335,0.382192178
2011/9/6,-0.002624059,0.339963153,0.373384137
2011/9/7,0.029910029,0.400170849,0.396743653
2011/9/8,-0.007798262,0.386405971,0.433183336
2011/9/9,-0.02447527,0.356859651,0.408808952
2011/9/12,0.010920747,0.353204255,0.414935349
2011/9/13,0.014743944,0.36695834,0.353641792
2011/9/14,0.015828881,0.358154301,0.32307326
2011/9/15,0.01332936,0.35818027,0.357446123
2011/9/16,0.005828623,0.350836658,0.287873137
2011/9/19,-0.003621684,0.34433325,0.285172316
2011/9/20,-0.00868339,0.354572451,0.383336034
2011/9/21,-0.020299307,0.37349273,0.339478256
2011/9/22,-0.033051592,0.371534976,0.400890976
2011/9/23,0.011160496,0.376326735,0.344833239
2011/9/26,0.013384414,0.385848146,0.411875006
2011/9/27,0.011904903,0.407235773,0.384973033
2011/9/28,-0.021932401,0.369622942,0.390525284
2011/9/29,-0.004352083,0.360730024,0.384569582
2011/9/30,-0.02670006,0.351780313,0.348681916
2011/10/3,-0.033497617,0.396455392,0.378200443
2011/10/4,0.029107768,0.377470577,0.384210076
2011/10/5,0.022893589,0.381926707,0.318086065
2011/10/6,0.018646372,0.398206934,0.331440771
2011/10/7,-0.011018589,0.399009016,0.345416487
2011/10/10,0.034371323,0.402564491,0.381435524
2011/10/11,0.006595377,0.410231629,0.359333147
2011/10/12,0.008365895,0.408536855,0.364454389
2011/10/13,0.005936894,0.404915485,0.360792218
2011/10/14,0.018006988,0.38108322,0.407266311
2011/10/17,-0.0200394,0.385745026,0.361270164
2011/10/18,0.016125986,0.375014716,0.37689497
2011/10/19,-0.020295405,0.365853016,0.409182321
2011/10/20,-0.00208355,0.369982533,0.385644728
2011/10/21,0.014835798,0.3872414,0.36915066
2011/10/24,0.023228011,0.409115083,0.409648068
2011/10/25,-0.022864091,0.377770466,0.371956782
2011/10/26,0.004632185,0.377516672,0.334174387
2011/10/27,0.032645357,0.376579193,0.353504724
2011/10/28,-0.000540562,0.372856794,0.351158161
2011/10/31,-0.019456269,0.384601843,0.375977917
2011/11/1,-0.029276173,0.40993013,0.48315991
2011/11/2,0.01258655,0.394376918,0.452720603
2011/11/3,0.021728297,0.389799661,0.393334132
2011/11/4,-0.004390697,0.386232515,0.450318127
2011/11/7,0.003382023,0.393688841,0.4249972
2011/11/8,0.011890808,0.394499391,0.435469704
2011/11/9,-0.039577882,0.373849625,0.444852181
2011/11/10,0.001334147,0.377398387,0.448901582
2011/11/11,0.020212231,0.368202991,0.46700322
2011/11/14,-0.008069804,0.372176975,0.468641545
2011/11/15,0.010847092,0.374776947,0.500043968
2011/11/16,-0.017496377,0.380848824,0.483012768
2011/11/17,-0.019749666,0.363420872,0.452327349
2011/11/18,-0.006003324,0.365769191,0.450716113
2011/11/21,-0.019374031,0.35304173,0.430025464
2011/11/22,-0.000737449,0.35766985,0.434716585
2011/11/23,-0.024572839,0.357616477,0.43132992
2011/11/25,-0.007577169,0.355972204,0.424665339
2011/11/28,0.034550666,0.361325564,0.453329057
2011/11/29,-0.0046918,0.359164621,0.454200372
2011/11/30,0.040828514,0.330667996,0.430251791
2011/12/1,0.002233854,0.345312946,0.439628973
2011/12/2,0.00027793,0.313391137,0.391192082
2011/12/5,0.010915002,0.305557274,0.413708012
2011/12/6,-0.002337278,0.303190151,0.388895139
2011/12/7,-0.000132106,0.308503274,0.376665275
2011/12/8,-0.020143315,0.311764167,0.376009417
2011/12/9,0.019252087,0.316304363,0.381920318
2011/12/12,-0.013154507,0.322863609,0.371860398
2011/12/13,-0.012709334,0.329143256,0.414411908
2011/12/14,-0.015614023,0.331046808,0.413325115
2011/12/15,0.000669249,0.332985851,0.415006178
2011/12/16,0.005619734,0.329482138,0.416429643
2011/12/19,-0.012677216,0.317827041,0.382018249
2011/12/20,0.031440875,0.339996764,0.366055716
2011/12/21,-0.009942765,0.345938419,0.371502521
2011/12/22,0.008297617,0.359155386,0.367571693
2011/12/23,0.007355215,0.355373163,0.334365004
2011/12/27,0.002501985,0.352567902,0.338360351
2011/12/28,-0.01350693,0.380115605,0.376208941
2011/12/29,0.009131992,0.346084938,0.382317269
2011/12/30,-0.003291891,0.358617529,0.323722978
2012/1/3,0.016586249,0.327827379,0.285671177
2012/1/4,-0.000135924,0.327380868,0.281042492
2012/1/5,0.008085456,0.319302642,0.279724774
2012/1/6,0.001631712,0.322925167,0.285249334
2012/1/9,0.000874639,0.320024565,0.284135864
2012/1/10,0.009644883,0.324925297,0.258155121
2012/1/11,0.003051768,0.323578249,0.25633956
2012/1/12,0.005129292,0.323953008,0.253564505
2012/1/13,-0.005162494,0.322092238,0.252904506
2012/1/17,0.006402228,0.319148146,0.256228019
2012/1/18,0.015144557,0.308719197,0.248247692
2012/1/19,0.006700229,0.306098026,0.249557978
2012/1/20,-0.00058475,0.311062187,0.249940738
2012/1/23,-0.000908296,0.310605381,0.250340996
2012/1/24,0.000886765,0.309562535,0.250718681
2012/1/25,0.011300846,0.295726088,0.245668309
2012/1/26,-0.004634059,0.294041511,0.236421997
2012/1/27,0.004009376,0.291949559,0.236226329
2012/1/30,-0.001638095,0.289515297,0.228643893
2012/1/31,0.000675462,0.290343359,0.229760236
2012/2/1,0.012161694,0.298612935,0.236949773
2012/2/2,0.003997938,0.30465354,0.245159125
2012/2/3,0.015950829,0.300388675,0.236790595
2012/2/6,-0.00126385,0.300936426,0.230394945
2012/2/7,0.000719936,0.307291459,0.240424126
2012/2/8,0.004048157,0.310812223,0.249784075
2012/2/9,0.003891781,0.303311753,0.245438674
2012/2/10,-0.00800881,0.299950922,0.242142555
2012/2/13,0.009428939,0.290917804,0.238166755
2012/2/14,0.000150088,0.29495738,0.237097561
2012/2/15,-0.005472288,0.293472576,0.235111658
2012/2/16,0.014984078,0.297141662,0.236393466
2012/2/17,-0.002730213,0.300917366,0.225157656
2012/2/21,-0.001088071,0.300648419,0.225916259
2012/2/22,-0.005236558,0.302243392,0.228935459
2012/2/23,0.008084728,0.301503408,0.229382337
2012/2/24,0.002286881,0.304699919,0.23024976
2012/2/27,0.000812829,0.305142595,0.230349427
2012/2/28,0.006921001,0.299876245,0.224625868
2012/2/29,-0.006674922,0.302690092,0.231711802
2012/3/1,0.00741458,0.301383663,0.233334885
2012/3/2,-0.004284887,0.302577776,0.235528103
2012/3/5,-0.00867609,0.298912924,0.215097215
2012/3/6,-0.013704828,0.308040676,0.23593972
2012/3/7,0.008679479,0.307392979,0.236192251
2012/3/8,0.011760838,0.313274234,0.249940565
2012/3/9,0.006014692,0.312470452,0.250780842
2012/3/12,-0.001567314,0.310281218,0.236425031
2012/3/13,0.018667306,0.309396034,0.255282919
2012/3/14,0.000279577,0.308673199,0.236447616
2012/3/15,0.005130319,0.317050049,0.240166448
2012/3/16,-0.000363242,0.311302477,0.234034316
2012/3/19,0.007519298,0.309722782,0.242696477
2012/3/20,-0.001355553,0.298253165,0.234413146
2012/3/21,0.000380521,0.306558771,0.239481053
2012/3/22,-0.003909666,0.327612116,0.253502169
2012/3/23,0.001500512,0.324715773,0.236395177
2012/3/26,0.017656573,0.332341589,0.228569249
2012/3/27,-0.000711206,0.328132802,0.225467069
2012/3/28,-0.004944342,0.328801726,0.231703549
2012/3/29,-0.003096617,0.327888369,0.2372347
2012/3/30,-0.001225164,0.321952408,0.225806975
2012/4/2,0.009057791,0.322497344,0.23069424
2012/4/3,-0.001966866,0.320898302,0.230607414
2012/4/4,-0.01471476,0.323607403,0.244474854
2012/4/5,0.004036703,0.320399339,0.241239976
2012/4/9,-0.010908166,0.310867573,0.221462872
2012/4/10,-0.018502424,0.309370835,0.216026139
2012/4/11,0.008402627,0.303321989,0.208773584
2012/4/12,0.012875651,0.305934615,0.209406442
2012/4/13,-0.014577768,0.307421373,0.211819425
2012/4/16,-0.007643715,0.308290146,0.213213717
2012/4/17,0.01804659,0.301041998,0.206231284
2012/4/18,-0.003743664,0.303539817,0.208244354
2012/4/19,-0.007911934,0.302931988,0.216746163
2012/4/20,-0.002366841,0.298758991,0.215298747
2012/4/23,-0.010048821,0.292664127,0.224639042
2012/4/24,-0.002983794,0.289295264,0.220401372
2012/4/25,0.022710837,0.288060775,0.214910243
2012/4/26,0.006901071,0.297641631,0.211618942
2012/4/27,0.006075371,0.292591066,0.210614033
2012/4/30,-0.007469506,0.290010072,0.206239665
2012/5/1,0.001338407,0.285996216,0.215750591
2012/5/2,0.003080053,0.283397149,0.213391618
2012/5/3,-0.011686235,0.290149477,0.221527598
2012/5/4,-0.022727643,0.309620555,0.242728147
2012/5/7,0.000480208,0.295850162,0.255680753
2012/5/8,-0.003892262,0.294990129,0.253924965
2012/5/9,-0.003931323,0.292422632,0.251312346
2012/5/10,-0.000364668,0.292630915,0.250438109
2012/5/11,6.14E-05,0.283451034,0.24691137
2012/5/14,-0.010705331,0.28447583,0.249634716
2012/5/15,-0.003043302,0.286369707,0.256532405
2012/5/16,-0.006837989,0.280969596,0.251877205
2012/5/17,-0.021221916,0.285075656,0.251829254
2012/5/18,-0.012481208,0.287521596,0.264095504
2012/5/21,0.024323986,0.283855927,0.261879283
2012/5/22,-0.002859511,0.283400521,0.262641254
2012/5/23,0.003881043,0.277455772,0.261840733
2012/5/24,-0.00377538,0.276493636,0.261955579
2012/5/25,-0.000651763,0.274204256,0.258278244
2012/5/29,0.011722963,0.282819888,0.268892253
2012/5/30,-0.011782876,0.28642651,0.272445177
2012/5/31,-0.003537702,0.287006147,0.255579002
2012/6/1,-0.028652212,0.291961205,0.263884313
2012/6/4,0.004550175,0.301434073,0.271645666
2012/6/5,0.006536537,0.306428482,0.27510857
2012/6/6,0.023693804,0.317578939,0.305007564
2012/6/7,-0.004827574,0.319265673,0.309889991
2012/6/8,0.009631954,0.333259788,0.330418329
2012/6/11,-0.017180631,0.324436037,0.335639547
2012/6/12,0.011796061,0.319857408,0.329157443
2012/6/13,-0.008640599,0.328382089,0.341140747
2012/6/14,0.006267107,0.329039447,0.352449413
2012/6/15,0.012776201,0.315760594,0.312722493
2012/6/18,0.00781193,0.32364116,0.335207076
2012/6/19,0.011821414,0.320728602,0.325709971
2012/6/20,0.000235486,0.338467276,0.318950216
2012/6/21,-0.024652602,0.322970452,0.31865272
2012/6/22,0.01159013,0.364709627,0.352608746
2012/6/25,-0.019642497,0.340506852,0.323760259
2012/6/26,0.006291517,0.352101294,0.338431263
2012/6/27,0.00742143,0.336715662,0.331116884
2012/6/28,-0.009023942,0.32738801,0.306826339
2012/6/29,0.029584458,0.295124337,0.27792644
2012/7/2,0.005497544,0.313941581,0.290334506
2012/7/3,0.008384966,0.342724782,0.333413775
2012/7/5,1.34E-05,0.350300585,0.34972083
2012/7/6,-0.013119433,0.349081482,0.38296162
2012/7/9,-0.001894669,0.328255692,0.396001405
2012/7/10,-0.010092474,0.325347196,0.412162119
2012/7/11,-0.004956567,0.321452252,0.409010501
2012/7/12,-0.007573674,0.330211824,0.394486951
2012/7/13,0.014643548,0.327812741,0.412141251
2012/7/16,-0.003972162,0.317829668,0.415593438
2012/7/17,0.004511819,0.324653457,0.434301724
2012/7/18,0.011126717,0.334022793,0.445269602
2012/7/19,0.007886983,0.347898023,0.470079336
2012/7/20,-0.013783488,0.35399063,0.485276772
2012/7/23,-0.012088636,0.380075087,0.516588298
2012/7/24,-0.009441871,0.37457621,0.530626466
2012/7/25,-0.003060925,0.371480944,0.52477133
2012/7/26,0.01357483,0.384353868,0.532423061
2012/7/27,0.022163352,0.419316843,0.55970873
2012/7/30,-0.004149784,0.411829889,0.550939271
2012/7/31,-0.002147703,0.400458884,0.54454192
2012/8/1,-0.006590771,0.434343549,0.557394549
2012/8/2,-0.003581491,0.434899024,0.55205353
2012/8/3,0.019780592,0.434304223,0.558601754
2012/8/6,0.007388655,0.427054266,0.561414183
2012/8/7,0.008641743,0.433394279,0.518455805
2012/8/8,-0.001529755,0.434812874,0.520442978
2012/8/9,0.002451124,0.409381494,0.415520399
2012/8/10,0.00073516,0.39963587,0.402169975
2012/8/13,0.000549361,0.449646308,0.402331042
2012/8/14,-0.001834589,0.525848121,0.528754793
2012/8/15,0.004613172,0.559416331,0.559566554
2012/8/16,0.010326154,0.513706294,0.525134868
2012/8/17,0.004626184,0.505799337,0.502533633
2012/8/20,-0.000123521,0.507920968,0.494079752
2012/8/21,-0.002913665,0.52289816,0.501331802
2012/8/22,0.002087632,0.517258596,0.504433833
2012/8/23,-0.006616564,0.436947228,0.460622727
2012/8/24,0.005353432,0.456376,0.478765084
2012/8/27,0.001106955,0.458871392,0.464150627
2012/8/28,0.001284484,0.521528618,0.541588067
2012/8/29,0.001315292,0.524015527,0.53723919
2012/8/30,-0.010597336,0.528717732,0.544957614
2012/8/31,0.005968293,0.544841464,0.53836066
2012/9/4,0.00263757,0.543317242,0.537441363
2012/9/5,-0.001884665,0.543528829,0.535053855
2012/9/6,0.021447766,0.545590256,0.538701171
2012/9/7,0.000194508,0.558324514,0.573424921
2012/9/10,-0.010383976,0.630012264,0.684158995
2012/9/11,0.00016429,0.632288711,0.67917883
2012/9/12,0.003145284,0.650851262,0.687634172
2012/9/13,0.013243917,0.631813131,0.67800225
2012/9/14,0.008871028,0.625342513,0.712260331
2012/9/17,-0.001659694,0.620288595,0.693542534
2012/9/18,-0.000273737,0.612277086,0.681086244
2012/9/19,0.001515623,0.596263574,0.655564382
2012/9/20,-0.002094808,0.601591263,0.65953279
2012/9/21,0.001258669,0.583375178,0.647011126
2012/9/24,-0.006049786,0.582923653,0.687538426
2012/9/25,-0.01371366,0.590445244,0.703300762
2012/9/26,-0.007737387,0.528584864,0.631001619
2012/9/27,0.013771625,0.581304498,0.645370453
2012/9/28,-0.006515473,0.570519073,0.62542179
2012/10/1,-0.000866807,0.55757668,0.595960724
2012/10/2,0.002088692,0.582263978,0.650552624
2012/10/3,0.004856714,0.573580928,0.584602047
2012/10/4,0.004528473,0.582198268,0.600942822
2012/10/5,-0.004222322,0.564662153,0.584071137
2012/10/8,-0.00763062,0.565952685,0.562942895
2012/10/9,-0.015323973,0.527403101,0.549210438
2012/10/10,-0.004329068,0.551422877,0.54265547
2012/10/11,-0.000776898,0.583814839,0.557009263
2012/10/12,-0.001739553,0.573123558,0.56520015
2012/10/15,0.006571421,0.584600433,0.592628531
2012/10/16,0.011999463,0.577086477,0.596978955
2012/10/17,0.000950802,0.581393871,0.600735138
2012/10/18,-0.010118283,0.587644118,0.590171425
2012/10/19,-0.022128109,0.618229387,0.667610793
2012/10/22,0.003765832,0.613315118,0.714038346
2012/10/23,-0.00882248,0.641485091,0.717038792
2012/10/24,-0.002933614,0.648230514,0.751648424
2012/10/25,0.001481278,0.651167798,0.752500128
2012/10/26,0.000612648,0.598413,0.692475019
2012/10/31,-0.003594195,0.630906378,0.722012884
2012/11/1,0.014283361,0.572935762,0.616709428
2012/11/2,-0.012638888,0.574821649,0.607741064
2012/11/5,0.005861139,0.614596053,0.607503052
2012/11/6,0.00408212,0.604137082,0.59635436
2012/11/7,-0.025093682,0.612597755,0.543608745
2012/11/8,-0.014301951,0.646250797,0.567939026
2012/11/9,0.003203202,0.633138426,0.562454841
2012/11/12,-0.000213457,0.619972781,0.55975094
2012/11/13,-0.007035104,0.612699317,0.547245501
2012/11/14,-0.012941008,0.610146645,0.556624538
2012/11/15,-0.003473063,0.649545685,0.608393794
2012/11/16,0.005690631,0.633301459,0.607350776
2012/11/19,0.021820182,0.637983357,0.624357294
2012/11/20,0.000209164,0.625166073,0.602769485
2012/11/21,0.003378272,0.651452165,0.642288949
2012/11/23,0.013676529,0.666955522,0.627522932
2012/11/26,0.003341395,0.640471162,0.617778074
2012/11/27,-0.003024611,0.674398377,0.623707532
2012/11/28,0.00805096,0.65330333,0.591231681
2012/11/29,0.006745742,0.682545164,0.678909666
2012/11/30,-0.00059446,0.705976542,0.697299982
2012/12/3,-0.002674457,0.655342642,0.622529891
2012/12/4,-0.001837007,0.637377989,0.614103033
2012/12/5,-0.007701378,0.734736146,0.752279614
2012/12/6,0.005222242,0.738946343,0.756040809
2012/12/7,-0.003763844,0.725139654,0.746937864
2012/12/10,0.002990782,0.750737246,0.76016323
2012/12/11,0.011761983,0.755041448,0.762120674
2012/12/12,-0.002813072,0.741850552,0.738971395
2012/12/13,-0.007209524,0.7493374,0.755858306
2012/12/14,-0.006985871,0.754809441,0.774232894
2012/12/17,0.01312973,0.796822564,0.85518327
2012/12/18,0.01448634,0.775470946,0.822730854
2012/12/19,-0.003335036,0.777513945,0.857244311
2012/12/20,0.001978753,0.780359597,0.833409529
2012/12/21,-0.009678239,0.757649916,0.817767276
2012/12/24,-0.002787719,0.694958998,0.73369586
2012/12/26,-0.007476596,0.68930268,0.729007134
2012/12/27,-0.00142234,0.72145127,0.744414337
2012/12/28,-0.008610565,0.712077349,0.727739335
2012/12/31,0.019800574,0.702417261,0.723279047
2013/1/2,0.030254584,0.723052751,0.727936229
2013/1/3,-0.003763185,0.716887378,0.724237254
2013/1/4,0.000351486,0.716369158,0.7216785
2013/1/7,-0.000919285,0.702437025,0.720855147
2013/1/8,-0.002261487,0.699607081,0.709553221
2013/1/9,0.004517871,0.693449026,0.704547809
2013/1/10,0.005122394,0.685426232,0.68534302
2013/1/11,0.001242117,0.686661735,0.686983868
2013/1/14,-0.002607664,0.691214401,0.694589219
2013/1/15,-0.0021579,0.690881979,0.682075325
2013/1/16,0.002170731,0.693318548,0.683606312
2013/1/17,0.005903873,0.701534212,0.700225975
2013/1/18,-0.000411437,0.698186829,0.701274536
2013/1/22,0.00269836,0.701539559,0.717482898
2013/1/23,0.003331828,0.697801622,0.712256259
2013/1/24,-0.007412451,0.700277027,0.711743603
2013/1/25,0.006155982,0.704614248,0.716348564
2013/1/28,0.001456216,0.703688919,0.713194725
2013/1/29,-0.000202918,0.705776463,0.713311907
2013/1/30,-0.003605485,0.712988945,0.735943715
2013/1/31,-5.73E-05,0.710923734,0.735038248
2013/2/1,0.011697224,0.697853458,0.717153916
2013/2/4,-0.015191401,0.696150658,0.691230151
2013/2/5,0.01282315,0.690382914,0.696202032
2013/2/6,-0.000977909,0.693453242,0.698218952
2013/2/7,-0.001057849,0.689837859,0.69253868
2013/2/8,0.009039219,0.681869777,0.674188814
2013/2/11,-0.000585668,0.682767002,0.684227883
2013/2/12,-0.001727682,0.694386597,0.706528357
2013/2/13,0.003255337,0.694221958,0.708613431
2013/2/14,0.000556638,0.694099726,0.708360878
2013/2/15,-0.002074894,0.698827453,0.714613274
2013/2/19,0.006731614,0.695173194,0.698290919
2013/2/20,-0.015422068,0.687042854,0.678622199
2013/2/21,-0.010457695,0.679483545,0.66929215
2013/2/22,0.009638882,0.679894709,0.662932633
2013/2/25,-0.014517455,0.671840618,0.659135953
2013/2/26,0.004290821,0.683517424,0.67474451
2013/2/27,0.010365785,0.666245364,0.656314285
2013/2/28,-0.000654809,0.662340718,0.654319398
2013/3/1,0.003017413,0.65054463,0.643894581
2013/3/4,0.003869792,0.645792043,0.636833738
2013/3/5,0.013143789,0.646029544,0.635907345
2013/3/6,-0.000546033,0.647064222,0.63603429
2013/3/7,0.003011873,0.636433766,0.625413862
2013/3/8,0.0037922,0.631257095,0.621857385
2013/3/11,0.002616497,0.633370401,0.622561002
2013/3/12,-0.003248561,0.636993713,0.624923834
2013/3/13,0.000863206,0.631781856,0.613938483
2013/3/14,0.004246591,0.638223096,0.617611739
2013/3/15,-0.003030119,0.646870621,0.610921521
2013/3/18,-0.003539576,0.668498408,0.650541265
2013/3/19,-0.002625765,0.662614376,0.636013303
2013/3/20,0.007739936,0.664345634,0.645120684
2013/3/21,-0.00975491,0.679377772,0.656569134
2013/3/22,0.006926863,0.682112776,0.659500627
2013/3/25,-0.002993691,0.680031623,0.656462784
2013/3/26,0.005296123,0.684130232,0.681871839
2013/3/27,0.001241358,0.677147704,0.676918047
2013/3/28,0.003372147,0.680111583,0.676139662
2013/4/1,-0.008714163,0.67443234,0.668607303
2013/4/2,0.00483214,0.670454785,0.64764099
2013/4/3,-0.011202782,0.666443263,0.678823521
2013/4/4,0.001980266,0.699523892,0.726085124
2013/4/5,-0.006570416,0.697495051,0.726934426
2013/4/8,0.00572354,0.700585255,0.727341159
2013/4/9,0.004832744,0.702994977,0.730526952
2013/4/10,0.01817617,0.696387122,0.734970081
2013/4/11,0.000882164,0.684629489,0.696130715
2013/4/12,-0.001579959,0.679530449,0.698045386
2013/4/15,-0.02410029,0.69958187,0.749986344
2013/4/16,0.01485573,0.687731266,0.701537334
2013/4/17,-0.018537312,0.641020658,0.698641127
2013/4/18,-0.012026458,0.65064824,0.747928263
2013/4/19,0.012460106,0.654870025,0.737232335
2013/4/22,0.008537836,0.659403322,0.729293482
2013/4/23,0.011004466,0.673408875,0.767538877
2013/4/24,9.79E-05,0.695007276,0.782198556
2013/4/25,0.00620158,0.685877036,0.771672581
2013/4/26,-0.003266738,0.693343865,0.764917495
2013/4/29,0.008429695,0.674535405,0.75769954
2013/4/30,0.006561393,0.661834785,0.710242275
2013/5/1,-0.008950077,0.647030873,0.71744308
2013/5/2,0.012497621,0.645308585,0.680242624
2013/5/3,0.011313883,0.664067626,0.683581851
2013/5/6,0.004235342,0.658811128,0.671127996
2013/5/7,0.00107812,0.653022188,0.634189367
2013/5/8,0.004887012,0.660922345,0.643221196
2013/5/9,-0.001201916,0.658174752,0.643205109
2013/5/10,0.008007931,0.654147603,0.666910916
2013/5/13,0.000642875,0.61789893,0.651444742
2013/5/14,0.006902975,0.607654394,0.679111146
2013/5/15,0.002598704,0.607620458,0.679176465
2013/5/16,-0.001839449,0.607347917,0.676613125
2013/5/17,0.009686745,0.617124486,0.67855476
2013/5/20,-0.000726192,0.618444421,0.680951999
2013/5/21,0.001626051,0.621086206,0.680735271
2013/5/22,-0.011146608,0.646500218,0.693086549
2013/5/23,-0.001120947,0.648062484,0.704420364
2013/5/24,-8.09E-05,0.617264241,0.660051596
2013/5/28,0.008563631,0.601181995,0.579766787
2013/5/29,-0.006143993,0.581317126,0.568434381
2013/5/30,0.006834519,0.543950919,0.531785795
2013/5/31,-0.010188351,0.533111722,0.507400468
2013/6/3,0.0027336,0.527455688,0.499404674
2013/6/4,-0.005820036,0.528553249,0.533985327
2013/6/5,-0.012788742,0.540029286,0.536481429
2013/6/6,0.00661343,0.558441199,0.578722869
2013/6/7,0.013105724,0.578081049,0.550851109
2013/6/10,0.001310675,0.575669322,0.55099476
2013/6/11,-0.010656009,0.617981673,0.606969051
2013/6/12,-0.010682556,0.618496006,0.594027097
2013/6/13,0.013126504,0.599233427,0.598902371
2013/6/14,-0.006347453,0.595123768,0.60113695
2013/6/17,0.008310486,0.590947805,0.614190824
2013/6/18,0.008667103,0.614234863,0.646952302
2013/6/19,-0.011257263,0.602104071,0.61476227
2013/6/20,-0.023080298,0.6411692,0.617724544
2013/6/21,-0.002198787,0.634882674,0.60242295
2013/6/24,-0.010928514,0.613649574,0.591617143
2013/6/25,0.008136624,0.596825099,0.59881422
2013/6/26,0.008426444,0.591458489,0.590318009
2013/6/27,0.0075656,0.602781189,0.581309414
2013/6/28,0.000408517,0.631770969,0.606563431
2013/7/1,0.009137586,0.572899712,0.601304034
2013/7/2,-0.000317419,0.593317979,0.616683291
2013/7/3,0.002986739,0.588859702,0.670996821
2013/7/5,0.010316354,0.606563401,0.687964932
2013/7/8,0.001565146,0.592898286,0.650059649
2013/7/9,0.005560109,0.60415983,0.644145812
2013/7/10,0.004697504,0.560128969,0.6277725
2013/7/11,0.016210952,0.561725037,0.634611925
2013/7/12,0.00606824,0.553463596,0.642109894
2013/7/15,0.002056172,0.559525589,0.636570459
2013/7/16,-0.002495148,0.562682978,0.623207655
2013/7/17,0.00319068,0.565491149,0.615277927
2013/7/18,0.000354508,0.557203538,0.589977127
2013/7/19,-0.006576038,0.554542004,0.591975268
2013/7/22,0.00355593,0.536134721,0.583978558
2013/7/23,-0.005883304,0.571323726,0.606363586
2013/7/24,9.22E-05,0.57672788,0.608802404
2013/7/25,0.007123412,0.576907744,0.607921589
2013/7/26,0.002208262,0.572584498,0.625793964
2013/7/29,-0.003887808,0.558588794,0.607245151
2013/7/30,0.004803484,0.528444837,0.585545965
2013/7/31,0.002733736,0.498418269,0.557193031
2013/8/1,0.013522325,0.488565399,0.537298122
2013/8/2,0.003760868,0.497549425,0.558879223
2013/8/5,0.000910256,0.483459645,0.55849706
2013/8/6,-0.007387188,0.493999643,0.574625385
2013/8/7,-0.003213214,0.518380645,0.580606405
2013/8/8,0.004126657,0.513900083,0.556110653
2013/8/9,-0.00245865,0.522911353,0.5822889
2013/8/12,0.002684836,0.520977194,0.566303523
2013/8/13,0.003940509,0.50539108,0.539265584
2013/8/14,-0.004125814,0.491305451,0.533376682
2013/8/15,-0.01736033,0.502419175,0.54809775
2013/8/16,-0.000926632,0.503690095,0.549330475
2013/8/19,-0.003807081,0.500790248,0.547777779
2013/8/20,0.00680305,0.502831157,0.558301798
2013/8/21,-0.003826228,0.499456107,0.557576135
2013/8/22,0.010753713,0.527944771,0.595917683
2013/8/23,0.005229917,0.512276371,0.588644987
2013/8/26,-6.01E-05,0.490845363,0.547543338
2013/8/27,-0.021849685,0.52343517,0.585082713
2013/8/28,0.004135608,0.523414012,0.606432559
2013/8/29,0.00747198,0.518438064,0.593434054
2013/8/30,-0.008440905,0.516876885,0.582389892
2013/9/3,0.006314513,0.512890666,0.576773492
2013/9/4,0.010033616,0.502742752,0.542976932
2013/9/5,0.002665639,0.510728752,0.547701337
2013/9/6,0.000336121,0.514633079,0.54977253
2013/9/9,0.012535817,0.517352221,0.542669181
2013/9/10,0.006143768,0.535612173,0.529368726
2013/9/11,-0.001075928,0.519953331,0.515453602
2013/9/12,-0.002429789,0.508594165,0.50178218
2013/9/13,0.00166977,0.510571604,0.501220108
2013/9/16,-0.001163974,0.598796586,0.621207513
2013/9/17,0.007462971,0.591882877,0.627377555
2013/9/18,0.010077994,0.543389865,0.567929054
2013/9/19,0.001515908,0.542939242,0.565886529
2013/9/20,-0.00387356,0.524555452,0.536684252
2013/9/23,-0.002503973,0.55671207,0.612778792
2013/9/24,0.000785819,0.555652212,0.592975022
2013/9/25,-0.001899235,0.559802708,0.602025482
2013/9/26,0.006976221,0.558575747,0.605744642
2013/9/27,-0.001543133,0.555927616,0.595998123
2013/9/30,-0.002677059,0.564164875,0.616842466
2013/10/1,0.01225399,0.567366243,0.631828602
2013/10/2,-0.00077558,0.536251829,0.595993701
2013/10/3,-0.010720374,0.549525394,0.59549449
2013/10/4,0.008812931,0.540450305,0.590829871
2013/10/7,-0.009862671,0.578683141,0.637310001
2013/10/8,-0.020241247,0.571920664,0.666722869
2013/10/9,-0.004625236,0.596713039,0.692088471
2013/10/10,0.022309096,0.556866628,0.647727838
2013/10/11,0.008240896,0.573391356,0.63300952
2013/10/14,0.006154755,0.5925712,0.657461084
2013/10/15,-0.005590549,0.556802463,0.606778391
2013/10/16,0.011900411,0.538375356,0.63619679
2013/10/17,0.006158995,0.511684186,0.571358132
2013/10/18,0.013148492,0.482735005,0.557456692
2013/10/21,0.001473004,0.491880767,0.569314552
2013/10/22,0.002425596,0.49898257,0.58277
2013/10/23,-0.005742273,0.488282251,0.586913702
2013/10/24,0.005587027,0.509661519,0.549900033
2013/10/25,0.003658392,0.508211541,0.550071093
2013/10/28,-0.000819434,0.500933693,0.539173415
2013/10/29,0.003094091,0.494613887,0.494622336
2013/10/30,-0.005510634,0.505827798,0.513011119
2013/10/31,-0.002779503,0.52947184,0.547103512
2013/11/1,0.000594255,0.534952911,0.55564602
2013/11/4,0.00370294,0.536370463,0.559774463
2013/11/5,0.000830323,0.533364287,0.559765338
2013/11/6,-0.002009704,0.539021315,0.565138676
2013/11/7,-0.019160252,0.472878088,0.550682452
2013/11/8,0.015919972,0.495098762,0.497870403
2013/11/11,0.000142875,0.51648385,0.54119252
2013/11/12,3.32E-05,0.521671554,0.536798477
2013/11/13,0.011578357,0.601640205,0.605109915
2013/11/14,0.00180643,0.654462028,0.698366575
2013/11/15,0.003324662,0.650007146,0.709785123
2013/11/18,-0.009300587,0.660479976,0.741559376
2013/11/19,-0.004446358,0.66648773,0.76782796
2013/11/20,-0.002618169,0.675017611,0.791148682
2013/11/21,0.012138904,0.722275642,0.866771038
2013/11/22,0.005650194,0.741637839,0.878899806
2013/11/25,0.00073126,0.763479106,0.954747009
2013/11/26,0.005786106,0.761013077,0.955391421
2013/11/27,0.006697699,0.736592494,0.944570726
2013/11/29,0.003736136,0.741470805,0.949585099
2013/12/2,-0.003610054,0.758935977,0.974945554
2013/12/3,-0.001994443,0.757415332,0.966409522
2013/12/4,0.000198138,0.771300155,0.956332402
2013/12/5,-0.001199332,0.764521027,0.967297049
2013/12/6,0.007253283,0.761883278,0.931921799
2013/12/9,0.001532356,0.718597621,0.905085017
2013/12/10,-0.002032171,0.724377613,0.909367373
2013/12/11,-0.014057248,0.701200933,0.868544227
2013/12/12,-0.001352127,0.704299533,0.870551584
2013/12/13,0.000642551,0.727900155,0.885061763
2013/12/16,0.00711043,0.732174311,0.889488282
2013/12/17,-0.001450355,0.778305198,0.948951786
2013/12/18,0.011460835,0.770973376,0.94356166
2013/12/19,-0.002933001,0.772972117,0.985044978
2013/12/20,0.011417663,0.733892198,0.916591392
2013/12/23,0.010700835,0.724689635,0.895932697
2013/12/24,0.001570267,0.717258804,0.854035116
2013/12/26,0.002826042,0.731537644,0.887900796
2013/12/27,-0.002544521,0.729877323,0.872855068
2013/12/30,-0.000575156,0.776436071,0.967826686
2013/12/31,0.005375253,0.744907046,0.911086139
2014/1/2,-0.008058065,0.717610575,0.810172378
2014/1/3,-0.002697289,0.712132166,0.808778841
2014/1/6,-0.004421765,0.668234937,0.729226625
2014/1/7,0.009556301,0.615553082,0.732079623
2014/1/8,0.002988418,0.626613578,0.698416026
2014/1/9,-0.002263934,0.635631478,0.704909503
2014/1/10,0.004434129,0.630457413,0.694033096
2014/1/13,-0.014807292,0.67045294,0.774452499
2014/1/14,0.016807848,0.683572786,0.761475756
2014/1/15,0.007587648,0.683346543,0.768151827
2014/1/16,0.000903532,0.675340582,0.747272116
2014/1/17,-0.005016485,0.677981313,0.762071069
2014/1/21,0.006690958,0.67000575,0.764661033
2014/1/22,0.00407144,0.681846661,0.779227386
2014/1/23,-0.005700876,0.692295732,0.783257781
2014/1/24,-0.02173548,0.711482022,0.772888598
2014/1/27,-0.010852808,0.700566994,0.743828037
2014/1/28,0.003507888,0.698764786,0.740334526
2014/1/29,-0.011419384,0.683834525,0.754650526
2014/1/30,0.017540253,0.629075531,0.664140261
2014/1/31,-0.004677291,0.611853379,0.643874845
2014/2/3,-0.026398796,0.635704673,0.829163913
2014/2/4,0.008609404,0.574415221,0.775149619
2014/2/5,-0.004965776,0.566729526,0.77052617
2014/2/6,0.011295662,0.5614747,0.758495205
2014/2/7,0.016801121,0.587042607,0.827367687
2014/2/10,0.00539279,0.588285305,0.845767041
2014/2/11,0.010284026,0.539682716,0.744353585
2014/2/12,0.002440322,0.54229168,0.741635617
2014/2/13,0.009329655,0.554055068,0.762212559
2014/2/14,0.000789658,0.564869481,0.766083838
2014/2/18,0.006753736,0.588889894,0.799444407
2014/2/19,-0.008185008,0.599721318,0.806176555
2014/2/20,0.00696023,0.586786086,0.791012605
2014/2/21,-0.000970583,0.575585708,0.789291475
2014/2/24,0.006909492,0.587015135,0.81136162
2014/2/25,-0.001253998,0.60160453,0.784948818
2014/2/26,0.001042001,0.617877378,0.841164014
2014/2/27,0.006240882,0.623270509,0.847775461
2014/2/28,-0.002506072,0.629918775,0.898138788
2014/3/3,-0.007179645,0.63020212,0.878695166
2014/3/4,0.017306647,0.616253879,0.854913359
2014/3/5,0.001377736,0.61187444,0.871697412
2014/3/6,-0.00134327,0.618244364,0.886831086
2014/3/7,-0.003660082,0.619381675,0.895377811
2014/3/10,-0.000408273,0.617585033,0.887985194
2014/3/11,-0.006309009,0.603229841,0.868865469
2014/3/12,0.003740219,0.594627338,0.876907539
2014/3/13,-0.014658192,0.586872593,0.876733121
2014/3/14,-0.003531703,0.595634598,0.878869541
2014/3/17,0.008105283,0.601983839,0.876835121
2014/3/18,0.012390357,0.587370033,0.899472568
2014/3/19,-0.00595078,0.594046537,0.92000637
2014/3/20,0.002710132,0.584663942,0.91585531
2014/3/21,-0.009888309,0.610999504,0.858379154
2014/3/24,-0.011854527,0.647055955,0.88784128
2014/3/25,0.001862739,0.659755196,0.908000096
2014/3/26,-0.014436759,0.618755815,0.864581795
2014/3/27,-0.005369505,0.579002509,0.840131635
2014/3/28,0.001090648,0.630297992,0.894718225
2014/3/31,0.010348696,0.656477665,0.922735109
2014/4/1,0.016310685,0.639276344,0.91662958
2014/4/2,0.001970859,0.636263287,0.939902815
2014/4/3,-0.009095456,0.654115015,0.934555249
2014/4/4,-0.026302489,0.779508837,1.085273213
2014/4/7,-0.011691907,0.787748392,1.099626743
2014/4/8,0.008114546,0.743821755,0.963001792
2014/4/9,0.017093568,0.778897009,0.978893896
2014/4/10,-0.031512645,0.616524619,0.793735284
2014/4/11,-0.013504323,0.613923704,0.762273869
2014/4/14,0.005723974,0.600272013,0.761600831
2014/4/15,0.002847269,0.604774012,0.794644792
2014/4/16,0.012822236,0.573924542,0.764243613
2014/4/17,0.002273356,0.580466077,0.771752429
2014/4/21,0.006335613,0.573664232,0.731172217
2014/4/22,0.009636668,0.564195468,0.71293095
2014/4/23,-0.008322493,0.537589926,0.686233477
2014/4/24,0.005164773,0.552399902,0.705265279
2014/4/25,-0.017700094,0.534074603,0.667242146
2014/4/28,-0.000284664,0.541405701,0.674951311
2014/4/29,0.007126519,0.52411176,0.65661023
2014/4/30,0.002681887,0.52881285,0.655496123
2014/5/1,0.00312788,0.53503971,0.65967774
2014/5/2,-0.000860465,0.541159384,0.661915307
2014/5/5,0.003427761,0.536306829,0.646791241
2014/5/6,-0.013943833,0.560338113,0.699297305
2014/5/7,-0.003212892,0.571572401,0.705168912
2014/5/8,-0.003983171,0.560696291,0.730183697
2014/5/9,0.00501517,0.577321442,0.758844426
2014/5/12,0.017525367,0.592178531,0.834684219
2014/5/13,-0.003311573,0.592996476,0.791475735
2014/5/14,-0.007175527,0.587252463,0.809258167
2014/5/15,-0.007672083,0.595367259,0.801934523
2014/5/16,0.005220677,0.593872612,0.834028046
2014/5/19,0.00857315,0.61025256,0.840700392
2014/5/20,-0.007034215,0.602349088,0.833630165
2014/5/21,0.00842207,0.603708521,0.86102805
2014/5/22,0.005503352,0.610877063,0.87608602
2014/5/23,0.007546663,0.593025698,0.864380018
2014/5/27,0.012171759,0.596354243,0.799863578
2014/5/28,-0.002836164,0.606585009,0.806846601
2014/5/29,0.005400685,0.601288039,0.773418485
2014/5/30,-0.001255511,0.585044669,0.769311956
2014/6/2,-0.001278329,0.598579609,0.796649457
2014/6/3,-0.000736607,0.59675077,0.790758456
2014/6/4,0.004138724,0.578184383,0.773632594
2014/6/5,0.010433103,0.58139377,0.771942539
2014/6/6,0.00584153,0.585406558,0.722291883
2014/6/9,0.003428189,0.582614055,0.704725469
2014/6/10,0.000405799,0.602882696,0.741826516
2014/6/11,-0.001400242,0.627253094,0.723664171
2014/6/12,-0.007949462,0.614795547,0.70289302
2014/6/13,0.003024997,0.611059009,0.703720396
2014/6/16,0.002421295,0.609317977,0.712371139
2014/6/17,0.003725896,0.605888519,0.73334021
2014/6/18,0.005887326,0.610373747,0.68731601
2014/6/19,-0.000804846,0.609625976,0.742770215
2014/6/20,0.00199602,0.629112194,0.76603856
2014/6/23,0.000146508,0.622761905,0.690367509
2014/6/24,-0.004204602,0.629969522,0.68983384
2014/6/25,0.006737627,0.629437643,0.716968582
2014/6/26,-0.000162122,0.587511539,0.591633552
2014/6/27,0.00430217,0.571362653,0.577690982
2014/6/30,0.00232793,0.529616213,0.458401074
2014/7/1,0.011384124,0.531157172,0.507657529
2014/7/2,-0.000206362,0.528389317,0.520532315
2014/7/3,0.006306164,0.534263015,0.560569792
2014/7/7,-0.007697975,0.553151925,0.525072046
2014/7/8,-0.013586111,0.585117985,0.545695172
2014/7/9,0.006258469,0.594315436,0.566621208
2014/7/10,-0.005179684,0.58005848,0.53647652
2014/7/11,0.004378282,0.593184567,0.57001284
2014/7/14,0.005630153,0.599045731,0.589523574
2014/7/15,-0.005426346,0.58849228,0.572710787
2014/7/16,0.002166843,0.58558045,0.572042276
2014/7/17,-0.014226435,0.607357652,0.600189108
2014/7/18,0.015621765,0.597315579,0.592432516
2014/7/21,-0.001682314,0.608371705,0.617279583
2014/7/22,0.007053511,0.609066857,0.634378317
2014/7/23,0.003959816,0.615321463,0.639097352
2014/7/24,-0.000355474,0.615815696,0.638947852
2014/7/25,-0.005055118,0.614804526,0.624760763
2014/7/28,-0.001045594,0.610705566,0.618586505
2014/7/29,-0.000497322,0.625352351,0.638582485
2014/7/30,0.004536479,0.624742772,0.642462982
2014/7/31,-0.021088403,0.630743904,0.630779153
2014/8/1,-0.003927819,0.627678782,0.622537269
2014/8/4,0.007153901,0.640770943,0.641033233
2014/8/5,-0.007107952,0.638344949,0.618844094
2014/8/6,0.000507586,0.633426515,0.615548477
2014/8/7,-0.004621402,0.64041995,0.636209025
2014/8/8,0.008254248,0.638987208,0.632141936
2014/8/11,0.00693783,0.621263057,0.622606382
2014/8/12,-0.002748398,0.603404244,0.606651331
2014/8/13,0.010170805,0.611424377,0.615612335
2014/8/14,0.004248852,0.603978152,0.605922073
2014/8/15,0.00267551,0.60450122,0.62309941
2014/8/18,0.009668824,0.598239489,0.613661234
2014/8/19,0.004249759,0.602039196,0.621397083
2014/8/20,-0.000227524,0.604652183,0.602004671
2014/8/21,0.001240813,0.624414296,0.632849627
2014/8/22,0.00142217,0.621045233,0.621377053
2014/8/25,0.004133736,0.613123896,0.623895679
2014/8/26,0.002911925,0.620253141,0.630520375
2014/8/27,-0.000223188,0.61740644,0.632691044
2014/8/28,-0.002614134,0.609022412,0.612473834
2014/8/29,0.004942032,0.599140298,0.593859306
2014/9/2,0.003904799,0.60332715,0.598990339
2014/9/3,-0.005589525,0.645161694,0.636146221
2014/9/4,-0.002248533,0.63757237,0.632131073
2014/9/5,0.004507295,0.637143708,0.624606986
2014/9/8,0.002044647,0.660443086,0.655817079
2014/9/9,-0.008748426,0.636627244,0.624585552
2014/9/10,0.00749336,0.651005325,0.639405616
2014/9/11,0.001152715,0.650201157,0.634047575
2014/9/12,-0.005286379,0.652265843,0.635756977
2014/9/15,-0.010719301,0.662006601,0.654720376
2014/9/16,0.007465041,0.649489195,0.644378864
2014/9/17,0.002069129,0.647843796,0.640590306
2014/9/18,0.00682425,0.648131648,0.656235901
2014/9/19,-0.002973876,0.646220645,0.665664704
2014/9/22,-0.01144127,0.672719179,0.679988244
2014/9/23,-0.00420523,0.666090694,0.668371892
2014/9/24,0.010267182,0.644991014,0.652479712
2014/9/25,-0.019612753,0.636231099,0.660877089
2014/9/26,0.010121548,0.620225962,0.647234823
2014/9/29,-0.001406071,0.626420892,0.654141292
2014/9/30,-0.002769124,0.619001091,0.644798542
2014/10/1,-0.015994993,0.600481344,0.61283797
2014/10/2,0.001830038,0.607537044,0.603763397
2014/10/3,0.010202417,0.603134527,0.594640835
2014/10/6,-0.004662723,0.594852822,0.581342129
2014/10/7,-0.015746932,0.59986751,0.599434585
2014/10/8,0.018837688,0.60805514,0.590259239
2014/10/9,-0.020403266,0.633810588,0.621862334
2014/10/10,-0.023595538,0.612332506,0.613606184
2014/10/13,-0.01474249,0.615922809,0.612371432
2014/10/14,0.00320111,0.622787783,0.59524849
2014/10/15,-0.002807231,0.618872676,0.601311682
2014/10/16,0.000490945,0.603910535,0.570138823
2014/10/17,0.009686443,0.599286677,0.556240062
2014/10/20,0.01344237,0.584147931,0.528489383
2014/10/21,0.023676776,0.554435679,0.501493583
2014/10/22,-0.008322844,0.550304572,0.49767021
2014/10/23,0.015831668,0.543453422,0.535192983
2014/10/24,0.006922193,0.530885557,0.562766404
2014/10/27,0.000492773,0.531138386,0.56215249
2014/10/28,0.017317139,0.559159041,0.581134556
2014/10/29,-0.003304983,0.539471667,0.569654465
2014/10/30,0.003710221,0.541183793,0.561521135
2014/10/31,0.014048473,0.535536803,0.542162994
2014/11/3,0.001762742,0.531803857,0.540373604
2014/11/4,-0.003297151,0.540381337,0.536296672
2014/11/5,-0.000631737,0.538708533,0.530730728
2014/11/6,0.003834033,0.540411289,0.535964058
2014/11/7,-0.001281415,0.524207465,0.524631623
2014/11/10,0.004112391,0.519942032,0.532105897
2014/11/11,0.001920067,0.518079308,0.530513379
2014/11/12,0.003123496,0.519022433,0.544528228
2014/11/13,0.001068915,0.52091775,0.510473334
2014/11/14,0.001793209,0.541973278,0.54253023
2014/11/17,-0.003748052,0.541507345,0.538222744
2014/11/18,0.006708341,0.547644026,0.544985682
2014/11/19,-0.0057005,0.536350859,0.580697173
2014/11/20,0.005579279,0.537681644,0.534266278
2014/11/21,0.002357981,0.535513667,0.542787092
2014/11/24,0.00885528,0.528925313,0.530844741
2014/11/25,0.000706391,0.529907803,0.533766131
2014/11/26,0.006090802,0.520064366,0.513901083
2014/11/28,0.00089989,0.511134562,0.525503614
2014/12/1,-0.013505854,0.524968444,0.515940069
2014/12/2,0.006002237,0.523773463,0.511842659
2014/12/3,0.003915945,0.512189082,0.50865971
2014/12/4,-0.001054075,0.506218583,0.532267911
2014/12/5,0.002370632,0.527575485,0.536264627
2014/12/8,-0.008416835,0.455968317,0.533900639
2014/12/9,0.005423294,0.447638866,0.502005464
2014/12/10,-0.017449273,0.442864679,0.513207908
2014/12/11,0.005140458,0.435652076,0.509064067
2014/12/12,-0.01165606,0.422018402,0.480144763
2014/12/15,-0.0104637,0.408577251,0.428485482
2014/12/16,-0.012527218,0.43119483,0.461112554
2014/12/17,0.020992618,0.503812951,0.555969835
2014/12/18,0.022164905,0.477342167,0.480303815
2014/12/19,0.003569563,0.517506756,0.514339316
2014/12/22,0.003360291,0.565833032,0.546577087
2014/12/23,-0.003351898,0.577262561,0.552239325
2014/12/24,0.001687828,0.582443966,0.558023643
2014/12/26,0.006970561,0.585877,0.593595118
2014/12/29,1.04E-05,0.563289447,0.546314342
2014/12/30,-0.006149628,0.525616321,0.541999818
2014/12/31,-0.008701383,0.49276234,0.482370519
2015/1/2,-0.001952899,0.494157462,0.487428888
2015/1/5,-0.015830801,0.500830256,0.497067418
2015/1/6,-0.012942959,0.511592821,0.509187653
2015/1/7,0.012491494,0.480759061,0.477552846
2015/1/8,0.018264725,0.461545956,0.46926634
2015/1/9,-0.006804924,0.457058483,0.444294171
2015/1/12,-0.008402424,0.447993276,0.433536875
2015/1/13,-0.000688383,0.423971001,0.41420413
2015/1/14,-0.004769481,0.427619914,0.424916724
2015/1/15,-0.014875184,0.407770793,0.387402134
2015/1/16,0.013809805,0.402598282,0.420884835
2015/1/20,0.004407262,0.380147698,0.395511073
2015/1/21,0.00269677,0.36762083,0.378253546
2015/1/22,0.017622369,0.390459836,0.455898115
2015/1/23,0.001573366,0.400569323,0.478923997
2015/1/26,0.002913019,0.405655694,0.479463785
2015/1/27,-0.019096638,0.430750933,0.491587803
2015/1/28,-0.009337489,0.445737345,0.521632007
2015/1/29,0.009745394,0.418052838,0.457454306
2015/1/30,-0.010338499,0.387636701,0.451318238
2015/2/2,0.008902617,0.382354194,0.450264633
2015/2/3,0.010856692,0.377048262,0.433411097
2015/2/4,-0.002337885,0.415986676,0.466668609
2015/2/5,0.010209121,0.461955618,0.528588455
2015/2/6,-0.004353548,0.453609756,0.549654805
2015/2/9,-0.00388368,0.420148411,0.456544474
2015/2/10,0.012958391,0.421125921,0.476585686
2015/2/11,0.002822035,0.427065801,0.479926613
2015/2/12,0.011684826,0.432932203,0.541725669
2015/2/13,0.007430724,0.455978836,0.514241802
2015/2/17,0.001108943,0.45667317,0.522616546
2015/2/18,0.001446108,0.453295897,0.526871641
2015/2/19,0.003731036,0.446134716,0.540569232
2015/2/20,0.006329551,0.445143444,0.520135622
2015/2/23,0.001008376,0.447512697,0.519962736
2015/2/24,0.001440213,0.44784012,0.509048783
2015/2/25,-0.000197277,0.44892106,0.483872993
2015/2/26,0.004168753,0.447376352,0.480362298
2015/2/27,-0.004895793,0.450144303,0.496833461
2015/3/2,0.00893942,0.441552828,0.489417607
2015/3/3,-0.005646791,0.446831702,0.479034535
2015/3/4,-0.002565589,0.444228346,0.468852664
2015/3/5,0.003149767,0.452721505,0.499994849
2015/3/6,-0.011188612,0.478994917,0.518179465
2015/3/9,0.003053759,0.498166936,0.524518394
2015/3/10,-0.016861852,0.494098492,0.515372992
2015/3/11,-0.002030951,0.503051689,0.511741182
2015/3/12,0.008898545,0.500703829,0.50539817
2015/3/13,-0.004409611,0.497765355,0.508904612
2015/3/16,0.011784324,0.503801317,0.529948876
2015/3/17,0.001607387,0.503878674,0.502705791
2015/3/18,0.009151024,0.504288696,0.535073046
2015/3/19,0.001914747,0.465836366,0.50780416
2015/3/20,0.006795251,0.446684671,0.484338345
2015/3/23,-0.003078492,0.451910673,0.526735688
2015/3/24,-0.003246153,0.42445736,0.501562325
2015/3/25,-0.023951506,0.472956007,0.539156347
2015/3/26,-0.002702294,0.482707197,0.549023574
2015/3/27,0.005712204,0.482041041,0.531664292
2015/3/30,0.01142851,0.460981335,0.483902232
2015/3/31,-0.00945549,0.428736637,0.464261919
2015/4/1,-0.004222431,0.423716126,0.482790039
2015/4/2,0.001373991,0.416883331,0.470086459
2015/4/6,0.006197326,0.405038626,0.433290771
2015/4/7,-0.001442883,0.394159174,0.323992302
2015/4/8,0.008232436,0.372104263,0.383680334
2015/4/9,0.004783705,0.384000616,0.383817595
2015/4/10,0.004296665,0.377265623,0.460022847
2015/4/13,-0.001548442,0.379025205,0.521099837
2015/4/14,-0.002199581,0.410114879,0.595725805
2015/4/15,0.006753921,0.366098659,0.533288695
2015/4/16,-0.000644787,0.465423385,0.713738576
2015/4/17,-0.015288639,0.400165704,0.677586366
2015/4/20,0.012651268,0.373900915,0.600243826
2015/4/21,0.003896615,0.374215158,0.626685368
2015/4/22,0.004193346,0.362956449,0.598915058
2015/4/23,0.004140235,0.376618711,0.602724572
2015/4/24,0.007100831,0.388511679,0.610378776
2015/4/27,-0.006272466,0.387768608,0.611141621
2015/4/28,-0.000954954,0.398300357,0.646702261
2015/4/29,-0.006306165,0.399652822,0.628550668
2015/4/30,-0.016502031,0.463897574,0.689552585
2015/5/1,0.012862593,0.457388225,0.70439449
2015/5/4,0.002302861,0.459522878,0.688368967
2015/5/5,-0.015588498,0.427070413,0.547565812
2015/5/6,-0.003994337,0.426088311,0.482927802
2015/5/7,0.005250803,0.428572052,0.519384327
2015/5/8,0.0116615,0.440768493,0.551517803
2015/5/11,-0.001996576,0.433883598,0.557091365
2015/5/12,-0.003486547,0.439953355,0.537592808
2015/5/13,0.001104653,0.417190766,0.508832771
2015/5/14,0.013777456,0.436358473,0.489252063
2015/5/15,-0.000497074,0.439121807,0.494994716
2015/5/18,0.005954556,0.464109759,0.582407542
2015/5/19,-0.001657393,0.45949827,0.577326737
2015/5/20,0.000337219,0.44844003,0.559148911
2015/5/21,0.003749071,0.452639037,0.600168377
2015/5/22,-0.000280939,0.45902959,0.623234351
2015/5/26,-0.011185532,0.477060711,0.646456655
2015/5/27,0.014565308,0.449258321,0.565458462
2015/5/28,-0.00168748,0.440527951,0.573073121
2015/5/29,-0.00549962,0.427872162,0.55301783
2015/6/1,0.002543105,0.444450693,0.575195876
2015/6/2,-0.00126188,0.435554723,0.51437608
2015/6/3,0.00446356,0.425941935,0.501449758
2015/6/4,-0.007896993,0.412024958,0.499013248
2015/6/5,0.001844469,0.428975382,0.502807077
2015/6/8,-0.009282442,0.443866416,0.514873011
2015/6/9,-0.001548505,0.441365415,0.497716931
2015/6/10,0.012453397,0.427925081,0.540055149
2015/6/11,0.00114576,0.427645022,0.463780977
2015/6/12,-0.006199193,0.429393061,0.46788587
2015/6/15,-0.004192021,0.421619923,0.465359802
2015/6/16,0.00507263,0.421144197,0.469266225
2015/6/17,0.001843796,0.422272652,0.46988735
2015/6/18,0.013350097,0.448755259,0.480745031
2015/6/19,-0.003112213,0.43321537,0.471305562
2015/6/22,0.007198962,0.473200101,0.509283183
2015/6/23,0.001188668,0.475228616,0.512585984
2015/6/24,-0.007330928,0.472755554,0.518289566
2015/6/25,-0.001997148,0.476055668,0.514848069
2015/6/26,-0.006216234,0.559908023,0.593266156
2015/6/29,-0.024314425,0.569597683,0.601126575
2015/6/30,0.005711233,0.554102283,0.588500406
2015/7/1,0.005250017,0.518362299,0.561480025
2015/7/2,-0.000780258,0.529840424,0.570187127
2015/7/6,-0.003453606,0.484273315,0.518451825
2015/7/7,0.001105172,0.476348718,0.575176859
2015/7/8,-0.017704723,0.469334032,0.53196065
2015/7/9,0.002571156,0.469794191,0.535704138
2015/7/10,0.01518159,0.462618183,0.526633489
2015/7/13,0.014660797,0.468071612,0.545803885
2015/7/14,0.0065603,0.500233571,0.564818052
2015/7/15,-0.001166229,0.488260311,0.546606423
2015/7/16,0.012519994,0.494703243,0.584874516
2015/7/17,0.009054058,0.494260265,0.571621478
2015/7/20,0.00167226,0.507614533,0.592793481
2015/7/21,-0.002060041,0.500800468,0.58106332
2015/7/22,-0.007003956,0.500913367,0.559823032
2015/7/23,-0.004915605,0.52536649,0.591018403
2015/7/24,-0.011290745,0.538521621,0.606401893
2015/7/27,-0.009646209,0.573863661,0.647078827
2015/7/28,0.009760182,0.530600738,0.598981814
2015/7/29,0.004415287,0.525543923,0.592397313
2015/7/30,0.003329915,0.53157403,0.609998026
2015/7/31,-9.75E-05,0.545969249,0.626929744
2015/8/3,-0.002518632,0.54972305,0.613888702
2015/8/4,-0.001923505,0.537629479,0.612767143
2015/8/5,0.006713223,0.546343306,0.630101418
2015/8/6,-0.016378728,0.537702127,0.655551995
2015/8/7,-0.002554462,0.520178899,0.646998607
2015/8/10,0.011485202,0.510957937,0.604698776
2015/8/11,-0.012824444,0.501020476,0.602015638
2015/8/12,0.00150776,0.500890658,0.604571709
2015/8/13,-0.002149247,0.51886724,0.609177542
2015/8/14,0.0029102,0.524972573,0.618059894
2015/8/17,0.008574076,0.524170743,0.628282116
2015/8/18,-0.006373746,0.508473676,0.594033794
2015/8/19,-0.007997344,0.499835648,0.589766353
2015/8/20,-0.028609929,0.504919131,0.587618273
2015/8/21,-0.035783953,0.552687753,0.64599574
2015/8/24,-0.038953008,0.69228525,0.793259222
2015/8/25,-0.004375202,0.719109562,0.831143642
2015/8/26,0.041520387,0.622568807,0.689442345
2015/8/27,0.024221368,0.675006177,0.717757654
2015/8/28,0.003238246,0.688225326,0.739029612
2015/8/31,-0.010788427,0.646752179,0.681797804
2015/9/1,-0.029836659,0.715651617,0.688766917
2015/9/2,0.024266912,0.628672338,0.657037695
2015/9/3,-0.003475521,0.633188466,0.669911919
2015/9/4,-0.01052952,0.624597481,0.663755844
2015/9/8,0.026962885,0.638869059,0.684547889
2015/9/9,-0.01157984,0.630360661,0.688036974
2015/9/10,0.008315952,0.648846437,0.727948675
2015/9/11,0.005424925,0.654451549,0.71964035
2015/9/14,-0.003444089,0.650221078,0.713511458
2015/9/15,0.01133023,0.63596,0.707191599
2015/9/16,0.005891444,0.64430871,0.698272492
2015/9/17,0.000962876,0.648080745,0.700453777
2015/9/18,-0.013726944,0.677901654,0.71962218
2015/9/21,0.000356249,0.680918901,0.740572153
2015/9/22,-0.015070698,0.708353579,0.746071763
2015/9/23,-0.000837061,0.699717922,0.727822664
2015/9/24,-0.003849394,0.68965708,0.730848198
2015/9/25,-0.010185865,0.653550989,0.68062558
2015/9/28,-0.030884956,0.639872879,0.741906766
2015/9/29,-0.005882182,0.63906485,0.731774181
2015/9/30,0.022510439,0.606596754,0.662002171
2015/10/1,0.001496663,0.603499272,0.652544632
2015/10/2,0.017288336,0.606764594,0.687197693
2015/10/5,0.015489775,0.604723038,0.696462666
2015/10/6,-0.006904815,0.605727822,0.694057524
2015/10/7,0.008971171,0.595328431,0.66875582
2015/10/8,0.004090846,0.599697323,0.668254652
2015/10/9,0.00408246,0.61226643,0.70258463
2015/10/12,0.001689918,0.617932995,0.690544008
2015/10/13,-0.008724271,0.609551621,0.690211041
2015/10/14,-0.002872815,0.643041747,0.718513308
2015/10/15,0.018077868,0.628189696,0.677519338
2015/10/16,0.003400712,0.632818103,0.695844472
2015/10/19,0.003835726,0.650439891,0.71051714
2015/10/20,-0.005006938,0.648146222,0.701633413
2015/10/21,-0.008404457,0.657246093,0.712830602
2015/10/22,0.016379179,0.652464226,0.713712665
2015/10/23,0.022471004,0.607700584,0.689137763
2015/10/26,0.000564244,0.616237343,0.687930853
2015/10/27,-0.000904137,0.610211587,0.678195477
2015/10/28,0.01294528,0.605638498,0.688236843
2015/10/29,-0.004212412,0.614074244,0.69967357
2015/10/30,-0.00405213,0.621086783,0.709345865
2015/11/2,0.014419407,0.611367768,0.669507962
2015/11/3,0.003500687,0.608065315,0.66524276
2015/11/4,-0.000515183,0.614927579,0.666865107
2015/11/5,-0.002870437,0.616698468,0.682114862
2015/11/6,0.003772319,0.618146541,0.680123758
2015/11/9,-0.010118789,0.622728403,0.69192895
2015/11/10,-0.002369693,0.62487941,0.692963516
2015/11/11,-0.00319598,0.618769217,0.695845474
2015/11/12,-0.012299477,0.619913176,0.673484367
2015/11/13,-0.015544521,0.618652813,0.685539604
2015/11/16,0.011448297,0.607691333,0.698634099
2015/11/17,0.000280825,0.604192451,0.696975889
2015/11/18,0.017727937,0.623324103,0.700598951
2015/11/19,-0.000307424,0.62239473,0.688994476
2015/11/20,0.006146272,0.626142386,0.709645298
2015/11/23,-0.000478085,0.624334353,0.70525093
2015/11/24,6.47E-05,0.624465874,0.705315753
2015/11/25,0.00260888,0.624359952,0.695722757
2015/11/27,0.002221863,0.615948704,0.700646277
2015/11/30,-0.003683015,0.645465366,0.728651484
2015/12/1,0.009282111,0.634137996,0.721677
2015/12/2,-0.00643806,0.627141343,0.736429648
2015/12/3,-0.016867265,0.608306979,0.728231056
2015/12/4,0.020578734,0.603500384,0.721761062
2015/12/7,-0.007899237,0.592984869,0.731945121
2015/12/8,-0.000699997,0.584049195,0.722277859
2015/12/9,-0.01489589,0.610121186,0.739876778
2015/12/10,0.004431857,0.60673616,0.740564293
2015/12/11,-0.022388756,0.621082376,0.756507428
2015/12/14,0.003795386,0.616363132,0.746616846
2015/12/15,0.008671501,0.607533766,0.734001627
2015/12/16,0.015054191,0.610441808,0.72154343
2015/12/17,-0.01361589,0.593571274,0.694121902
2015/12/18,-0.016013432,0.589193314,0.68315694
2015/12/21,0.009268162,0.598331603,0.70375633
2015/12/22,0.006457375,0.618236996,0.73135232
2015/12/23,0.00892209,0.629026361,0.717829448
2015/12/24,0.000507211,0.615659771,0.726532139
2015/12/28,-0.001488681,0.585385116,0.688308681
2015/12/29,0.013195684,0.615074338,0.744325869
2015/12/30,-0.00827425,0.618825676,0.745421617
2015/12/31,-0.011603127,0.602218485,0.7038329
2016/1/4,-0.021053197,0.609000636,0.73567987
2016/1/5,-0.002380924,0.620751818,0.748004164
2016/1/6,-0.011444323,0.623113915,0.711717781
2016/1/7,-0.030729332,0.614979293,0.688710712
2016/1/8,-0.009814652,0.603583441,0.672921485
2016/1/11,-0.001215305,0.598145159,0.677080992
2016/1/12,0.010281185,0.620950759,0.698524831
2016/1/13,-0.034710464,0.581874265,0.696210867
2016/1/14,0.019460064,0.578937992,0.68289252
2016/1/15,-0.027811121,0.607336325,0.749916147
2016/1/19,-0.002558736,0.625138748,0.767958517
2016/1/20,-0.001175598,0.61610485,0.763566098
2016/1/21,8.27E-05,0.617742041,0.764944267
2016/1/22,0.026287919,0.650573592,0.819791902
2016/1/25,-0.015959204,0.628658289,0.795770379
2016/1/26,0.010825361,0.609941292,0.754913407
2016/1/27,-0.022024299,0.565807743,0.716744727
2016/1/28,0.008581812,0.55441477,0.691763648
2016/1/29,0.023523583,0.569313061,0.718265226
2016/2/1,0.001390465,0.573842971,0.698754659
2016/2/2,-0.022637801,0.568192371,0.673746727
2016/2/3,-0.002817812,0.567253937,0.683816342
2016/2/4,0.001180412,0.554824617,0.680994159
2016/2/5,-0.033007606,0.545419995,0.683748355
2016/2/8,-0.018363187,0.550863544,0.687947552
2016/2/9,-0.003505407,0.560699733,0.70023773
2016/2/10,0.003468056,0.552723757,0.689198727
2016/2/11,-0.003917937,0.554444549,0.670946784
2016/2/12,0.016426944,0.559852725,0.670965942
2016/2/16,0.022441347,0.544428334,0.661723758
2016/2/17,0.021875987,0.593825414,0.722433119
2016/2/18,-0.010313118,0.577387247,0.708152431
2016/2/19,0.00375669,0.581647586,0.721665495
2016/2/22,0.014585318,0.573256631,0.68754267
2016/2/23,-0.014774039,0.57128668,0.697522036
2016/2/24,0.008629101,0.559832599,0.680707569
2016/2/25,0.008677495,0.559627119,0.67656374
2016/2/26,0.001803183,0.560959619,0.679813203
2016/2/29,-0.007109454,0.563255114,0.661814666
2016/3/1,0.02847433,0.584518523,0.647931497
2016/3/2,0.002942613,0.581015781,0.662300481
2016/3/3,0.000850084,0.583286612,0.663519296
2016/3/4,0.002037257,0.584318697,0.647949102
2016/3/7,-0.001860955,0.584489927,0.652326738
2016/3/8,-0.012702865,0.598260771,0.662469328
2016/3/9,0.00548311,0.591164484,0.653257588
2016/3/10,-0.002617674,0.595786408,0.662741842
2016/3/11,0.018343601,0.587229035,0.685199808
2016/3/14,0.000381103,0.586144806,0.687940277
2016/3/15,-0.004559585,0.586853735,0.6511719
2016/3/16,0.007437375,0.593024801,0.661735017
2016/3/17,0.002308431,0.588406159,0.659568957
2016/3/18,0.004319472,0.573330247,0.63541343
2016/3/21,0.002752872,0.583041135,0.627857899
2016/3/22,0.002656138,0.583194458,0.628480183
2016/3/23,-0.011010984,0.582037727,0.633506614
2016/3/24,0.000974601,0.583837135,0.630139366
2016/3/28,-0.001408761,0.55345854,0.60172985
2016/3/29,0.016608432,0.534224886,0.563623766
2016/3/30,0.004666581,0.542453847,0.563024508
2016/3/31,0.000115,0.560598751,0.573838837
2016/4/1,0.009135022,0.566006522,0.579715956
2016/4/4,-0.004637824,0.563297357,0.575458172
2016/4/5,-0.009833959,0.568160548,0.57970005
2016/4/6,0.015728487,0.554288935,0.567796718
2016/4/7,-0.014812295,0.546435065,0.544077219
2016/4/8,0.000478397,0.549171124,0.54653853
2016/4/11,-0.003570809,0.555085431,0.555402844
2016/4/12,0.007972849,0.563703052,0.574579085
2016/4/13,0.015343225,0.556223141,0.575111227
2016/4/14,-0.0003093,0.556111839,0.577346928
2016/4/15,-0.001551986,0.551748094,0.572683436
2016/4/18,0.004404831,0.551794089,0.568895249
2016/4/19,-0.003977642,0.553536434,0.571544442
2016/4/20,0.001577597,0.562481013,0.58538812
2016/4/21,-0.000452799,0.563829214,0.586079806
2016/4/22,-0.008051103,0.551969697,0.581960716
2016/4/25,-0.002130174,0.550351989,0.592256917
2016/4/26,-0.001535149,0.552120896,0.598518724
2016/4/27,-0.005156184,0.544389622,0.599024746
2016/4/28,-0.011966925,0.542741497,0.596807131
2016/4/29,-0.006248031,0.543134128,0.584129716
2016/5/2,0.008804439,0.544981878,0.586266732
2016/5/3,-0.011349893,0.540925881,0.577875183
2016/5/4,-0.007920909,0.543198995,0.570234299
2016/5/5,-0.001810917,0.550986963,0.583953181
2016/5/6,0.004032485,0.551289344,0.589390491
2016/5/9,0.002964258,0.556331604,0.592277081
2016/5/10,0.012483308,0.557392571,0.590492085
2016/5/11,-0.01027952,0.558818117,0.576329755
2016/5/12,-0.00491893,0.558741806,0.577765062
2016/5/13,-0.004156533,0.568558221,0.582971605
2016/5/16,0.012173151,0.580245625,0.589799665
2016/5/17,-0.012586575,0.580135803,0.589996347
2016/5/18,0.004947735,0.585826164,0.598334517
2016/5/19,-0.005626546,0.58781875,0.595459759
2016/5/20,0.012029139,0.587060401,0.590690741
2016/5/23,-0.00079284,0.588148591,0.585751497
2016/5/24,0.019795304,0.579371599,0.577094571
2016/5/25,0.006935283,0.58503362,0.5872275
2016/5/26,0.001404561,0.579407987,0.578974712
2016/5/27,0.006454338,0.58175959,0.583468495
2016/5/31,0.002944878,0.612342696,0.615889161
2016/6/1,0.000846438,0.624820737,0.643301813
2016/6/2,0.003851426,0.630927316,0.648091453
2016/6/3,-0.005818122,0.637988509,0.658261474
2016/6/6,0.005284926,0.639507646,0.653156059
2016/6/7,-0.001401748,0.642076757,0.654976241
2016/6/8,0.002594505,0.642728143,0.656654525
2016/6/9,-0.00322553,0.639799331,0.650905992
2016/6/10,-0.013005135,0.631859249,0.642408911
2016/6/13,-0.009465337,0.627812633,0.649187336
2016/6/14,-0.001009081,0.628199657,0.65406933
2016/6/15,-0.001781272,0.630211744,0.650018344
2016/6/16,0.002062018,0.627630681,0.650569649
2016/6/17,-0.009241921,0.612980325,0.623805949
2016/6/20,0.007651359,0.632452843,0.633257892
2016/6/21,0.00135317,0.626676935,0.626148635
2016/6/22,-0.002157676,0.625512013,0.623732992
2016/6/23,0.015748486,0.631942863,0.63266892
2016/6/24,-0.042023147,0.58375971,0.581921765
2016/6/27,-0.024412065,0.604646087,0.630142152
2016/6/28,0.020984347,0.564606405,0.568353005
2016/6/29,0.018450314,0.566746171,0.580012538
2016/6/30,0.013184683,0.580991213,0.607614739
2016/7/1,0.004100883,0.552597431,0.60008078
2016/7/5,-0.008191698,0.587659303,0.620807474
2016/7/6,0.007490177,0.588089814,0.640073943
2016/7/7,0.003625734,0.576815034,0.632042184
2016/7/8,0.016260984,0.57256876,0.617725684
2016/7/11,0.006411026,0.565096549,0.614814764
2016/7/12,0.006828201,0.565437542,0.611265479
2016/7/13,-0.003408273,0.558082096,0.614734512
2016/7/14,0.005643559,0.554827644,0.602872236
2016/7/15,-0.000888346,0.538134196,0.584540949
2016/7/18,0.005193673,0.531785932,0.578421843
2016/7/19,-0.003846559,0.529775935,0.579907465
2016/7/20,0.010578494,0.533172306,0.576711099
2016/7/21,-0.003154325,0.545788818,0.558644577
2016/7/22,0.005162159,0.550344455,0.553685902
2016/7/25,-0.000496186,0.54618201,0.550489116
2016/7/26,0.002433463,0.550241934,0.557785265
2016/7/27,0.005806925,0.549262126,0.548436971
2016/7/28,0.002947124,0.543261592,0.554943797
2016/7/29,0.001386047,0.536288755,0.553700949
2016/8/1,0.004266254,0.534886777,0.560059803
2016/8/2,-0.009004191,0.556247161,0.570780115
2016/8/3,0.004274843,0.558448663,0.572176192
2016/8/4,0.001260896,0.554617249,0.573145961
2016/8/5,0.010564851,0.558831196,0.571296042
2016/8/8,-0.001529577,0.55172763,0.560326283
2016/8/9,0.002364298,0.552193183,0.55998576
2016/8/10,-0.004005731,0.562005564,0.562499049
2016/8/11,0.004564375,0.535859102,0.545506611
2016/8/12,0.000860314,0.534413154,0.54494045
2016/8/15,0.005549366,0.522420531,0.556123746
2016/8/16,-0.006656439,0.541810518,0.589716337
2016/8/17,0.000296487,0.537903486,0.554605165
2016/8/18,0.002195093,0.532133414,0.586351771
2016/8/19,-0.000337834,0.527566594,0.540931323
2016/8/22,0.001186686,0.522777008,0.536404711
2016/8/23,0.00294726,0.520137033,0.527923044
2016/8/24,-0.008091461,0.514402752,0.551840902
2016/8/25,-0.001052744,0.457997504,0.449480746
2016/8/26,0.001288452,0.444176537,0.471263699
2016/8/29,0.002566202,0.405084568,0.429555613
2016/8/30,-0.001786651,0.395609391,0.416375748
2016/8/31,-0.001872328,0.421445673,0.521588523
2016/9/1,0.002679968,0.437529379,0.514763844
2016/9/2,0.004331354,0.430752955,0.506550181
2016/9/6,0.004942148,0.418075869,0.504262601
2016/9/7,0.001518963,0.414906188,0.531715207
2016/9/8,-0.004637976,0.38868965,0.517279524
2016/9/9,-0.025724092,0.375554359,0.500653758
2016/9/12,0.016634484,0.385748734,0.500602485
2016/9/13,-0.010925001,0.35201883,0.474692948
2016/9/14,0.003584077,0.360848286,0.490721842
2016/9/15,0.014567397,0.365540688,0.474457013
2016/9/16,-0.000975772,0.36557149,0.462474673
2016/9/19,-0.001820681,0.367384991,0.473988214
2016/9/20,0.001206524,0.378447295,0.470974474
2016/9/21,0.010217874,0.374138023,0.471315284
2016/9/22,0.008338788,0.372460769,0.46388331
2016/9/23,-0.006344623,0.36316819,0.470943332
2016/9/26,-0.009137412,0.371983652,0.492268666
2016/9/27,0.009129873,0.362496761,0.459958808
2016/9/28,0.002417111,0.356721775,0.45237886
2016/9/29,-0.009331651,0.360017552,0.45389543
2016/9/30,0.008099353,0.379892465,0.462875991
2016/10/3,-0.002097454,0.408589697,0.497544726
2016/10/4,-0.002116986,0.416761988,0.502677297
2016/10/5,0.004970931,0.402518127,0.508812874
2016/10/6,-0.001726464,0.406750899,0.513687
2016/10/7,-0.00272661,0.409209995,0.477856753
2016/10/10,0.006829847,0.421030011,0.542810464
2016/10/11,-0.015485215,0.437594111,0.562420689
2016/10/12,-0.001482003,0.42777281,0.54168674
2016/10/13,-0.004915651,0.429750169,0.554045177
2016/10/14,0.000159195,0.43341397,0.538540504
2016/10/17,-0.002753992,0.427261846,0.546035869
2016/10/18,0.008430045,0.418550424,0.527227205
2016/10/19,0.000489979,0.418900922,0.516268497
2016/10/20,-0.000873359,0.40277888,0.526132142
2016/10/21,0.002965934,0.406748632,0.516338396
2016/10/24,0.009923212,0.396442411,0.514812377
2016/10/25,-0.00498999,0.401177201,0.512035849
2016/10/26,-0.006290326,0.405379063,0.505597327
2016/10/27,-0.006554431,0.408437891,0.507189726
2016/10/28,-0.004972108,0.373350045,0.471530572
2016/10/31,-0.000184985,0.3778308,0.480653017
2016/11/1,-0.006876361,0.379190759,0.448457222
2016/11/2,-0.009359518,0.390393866,0.492816188
2016/11/3,-0.009279896,0.379513173,0.480888631
2016/11/4,-0.002383032,0.384844005,0.480888935
2016/11/7,0.023462429,0.388638539,0.471261743
2016/11/8,0.005274317,0.374413286,0.463108133
2016/11/9,0.011025947,0.379308596,0.468774977
2016/11/10,-0.008082362,0.375255748,0.466819017
2016/11/11,0.005420317,0.372763846,0.464792222
2016/11/14,-0.003578978,0.365688978,0.458937671
2016/11/15,0.010905367,0.364201587,0.461600156
2016/11/16,0.003587448,0.36043314,0.459835888
2016/11/17,0.007412146,0.374115765,0.490488026
2016/11/18,-0.002338704,0.359057457,0.486788091
2016/11/21,0.008858498,0.360553287,0.51573679
2016/11/22,0.00325238,0.363145546,0.518787514
2016/11/23,-0.001053215,0.346444798,0.493972912
2016/11/25,0.003384173,0.359518139,0.50986352
2016/11/28,-0.005592651,0.36163725,0.517406356
2016/11/29,0.002067222,0.36834567,0.553015645
2016/11/30,-0.010508711,0.377430257,0.524863752
2016/12/1,-0.013725311,0.371307626,0.492940801
2016/12/2,0.000864206,0.386687783,0.50462267
2016/12/5,0.010079085,0.408880192,0.545725161
2016/12/6,0.004531158,0.416102027,0.525632771
2016/12/7,0.011328798,0.42794087,0.53985103
2016/12/8,0.004365882,0.417662764,0.527039421
2016/12/9,0.004997313,0.448333128,0.531063089
2016/12/12,-0.005887441,0.448213746,0.532176219
2016/12/13,0.009431525,0.447486876,0.538551541
2016/12/14,-0.004983268,0.475073591,0.544189959
2016/12/15,0.003704959,0.460870731,0.525594951
2016/12/16,-0.003614834,0.494280762,0.544839729
2016/12/19,0.00372295,0.486226375,0.541544765
2016/12/20,0.004844005,0.489315432,0.572402082
2016/12/21,-0.002283812,0.512422196,0.585040901
2016/12/22,-0.004397906,0.456872957,0.569295403
2016/12/23,0.00279924,0.428139674,0.526087882
2016/12/27,0.004520502,0.460961765,0.518731342
2016/12/28,-0.008947524,0.477905527,0.542887002
2016/12/29,-0.001190361,0.481129169,0.54244362
2016/12/30,-0.009055827,0.5001715,0.555803725
2017/1/3,0.008501559,0.506662668,0.565828486
2017/1/4,0.008789641,0.509701307,0.581419124
2017/1/5,0.001993626,0.516328045,0.579170977
2017/1/6,0.006016913,0.527472673,0.560435643
2017/1/9,0.001947004,0.555261217,0.600113171
2017/1/10,0.003608927,0.55170573,0.618116148
2017/1/11,0.002128566,0.54475104,0.634946726
2017/1/12,-0.002908794,0.525313058,0.633330193
2017/1/13,0.004788884,0.498626677,0.613134984
2017/1/17,-0.006369225,0.506968869,0.632858957
2017/1/18,0.003050195,0.500750913,0.614988736
2017/1/19,-0.002806487,0.554333278,0.8170487
2017/1/20,0.002748886,0.495208653,0.719975799
2017/1/23,-0.00043031,0.524326513,0.709027382
2017/1/24,0.008610494,0.551620354,0.753497483
2017/1/25,0.009839028,0.551810343,0.744594476
2017/1/26,-0.000205101,0.55545821,0.727427359
2017/1/27,0.000989753,0.658444477,0.837499087
2017/1/30,-0.008349872,0.604630547,0.783612925
2017/1/31,0.000192368,0.628196841,0.804536264
2017/2/1,0.004949626,0.732718568,0.925871169
2017/2/2,-0.001143734,0.703224105,0.868598623
2017/2/3,0.005409211,0.628420233,0.772626162
2017/2/6,-0.000568386,0.625935659,0.775041017
2017/2/7,0.001882205,0.679824467,0.809988403
2017/2/8,0.001449369,0.68421895,0.823969309
2017/2/9,0.005743315,0.677988024,0.798238693
2017/2/10,0.003310246,0.666789426,0.861110326
2017/2/13,0.0051887,0.65360542,0.891824103
2017/2/14,0.003223482,0.644887234,0.877657716
2017/2/15,0.006355817,0.644638285,0.891440761
2017/2/16,-0.000780448,0.63702521,0.865819668
2017/2/17,0.004064028,0.629844843,0.858146669
2017/2/21,0.00467683,0.605383471,0.829261791
2017/2/22,-0.00090734,0.555381209,0.735324388
2017/2/23,-0.004295441,0.528181739,0.715823398
2017/2/24,0.001677965,0.522537941,0.702989247
2017/2/27,0.002834153,0.540736464,0.730178512
2017/2/28,-0.00623925,0.521485645,0.721053125
2017/3/1,0.013400636,0.533913955,0.737002436
2017/3/2,-0.007277396,0.558496694,0.752916777
2017/3/3,0.001624621,0.560499858,0.755318465
2017/3/6,-0.003680914,0.568326032,0.758350082
2017/3/7,-0.002610608,0.52896132,0.720179892
2017/3/8,0.000620316,0.526893345,0.717729906
2017/3/9,0.000215821,0.527199115,0.699514009
2017/3/10,0.003917773,0.527323835,0.718922419
2017/3/13,0.002394035,0.52470359,0.698190325
2017/3/14,-0.003232023,0.513007279,0.72926379
2017/3/15,0.007354031,0.509932504,0.712513468
2017/3/16,0.000120331,0.50119329,0.693140483
2017/3/17,4.07E-05,0.474072123,0.67190517
2017/3/20,8.98E-05,0.483429346,0.684672109
2017/3/21,-0.018419807,0.487719941,0.669077314
2017/3/22,0.004790177,0.484191488,0.674746622
2017/3/23,-0.000678733,0.47543587,0.662830131
2017/3/24,0.001897578,0.442312605,0.618870958
2017/3/27,0.001993297,0.434775062,0.572338082
2017/3/28,0.005935739,0.426869298,0.584389297
2017/3/29,0.003807121,0.404612117,0.516740064
2017/3/30,0.0028429,0.399846885,0.511068959
2017/3/31,-0.000439706,0.398123024,0.500206874
2017/4/3,-0.002889955,0.420703102,0.570439718
2017/4/4,0.000666481,0.421995825,0.556784563
2017/4/5,-0.005802913,0.419823151,0.55377275
2017/4/6,0.002464358,0.404497202,0.519168078
2017/4/7,-0.000193931,0.410462481,0.52735167
2017/4/10,0.000530669,0.431267247,0.556564617
2017/4/11,-0.002410686,0.410421808,0.467801164
2017/4/12,-0.005231181,0.41600044,0.522371669
2017/4/13,-0.005327592,0.405887961,0.508167092
2017/4/17,0.008856217,0.410825008,0.51818354
2017/4/18,-0.001250613,0.41686266,0.504509974
2017/4/19,0.002315476,0.423951516,0.556627544
2017/4/20,0.009125847,0.414621619,0.524955538
2017/4/21,-0.001058568,0.418925906,0.527102756
2017/4/24,0.012325346,0.416388082,0.53260388
2017/4/25,0.006939644,0.407303872,0.481390247
2017/4/26,-4.32E-05,0.409090946,0.479310704
2017/4/27,0.003927397,0.410826075,0.489248307
2017/4/28,-0.000219897,0.42348758,0.511240418
2017/5/1,0.00724762,0.439844207,0.538048982
2017/5/2,0.000618694,0.443270334,0.528325212
2017/5/3,-0.003750851,0.446307403,0.514012136
2017/5/4,0.000459339,0.427571741,0.49383715
2017/5/5,0.004175399,0.461566585,0.491170587
2017/5/8,0.000311388,0.475213122,0.496560532
2017/5/9,0.002933755,0.467221516,0.519876855
2017/5/10,0.001395949,0.443973753,0.510094672
2017/5/11,-0.002152699,0.447131835,0.520543411
2017/5/12,0.000861309,0.454985224,0.528247759
2017/5/15,0.004635365,0.457787625,0.532341363
2017/5/16,0.003279346,0.46808261,0.503307364
2017/5/17,-0.026046718,0.460768946,0.618809011
2017/5/18,0.007274797,0.466122184,0.584184258
2017/5/19,0.004707217,0.502795961,0.640358989
2017/5/22,0.00817205,0.483362809,0.572424857
2017/5/23,0.000829508,0.50679699,0.634991456
2017/5/24,0.003952295,0.496100285,0.595710371
2017/5/25,0.006830402,0.49479815,0.592979535
2017/5/26,0.000794172,0.511511952,0.559386673
2017/5/30,-0.001127815,0.517943193,0.608218344
2017/5/31,-0.000753122,0.547080205,0.633385728
2017/6/1,0.007763581,0.570663796,0.65555479
2017/6/2,0.00939571,0.56601255,0.678186235
2017/6/5,-0.001606161,0.580623599,0.637804068
2017/6/6,-0.003280637,0.583555389,0.646049645
2017/6/7,0.003550627,0.561164544,0.631462235
2017/6/8,0.003863977,0.575727428,0.633153155
2017/6/9,-0.018171754,0.534992635,0.602737758
2017/6/12,-0.005240903,0.50861095,0.566401429
2017/6/13,0.007244398,0.519740374,0.571610993
2017/6/14,-0.004104632,0.523866647,0.613372516
2017/6/15,-0.004755522,0.532329914,0.634028495
2017/6/16,-0.002231017,0.576026471,0.650929189
2017/6/19,0.014083296,0.544566853,0.610182462
2017/6/20,-0.008204735,0.570797925,0.646011816
2017/6/21,0.00739338,0.541262212,0.600305122
2017/6/22,0.000439432,0.546699488,0.604924519
2017/6/23,0.004568899,0.517649809,0.565879292
2017/6/26,-0.002893132,0.495306789,0.526563582
2017/6/27,-0.016223023,0.521312911,0.565558284
2017/6/28,0.01418161,0.568901876,0.634589755
2017/6/29,-0.014550987,0.528669671,0.660773233
2017/6/30,-0.000639817,0.427357918,0.474068603
2017/7/3,-0.004956551,0.410287928,0.443190632
2017/7/5,0.006653691,0.460199076,0.495572146
2017/7/6,-0.010030876,0.47901521,0.475358398
2017/7/7,0.010393362,0.45885361,0.443943648
2017/7/10,0.003781189,0.467055332,0.45023497
2017/7/11,0.002735719,0.472152265,0.462984401
2017/7/12,0.010897391,0.473023244,0.460625073
2017/7/13,0.002117169,0.474132601,0.45924811
2017/7/14,0.006042804,0.446947741,0.432635387
2017/7/17,0.000310448,0.45252776,0.435133645
2017/7/18,0.004720858,0.441412204,0.430431929
2017/7/19,0.006399406,0.441967334,0.425260877
2017/7/20,0.000776514,0.44370962,0.424745489
2017/7/21,-0.000352175,0.445049728,0.428072471
2017/7/24,0.003603534,0.447190998,0.439496762
2017/7/25,0.000212119,0.445446783,0.462836628
2017/7/26,0.001648628,0.433683182,0.431029662
2017/7/27,-0.006335076,0.441586477,0.444491476
2017/7/28,-0.001177405,0.428966254,0.456708955
2017/7/31,-0.004175188,0.428008884,0.457454893
2017/8/1,0.002331829,0.428921256,0.45397061
2017/8/2,-4.56E-05,0.440822208,0.472288088
2017/8/3,-0.003512562,0.444664455,0.470851852
2017/8/4,0.001768057,0.4530457,0.477617131
2017/8/7,0.00505838,0.451787521,0.482696261
2017/8/8,-0.002087151,0.444946673,0.495621978
2017/8/9,-0.002850006,0.43434917,0.488406826
2017/8/10,-0.02155511,0.458453253,0.540848467
2017/8/11,0.006363949,0.455194375,0.522106402
2017/8/14,0.013284532,0.436883841,0.487495604
2017/8/15,-0.001139409,0.441646367,0.486340703
2017/8/16,0.001908801,0.434024744,0.498952326
2017/8/17,-0.019607504,0.397023222,0.461248804
2017/8/18,-0.00086506,0.397550375,0.453611365
2017/8/21,-0.000547079,0.397398798,0.443088291
2017/8/22,0.013484759,0.416915805,0.470212477
2017/8/23,-0.00303279,0.425551289,0.477773478
2017/8/24,-0.00112831,0.428034949,0.4795963
2017/8/25,-0.000907715,0.430389711,0.480537548
2017/8/28,0.002770019,0.43254639,0.472301703
2017/8/29,0.002998832,0.435404986,0.468477421
2017/8/30,0.01048454,0.458143219,0.506424769
2017/8/31,0.00943199,0.440577143,0.542570886
2017/9/1,0.001037003,0.44185327,0.551034029
2017/9/5,-0.009329623,0.453131021,0.542829554
2017/9/6,0.002778632,0.453737987,0.547316375
2017/9/7,0.000712991,0.441980275,0.533892393
2017/9/8,-0.005906871,0.429488588,0.53278901
2017/9/11,0.011267703,0.424964044,0.487652693
2017/9/12,0.003417523,0.419892841,0.497788899
2017/9/13,0.000915252,0.419159415,0.49519292
2017/9/14,-0.00482728,0.410186066,0.49379793
2017/9/15,0.003011445,0.433341647,0.476294166
2017/9/18,0.000956359,0.435889406,0.520197765
2017/9/19,0.001034379,0.421925631,0.481301236
2017/9/20,-0.000817505,0.421077386,0.483600706
2017/9/21,-0.005179094,0.449162133,0.46530716
2017/9/22,0.000658386,0.444223759,0.454539005
2017/9/25,-0.008803332,0.430864502,0.453441018
2017/9/26,0.001501088,0.431587479,0.455597008
2017/9/27,0.011392254,0.436884107,0.510294271
2017/9/28,2.94E-05,0.420744435,0.474145629
2017/9/29,0.006565574,0.410288913,0.46129871
2017/10/2,0.003190737,0.409692807,0.457634784
2017/10/3,0.002297595,0.403890634,0.417462824
2017/10/4,0.00044695,0.406244855,0.420283323
2017/10/5,0.007733276,0.428282331,0.508228689
2017/10/6,0.000731659,0.409924927,0.441652152
2017/10/9,-0.001586951,0.412379714,0.456530792
2017/10/10,0.001142251,0.420208625,0.481318771
2017/10/11,0.002471421,0.418281595,0.455513528
2017/10/12,-0.001824926,0.422308032,0.458906759
2017/10/13,0.002165594,0.42034635,0.454423262
2017/10/16,0.002752876,0.438509926,0.527364408
2017/10/17,-5.28E-05,0.397902329,0.455857994
2017/10/18,8.45E-05,0.397425008,0.457048455
2017/10/19,-0.002895093,0.387164295,0.441790113
2017/10/20,0.00362397,0.381280876,0.437813781
2017/10/23,-0.006389305,0.374657088,0.411449281
2017/10/24,0.001759541,0.370368408,0.412597883
2017/10/25,-0.005248327,0.371568267,0.406774641
2017/10/26,-0.001085311,0.375916725,0.412251861
2017/10/27,0.021797465,0.371386863,0.377803167
2017/10/30,-0.000343278,0.342001458,0.362234827
2017/10/31,0.004276582,0.338663664,0.382590194
2017/11/1,-0.001657221,0.341391267,0.342760263
2017/11/2,-0.000236757,0.332134994,0.341313377
2017/11/3,0.007344584,0.350769022,0.341942128
2017/11/6,0.003247024,0.354706848,0.347162468
2017/11/7,-0.002753388,0.377500772,0.390186809
2017/11/8,0.003148215,0.376101287,0.357406165
2017/11/9,-0.005771419,0.365852567,0.332299562
2017/11/10,0.000131842,0.362481224,0.341172069
2017/11/13,0.000986043,0.335252835,0.284982897
2017/11/14,-0.002923946,0.325030124,0.274339148
2017/11/15,-0.004709888,0.322814179,0.243912901
2017/11/16,0.012901398,0.319433036,0.254330891
2017/11/17,-0.001546839,0.328492122,0.254479753
2017/11/20,0.00116698,0.317491248,0.241223753
2017/11/21,0.010513391,0.338236976,0.32767619
2017/11/22,0.00071086,0.334989282,0.316211846
2017/11/24,0.003169409,0.314720142,0.29962176
2017/11/27,-0.001545649,0.323331045,0.306412696
2017/11/28,0.004907601,0.308852351,0.327621226
2017/11/29,-0.012808154,0.315432646,0.327599538
2017/11/30,0.007238854,0.303917768,0.271089882
2017/12/1,-0.003845049,0.30970469,0.295933848
2017/12/4,-0.010602788,0.317050379,0.285624339
2017/12/5,-0.001944218,0.310934603,0.271575052
2017/12/6,0.002093276,0.321449628,0.353148187
2017/12/7,0.005366031,0.337631918,0.385665708
2017/12/8,0.00399036,0.340066481,0.389941829
2017/12/11,0.005103852,0.334910455,0.417842281
2017/12/12,-0.001857703,0.333840871,0.418628067
2017/12/13,0.001962423,0.336777856,0.415321638
2017/12/14,-0.002806518,0.32742637,0.387937686
2017/12/15,0.011607375,0.338394767,0.390626735
2017/12/18,0.00835244,0.360641018,0.421669766
2017/12/19,-0.004428815,0.377956196,0.420012948
2017/12/20,-0.000415086,0.392651793,0.434160558
2017/12/21,0.000631897,0.391651821,0.423047354
2017/12/22,-0.000775566,0.384078357,0.425668615
2017/12/26,-0.003412445,0.392371156,0.452076079
2017/12/27,0.000445386,0.389859612,0.445543531
2017/12/28,0.001558012,0.379256647,0.418664473
2017/12/29,-0.006752086,0.370490219,0.413830979
