date,close,open,high,low,vol,return
2012/1/2,6075.52,5900.18,6075.52,5900.18,90.83,0.03
2012/1/3,6166.57,6124.11,6179.03,6108.62,116.71,0.015
2012/1/4,6111.55,6141.26,6163.48,6088.06,100.87,-0.0089
2012/1/5,6095.99,6121.34,6130.1,6040.94,141.74,-0.0025
2012/1/6,6057.92,6114.64,6152.56,6012.64,109.97,-0.0062
2012/1/9,6017.23,6061.26,6076.59,5987.75,110.95,-0.0067
2012/1/10,6162.98,6090.87,6191.29,6069.36,171.41,0.0242
2012/1/11,6152.34,6148.45,6181.61,6106.03,166.8,-0.0017
2012/1/12,6179.21,6160.09,6256.95,6148.85,205.75,0.0044
2012/1/13,6143.08,6242.49,6245.38,6063.66,213.91,-0.0058
2012/1/16,6220.01,6120.4,6232.21,6104.11,108.07,0.0125
2012/1/17,6332.93,6301.91,6343.04,6270.97,167.12,0.0182
2012/1/18,6354.57,6330.43,6399.43,6280.52,184.49,0.0034
2012/1/19,6416.26,6377.24,6420.35,6333.7,335.56,0.0097
2012/1/20,6404.39,6410.75,6431.26,6371.69,272.36,-0.0018
2012/1/23,6436.62,6387.33,6467.34,6349.69,270.71,0.005
2012/1/24,6419.22,6372.49,6420.05,6339,246.1,-0.0027
2012/1/25,6421.85,6448.87,6456.57,6366.65,170.09,0.0004
2012/1/26,6539.85,6453.62,6559.07,6430.37,197.22,0.0184
2012/1/27,6511.98,6507.77,6574.19,6484.35,150.01,-0.0043
2012/1/30,6444.45,6454.54,6491.52,6414.33,140.51,-0.0104
2012/1/31,6458.91,6489.04,6533.22,6450.1,158.04,0.0022
2012/2/1,6616.64,6482.95,6630.48,6482.56,210.4,0.0244
2012/2/2,6655.63,6640.05,6667.98,6606.37,156,0.0059
2012/2/3,6766.67,6649.57,6767.46,6635.63,194.73,0.0167
2012/2/6,6764.83,6752.03,6781.43,6714.82,123.04,-0.0003
2012/2/7,6754.2,6772.75,6788.77,6682.89,143.2,-0.0016
2012/2/8,6748.76,6800.72,6829.88,6735.67,220.44,-0.0008
2012/2/9,6788.8,6782.14,6838.13,6746.1,242.28,0.0059
2012/2/10,6692.96,6730.54,6751.08,6649.56,228.64,-0.0141
2012/2/13,6738.47,6748.68,6774.6,6709.63,140.97,0.0068
2012/2/14,6728.19,6712.68,6788.57,6698.32,148.1,-0.0015
2012/2/15,6757.94,6807.55,6830.1,6736.56,163.43,0.0044
2012/2/16,6751.96,6665.24,6751.96,6651.72,166.24,-0.0009
2012/2/17,6848.03,6811.02,6874.53,6794.89,168.88,0.0142
2012/2/20,6948.25,6892.04,6956.67,6878.53,131.24,0.0146
2012/2/21,6908.18,6936.91,6971.03,6873.54,139.94,-0.0058
2012/2/22,6843.87,6914.68,6915.18,6821.8,129.08,-0.0093
2012/2/23,6809.46,6838.94,6903.51,6733.59,261.56,-0.005
2012/2/24,6864.43,6871.25,6890.9,6826.34,155.82,0.0081
2012/2/27,6849.6,6817.46,6868.58,6743.65,168.65,-0.0022
2012/2/28,6887.63,6867.23,6900.51,6809.22,149.73,0.0056
2012/2/29,6856.08,6914.66,6967.14,6843.27,195.54,-0.0046
2012/3/1,6941.77,6831.97,6949.45,6817.73,187.15,0.0125
2012/3/2,6921.37,6944.45,6954.89,6904.1,197.18,-0.0029
2012/3/5,6866.46,6876.89,6902.58,6815.47,169.82,-0.0079
2012/3/6,6633.11,6835.97,6840.33,6633.11,216.45,-0.034
2012/3/7,6671.11,6638.48,6682.68,6612.61,181.61,0.0057
2012/3/8,6834.54,6723.33,6838.39,6703.89,206.87,0.0245
2012/3/9,6880.21,6848.52,6912.42,6830.63,154.68,0.0067
2012/3/12,6901.35,6868.97,6911.27,6846.9,126.64,0.0031
2012/3/13,6995.91,6957.25,7020.04,6941.96,149.28,0.0137
2012/3/14,7079.42,7028.92,7099.34,7028.15,212.92,0.0119
2012/3/15,7144.45,7093.97,7153.11,7072.27,149.75,0.0092
2012/3/16,7157.82,7145.78,7194.33,7142.75,359.06,0.0019
2012/3/19,7154.22,7143.93,7154.83,7095.13,144.66,-0.0005
2012/3/20,7054.94,7121.92,7124.63,7032.07,151.23,-0.0139
2012/3/21,7071.32,7088.76,7114.01,7012.04,134.46,0.0023
2012/3/22,6981.26,7053.42,7071.09,6938.2,165.78,-0.0127
2012/3/23,6995.62,6986.9,7026.9,6908.97,133.08,0.0021
2012/3/26,7079.23,7022.64,7102.05,6969.97,121.41,0.012
2012/3/27,7078.9,7106.77,7153.68,7075.16,143.18,0
2012/3/28,6998.8,7056.05,7110.54,6998.8,133.05,-0.0113
2012/3/29,6875.15,6980.09,6993.74,6841.97,168.7,-0.0177
2012/3/30,6946.83,6924.82,6959.71,6898.91,131.06,0.0104
2012/4/2,7056.65,6973.99,7057.2,6911.63,137.22,0.0158
2012/4/3,6982.28,7053.91,7081.06,6981.21,130.86,-0.0105
2012/4/4,6784.06,6940.61,6944.4,6772.95,192.79,-0.0284
2012/4/5,6775.26,6817.85,6831.36,6685.8,197.22,-0.0013
2012/4/10,6606.43,6694.72,6737.92,6606.43,178.36,-0.0249
2012/4/11,6674.73,6628.66,6722.52,6603.07,163.59,0.0103
2012/4/12,6743.24,6710.37,6761.78,6651.81,194.64,0.0103
2012/4/13,6583.9,6732.07,6743.01,6552.32,187.25,-0.0236
2012/4/16,6625.19,6556.3,6675.39,6548.39,169.86,0.0063
2012/4/17,6801,6625.71,6801.15,6616.95,170.32,0.0265
2012/4/18,6732.03,6780.49,6812.84,6718.1,138.94,-0.0101
2012/4/19,6671.22,6775.46,6807.12,6665.31,196.54,-0.009
2012/4/20,6750.12,6689.71,6760.26,6651.8,165.78,0.0118
2012/4/23,6523,6666.79,6668.12,6499.07,197.03,-0.0336
2012/4/24,6590.41,6566.11,6604.54,6508.1,170.34,0.0103
2012/4/25,6704.5,6622.96,6733.34,6622.9,177.31,0.0173
2012/4/26,6739.9,6702.61,6750.65,6642.04,166.76,0.0053
2012/4/27,6801.32,6662.31,6825.41,6652.51,160.82,0.0091
2012/4/30,6761.19,6844.1,6846.66,6759.9,113.63,-0.0059
2012/5/2,6710.77,6861.3,6875.87,6664.57,159.61,-0.0075
2012/5/3,6694.44,6749.27,6791.75,6648.5,182.21,-0.0024
2012/5/4,6561.47,6682.96,6684.89,6546,162.53,-0.0199
2012/5/7,6569.48,6515.94,6578.95,6410.03,136.81,0.0012
2012/5/8,6444.74,6548.74,6576.72,6415.03,137.2,-0.019
2012/5/9,6475.31,6483.27,6506.21,6375.79,188.66,0.0047
2012/5/10,6518,6531.15,6549.77,6440.23,185.05,0.0066
2012/5/11,6579.93,6465.19,6589.01,6454.21,133.53,0.0095
2012/5/14,6451.97,6499.79,6520.86,6404.28,128.71,-0.0194
2012/5/15,6401.06,6501.93,6509.65,6353.26,190.6,-0.0079
2012/5/16,6384.26,6344.92,6442.97,6297.38,182.18,-0.0026
2012/5/17,6308.96,6401.15,6413.05,6291.1,113.19,-0.0118
2012/5/18,6271.22,6254.82,6335.55,6229.3,194.38,-0.006
2012/5/21,6331.04,6269.31,6364.4,6244.02,126.85,0.0095
2012/5/22,6435.6,6381.83,6446,6351.02,142.26,0.0165
2012/5/23,6285.75,6352.43,6373.79,6258.85,166.53,-0.0233
2012/5/24,6315.89,6338.12,6351.1,6244.48,149.58,0.0048
2012/5/25,6339.94,6334.15,6406.96,6279.55,151.89,0.0038
2012/5/28,6323.19,6425.1,6426.27,6311.33,89.97,-0.0026
2012/5/29,6396.84,6396.65,6441.26,6334.75,125.66,0.0116
2012/5/30,6280.8,6360.79,6392.21,6258.89,151.09,-0.0181
2012/5/31,6264.38,6297.68,6322.69,6208.09,147.22,-0.0026
2012/6/1,6050.29,6259.76,6259.76,6008.47,206.4,-0.0342
2012/6/4,5978.23,5976.46,6030.81,5942.38,111.33,-0.0119
2012/6/5,5969.4,5999.86,6011.56,5914.43,117.54,-0.0015
2012/6/6,6093.99,6028.36,6102.42,5996.41,154.2,0.0209
2012/6/7,6144.22,6117.76,6230.22,6099.08,173.94,0.0082
2012/6/8,6130.82,6082.63,6144.76,6053.95,123.39,-0.0022
2012/6/11,6141.05,6255.65,6287.54,6130.28,159.99,0.0017
2012/6/12,6161.24,6141.92,6211.14,6083.81,148.39,0.0033
2012/6/13,6152.49,6183.8,6221.36,6093.61,131.92,-0.0014
2012/6/14,6138.61,6146.92,6167.49,6078.22,143.57,-0.0023
2012/6/15,6229.41,6164.56,6251.59,6158.78,320.68,0.0148
2012/6/18,6248.2,6304.77,6316.14,6221.87,176.32,0.003
2012/6/19,6363.36,6254.77,6375.27,6233.25,135.67,0.0184
2012/6/20,6392.13,6364.06,6402.21,6333.97,119.37,0.0045
2012/6/21,6343.13,6357.25,6427.49,6331.79,150.67,-0.0077
2012/6/22,6263.25,6273.1,6318.06,6256.34,131.81,-0.0126
2012/6/25,6132.39,6229.43,6229.43,6118.72,136.47,-0.0209
2012/6/26,6136.69,6157.84,6165.28,6109.93,149.24,0.0007
2012/6/27,6228.99,6155.91,6230.51,6131.3,132.28,0.015
2012/6/28,6149.91,6232.12,6240.09,6096.94,245.95,-0.0127
2012/6/29,6416.28,6296.74,6416.28,6261.74,223.08,0.0433
2012/7/2,6496.08,6405.39,6520.4,6390.55,162.08,0.0124
2012/7/3,6578.21,6508.33,6578.21,6505.39,141.68,0.0126
2012/7/4,6564.8,6564.3,6573.86,6525.51,102.26,-0.002
2012/7/5,6535.56,6561.77,6641.86,6475.92,180.05,-0.0045
2012/7/6,6410.11,6508.22,6533.79,6407.84,151.53,-0.0192
2012/7/9,6387.57,6408.64,6420.78,6375.69,117.9,-0.0035
2012/7/10,6438.33,6397.46,6491.4,6349.62,128.39,0.0079
2012/7/11,6453.85,6413.17,6496.53,6399.4,112.36,0.0024
2012/7/12,6419.35,6410.94,6448.22,6366.77,148.46,-0.0053
2012/7/13,6557.1,6446.22,6557.1,6436.09,144.69,0.0215
2012/7/16,6565.72,6550.95,6577.06,6511.18,99.84,0.0013
2012/7/17,6577.64,6583.77,6610.81,6542.89,109.1,0.0018
2012/7/18,6684.42,6601.71,6690.66,6578.86,122.36,0.0162
2012/7/19,6758.39,6706.99,6773.5,6698.87,151.17,0.0111
2012/7/20,6630.02,6741.9,6775.74,6620.72,180.46,-0.019
2012/7/23,6419.33,6561.87,6572.11,6371.15,217.16,-0.0318
2012/7/24,6390.41,6420.82,6456,6378,127.06,-0.0045
2012/7/25,6406.52,6387.84,6475.33,6375.15,115.69,0.0025
2012/7/26,6582.96,6393.2,6595.58,6324.53,192.52,0.0275
2012/7/27,6689.4,6605.42,6690.43,6513.97,147.76,0.0162
2012/7/30,6774.06,6729.19,6796.61,6703.26,138.64,0.0127
2012/7/31,6772.26,6780.62,6835.19,6756.18,155.52,-0.0003
2012/8/1,6754.46,6775.99,6800.1,6735.89,112.33,-0.0026
2012/8/2,6606.09,6756.16,6855.71,6596.21,237.75,-0.022
2012/8/3,6865.66,6626.3,6876.74,6621.36,176.77,0.0393
2012/8/6,6918.72,6845.88,6943.32,6845.88,118.9,0.0077
2012/8/7,6967.95,6909.28,6979.63,6902.86,132.94,0.0071
2012/8/8,6966.15,6944.89,6966.15,6907.29,121.07,-0.0003
2012/8/9,6964.99,6979.41,6989.15,6891.49,169.14,-0.0002
2012/8/10,6944.56,6927.71,6955.38,6891.9,142.18,-0.0029
2012/8/13,6909.68,6935.51,6976.31,6882.03,107.66,-0.005
2012/8/14,6974.39,6965.04,6995.03,6939.5,91.38,0.0094
2012/8/15,6946.8,6953.01,6972.64,6910.39,76.01,-0.004
2012/8/16,6996.29,6958.39,7001.4,6929.43,115.1,0.0071
2012/8/17,7040.88,7011.37,7041.11,7000.85,164.03,0.0064
2012/8/20,7033.68,7037.02,7086.22,7008.97,108.63,-0.001
2012/8/21,7089.32,7048.79,7105.43,7041.73,112.59,0.0079
2012/8/22,7017.75,7048.3,7051.77,7005.26,124,-0.0101
2012/8/23,6949.57,7065.99,7080.74,6923.07,130.44,-0.0097
2012/8/24,6971.07,6957.6,6990.07,6885.98,93.8,0.0031
2012/8/27,7047.45,6960.02,7049.48,6946.08,87.03,0.011
2012/8/28,7002.68,7004.05,7031.16,6976.01,85.89,-0.0064
2012/8/29,7010.57,7003.02,7029.8,6945.71,68.94,0.0011
2012/8/30,6895.49,6962.29,6978.5,6871,108.24,-0.0164
2012/8/31,6970.79,6897.73,7011.45,6889.79,119.11,0.0109
2012/9/3,7014.83,6946.61,7016.31,6944.25,85.29,0.0063
2012/9/4,6932.58,7012.99,7015.71,6920,88.15,-0.0117
2012/9/5,6964.69,6941.66,7003.53,6892.86,106.81,0.0046
2012/9/6,7167.33,6984.31,7172.32,6977.86,199.5,0.0291
2012/9/7,7214.5,7183.92,7248.51,7182.6,256.35,0.0066
2012/9/10,7213.7,7207.96,7233.92,7203.65,156.72,-0.0001
2012/9/11,7310.11,7197.2,7313.48,7186.63,171.05,0.0134
2012/9/12,7343.53,7331.58,7410.36,7307.48,295.64,0.0046
2012/9/13,7310.32,7341.78,7353.22,7280.23,142.29,-0.0045
2012/9/14,7412.13,7397.98,7446.47,7388.79,217.51,0.0139
2012/9/17,7403.69,7390.29,7414.22,7382.47,157.75,-0.0011
2012/9/18,7347.69,7350.09,7375,7304.25,173.48,-0.0076
2012/9/19,7390.76,7387.18,7396.12,7326.24,147.35,0.0059
2012/9/20,7389.49,7322.62,7390.46,7313.14,189.99,-0.0002
2012/9/21,7451.62,7409.34,7478.53,7391.06,277.45,0.0084
2012/9/24,7413.16,7419.65,7440.49,7388.2,127.43,-0.0052
2012/9/25,7425.11,7406.22,7438.89,7369.39,137.22,0.0016
2012/9/26,7276.51,7362.98,7362.98,7255.77,183.91,-0.02
2012/9/27,7290.02,7313.15,7324.97,7268.69,153.89,0.0019
2012/9/28,7216.15,7330.61,7337.17,7215.95,147.38,-0.0101
2012/10/1,7326.73,7227.81,7339.2,7225.29,126.1,0.0153
2012/10/2,7305.86,7278.13,7373.15,7266.11,133.88,-0.0028
2012/10/3,7322.08,7283.26,7339.33,7272.06,99.33,0.0022
2012/10/4,7305.21,7368.21,7374.86,7283.48,129.88,-0.0023
2012/10/5,7397.87,7327.7,7409.78,7312.79,115.17,0.0127
2012/10/8,7291.21,7340.39,7341.28,7286.24,121.13,-0.0144
2012/10/9,7234.53,7306.33,7308.13,7221.5,100.58,-0.0078
2012/10/10,7205.23,7219.46,7245.17,7201.09,86.65,-0.004
2012/10/11,7281.7,7192.75,7305.46,7182.31,128.55,0.0106
2012/10/12,7232.49,7260.57,7291.24,7232.42,124.91,-0.0068
2012/10/15,7261.25,7237.4,7302.23,7237.4,128.06,0.004
2012/10/16,7376.27,7309.08,7387.78,7293.9,132.65,0.0158
2012/10/17,7394.55,7381.08,7399.99,7367.59,129.16,0.0025
2012/10/18,7437.23,7401.41,7447.81,7389.01,145.42,0.0058
2012/10/19,7380.64,7413.69,7430.12,7363.5,178.61,-0.0076
2012/10/22,7328.05,7372.36,7390.1,7313.24,100.7,-0.0071
2012/10/23,7173.69,7339.16,7343.6,7153.8,127.31,-0.0211
2012/10/24,7192.85,7202.03,7216.13,7120.68,135.67,0.0027
2012/10/25,7200.23,7203.12,7256.22,7181.45,110.26,0.001
2012/10/26,7231.85,7161.73,7257.37,7147.51,97.03,0.0044
2012/10/29,7203.16,7205.05,7225.32,7171.96,70.91,-0.004
2012/10/30,7284.4,7239.69,7292.83,7239.04,86.88,0.0113
2012/10/31,7260.63,7305.07,7347.51,7260.63,124.99,-0.0033
2012/11/1,7335.67,7255.3,7356.18,7255.11,90,0.0103
2012/11/2,7363.85,7336.52,7391.04,7314.68,137.46,0.0038
2012/11/5,7326.47,7320.98,7337.47,7304.45,78.95,-0.0051
2012/11/6,7377.76,7336.46,7388.98,7319.73,107.33,0.007
2012/11/7,7232.83,7425.08,7434.96,7226.6,174.47,-0.0196
2012/11/8,7204.96,7260.35,7287,7184.18,188.73,-0.0039
2012/11/9,7163.5,7220.69,7222.87,7064.34,204.08,-0.0058
2012/11/12,7168.76,7164.68,7196,7138.17,118.85,0.0007
2012/11/13,7169.12,7131.6,7185.29,7074.87,185.56,0.0001
2012/11/14,7101.92,7156.34,7182.81,7084.63,146.56,-0.0094
2012/11/15,7043.42,7064.99,7079.22,7021.62,138.53,-0.0082
2012/11/16,6950.53,7045.63,7059.83,6950.53,189.84,-0.0132
2012/11/19,7123.84,7020.23,7130.87,7007.21,137.51,0.0249
2012/11/20,7172.99,7098.13,7186.61,7092.23,109.24,0.0069
2012/11/21,7184.71,7148.91,7194.79,7139.99,98.22,0.0016
2012/11/22,7244.99,7210.46,7253.02,7205.2,126.77,0.0084
2012/11/23,7309.13,7258.33,7311.55,7219.55,104.51,0.0089
2012/11/26,7292.03,7286.69,7312.86,7273.57,83.95,-0.0023
2012/11/27,7332.33,7343.01,7361.55,7307.3,117.19,0.0055
2012/11/28,7343.41,7317.49,7351.48,7265.44,98.24,0.0015
2012/11/29,7400.96,7382.55,7416.52,7377.09,121.11,0.0078
2012/11/30,7405.5,7399.09,7442.6,7398.22,104.67,0.0006
2012/12/3,7435.21,7427.41,7487.89,7419.3,100.56,0.004
2012/12/4,7435.12,7428.13,7466.25,7417.3,96.65,0
2012/12/5,7454.55,7480.59,7482.28,7428.7,125.61,0.0026
2012/12/6,7534.54,7469.54,7554.51,7461.19,138.74,0.0107
2012/12/7,7517.8,7539.78,7553.05,7487.64,129.9,-0.0022
2012/12/10,7530.92,7484.95,7536.6,7457.4,101.72,0.0017
2012/12/11,7589.75,7529.24,7596.9,7518.74,111.33,0.0078
2012/12/12,7614.79,7595.2,7626.4,7590.18,118.11,0.0033
2012/12/13,7581.98,7618.62,7618.62,7561.96,119.24,-0.0043
2012/12/14,7596.47,7599.03,7619.26,7571.16,93.63,0.0019
2012/12/17,7604.94,7604.16,7627.14,7564.07,89.7,0.0011
2012/12/18,7653.58,7634.28,7667.91,7626.25,127.2,0.0064
2012/12/19,7668.5,7675.33,7682.9,7655.71,128.89,0.0019
2012/12/20,7672.1,7642.99,7675.45,7635.39,102.03,0.0005
2012/12/21,7636.23,7632.41,7653.73,7596.64,208.16,-0.0047
2012/12/27,7655.88,7652.27,7676.5,7640.3,64.57,0.0026
2012/12/28,7612.39,7649.89,7665.68,7602.89,48.12,-0.0057
2013/1/2,7778.78,7689.46,7789.94,7689.46,140.35,0.0219
2013/1/3,7756.44,7762.13,7777.02,7737.98,86.17,-0.0029
2013/1/4,7776.37,7740.99,7779.67,7727.55,101.58,0.0026
2013/1/7,7732.66,7760.01,7767.55,7713.42,151.7,-0.0056
2013/1/8,7695.83,7710.7,7754.38,7683.48,130.43,-0.0048
2013/1/9,7720.47,7713.57,7734.78,7688.55,158.33,0.0032
2013/1/10,7708.47,7732.14,7773.69,7685.08,176.13,-0.0016
2013/1/11,7715.53,7725.93,7731.45,7683.92,174.96,0.0009
2013/1/14,7729.52,7737.61,7785.82,7702.36,41.22,0.0018
2013/1/15,7675.91,7704.05,7735.21,7635.88,138.58,-0.0069
2013/1/16,7691.13,7661.61,7694.8,7643.14,108.71,0.002
2013/1/17,7735.46,7677.28,7764.03,7662.43,110.87,0.0058
2013/1/18,7702.23,7747.13,7753.49,7702.23,133.35,-0.0043
2013/1/21,7748.86,7727.77,7749.82,7719.02,71.75,0.0061
2013/1/22,7696.21,7741.88,7746.91,7634.26,143.51,-0.0068
2013/1/23,7707.54,7702.92,7731.63,7684.84,123.89,0.0015
2013/1/24,7748.13,7700.53,7753.3,7661.96,129.65,0.0053
2013/1/25,7857.97,7746.78,7865.16,7743.19,120.2,0.0142
2013/1/28,7833,7859.83,7871.79,7831.72,88.2,-0.0032
2013/1/29,7848.57,7841.96,7857.14,7800.12,114.47,0.002
2013/1/30,7811.31,7855.68,7863.35,7775.03,129.32,-0.0047
2013/1/31,7776.05,7800.45,7812.34,7765.2,171.42,-0.0045
2013/2/1,7833.39,7792.59,7853.37,7784.97,128.95,0.0074
2013/2/4,7638.23,7822.54,7837.64,7637.68,197.22,-0.0249
2013/2/5,7664.66,7643.54,7677.14,7622.3,179.59,0.0035
2013/2/6,7581.18,7665.88,7694.42,7537.29,152.98,-0.0109
2013/2/7,7590.85,7581.37,7661.31,7565.32,144.8,0.0013
2013/2/8,7652.14,7607.57,7655.31,7577.34,123.64,0.0081
2013/2/11,7633.74,7627.72,7676.82,7597.61,103.66,-0.0024
2013/2/12,7660.19,7619.12,7661.97,7593.66,118.83,0.0035
2013/2/13,7711.89,7678.48,7737.41,7650.29,97.75,0.0067
2013/2/14,7631.19,7697.89,7729.36,7607.48,113.78,-0.0105
2013/2/15,7593.51,7636.26,7649.5,7588.57,185.14,-0.0049
2013/2/18,7628.73,7591.08,7629.78,7568.16,91.57,0.0046
2013/2/19,7752.45,7614.1,7762.9,7611.6,131.08,0.0162
2013/2/20,7728.9,7747.21,7784.64,7709.48,135.41,-0.003
2013/2/21,7583.57,7681.61,7688.44,7561.84,156.41,-0.0188
2013/2/22,7661.91,7619.81,7681.12,7607.26,148.92,0.0103
2013/2/25,7773.19,7731.8,7860.57,7726.4,182.46,0.0145
2013/2/26,7597.11,7682.24,7683.96,7589.32,171.52,-0.0227
2013/2/27,7675.83,7641.84,7679.44,7565.78,117.57,0.0104
2013/2/28,7741.7,7712.2,7753.39,7691.81,126.36,0.0086
2013/3/1,7708.16,7735.35,7767.67,7627.99,131.32,-0.0043
2013/3/4,7691.68,7654.67,7708.88,7637.32,83.89,-0.0021
2013/3/5,7870.31,7779.62,7883.6,7772.33,137.28,0.0232
2013/3/6,7919.33,7907.39,7977.64,7898.04,124.63,0.0062
2013/3/7,7939.77,7934.19,7956.26,7911.56,98.78,0.0026
2013/3/8,7986.47,7970.66,8015.07,7962.28,134.78,0.0059
2013/3/11,7984.29,7967.46,7989.21,7954.58,82.98,-0.0003
2013/3/12,7966.12,7970.83,7999.5,7933.94,175.95,-0.0023
2013/3/13,7970.91,7964.77,7978.84,7942.37,368.77,0.0006
2013/3/14,8058.37,8013.25,8060.26,8011.22,280.67,0.011
2013/3/15,8042.85,8074.03,8074.47,7996.95,311.6,-0.0019
2013/3/18,8010.7,7924.04,8020.91,7901.94,130.36,-0.004
2013/3/19,7947.79,7980.54,8000.97,7919.45,154.9,-0.0079
2013/3/20,8001.97,7995.59,8030.46,7972.21,122.11,0.0068
2013/3/21,7932.51,7989.59,7999.34,7887.67,159.85,-0.0087
2013/3/22,7911.35,7917.64,7953.93,7876.36,131.99,-0.0027
2013/3/25,7870.9,7988.27,8030.76,7847.97,157.51,-0.0051
2013/3/26,7879.67,7889.15,7912.52,7859.27,115.37,0.0011
2013/3/27,7789.09,7905.96,7916.76,7750.38,146.7,-0.0115
2013/3/28,7795.31,7791.14,7842.58,7778.02,128.18,0.0008
2013/4/2,7943.87,7806.12,7949.2,7805.92,116.77,0.0191
2013/4/3,7874.75,7926.88,7953.15,7869.81,103.69,-0.0087
2013/4/4,7817.39,7902.86,7927.93,7803.89,145,-0.0073
2013/4/5,7658.75,7820.69,7825.28,7632.42,144.76,-0.0203
2013/4/8,7662.64,7669.04,7698.47,7645.56,85.36,0.0005
2013/4/9,7637.51,7704.35,7723.2,7608.04,120.78,-0.0033
2013/4/10,7810.63,7664.16,7822.12,7660.2,158.66,0.0227
2013/4/11,7871.63,7799.31,7885.45,7786.75,126.5,0.0078
2013/4/12,7744.77,7831.87,7838.53,7726.13,121.69,-0.0161
2013/4/15,7712.63,7740.54,7773.11,7651.58,118.15,-0.0041
2013/4/16,7682.58,7680.78,7739.66,7639.43,139.71,-0.0039
2013/4/17,7503.03,7719.56,7722.46,7473.07,161.07,-0.0234
2013/4/18,7473.73,7519.67,7556.55,7436.78,140.26,-0.0039
2013/4/19,7459.96,7490.11,7531.09,7418.36,178.32,-0.0018
2013/4/22,7478.11,7516.06,7538.22,7437.52,153.7,0.0024
2013/4/23,7658.21,7477.03,7664.22,7442.36,184.06,0.0241
2013/4/24,7759.03,7656.76,7767.36,7656.22,117.92,0.0132
2013/4/25,7832.86,7766.61,7838.31,7741.98,92.93,0.0095
2013/4/26,7814.76,7835.59,7840.47,7767.61,94.49,-0.0023
2013/4/29,7873.5,7834.02,7873.5,7823.24,79.2,0.0075
2013/4/30,7913.71,7928.42,7965.9,7893.08,119.77,0.0051
2013/5/2,7961.71,7905.35,8005.83,7896.99,142.87,0.0061
2013/5/3,8122.29,7972.28,8130.16,7957.36,134.55,0.0202
2013/5/6,8112.08,8119.22,8148.14,8103.27,66.15,-0.0013
2013/5/7,8181.78,8125.82,8206.01,8116.67,89.54,0.0086
2013/5/8,8249.71,8176.88,8253.47,8173.35,121.8,0.0083
2013/5/9,8262.55,8232.5,8274.18,8224.52,57.87,0.0016
2013/5/10,8278.59,8278.45,8358.23,8252.37,95.07,0.0019
2013/5/13,8279.29,8281.95,8294.56,8217.15,85.26,0.0001
2013/5/14,8339.11,8304.5,8339.11,8235.97,114.73,0.0072
2013/5/15,8362.42,8333.61,8368.06,8299.83,152.9,0.0028
2013/5/16,8369.87,8348.54,8401.28,8324.23,125.95,0.0009
2013/5/17,8398,8356.26,8408.62,8327.47,158.38,0.0034
2013/5/20,8455.83,8434.97,8456.24,8401.74,78.3,0.0069
2013/5/21,8472.2,8446.78,8476.18,8397.54,113.84,0.0019
2013/5/22,8530.89,8467.56,8557.86,8434.83,110.21,0.0069
2013/5/23,8351.98,8410.06,8412.25,8281.11,132.88,-0.021
2013/5/24,8305.32,8390.16,8391.02,8262.64,131.15,-0.0056
2013/5/27,8383.3,8346.6,8386.86,8338.32,48.71,0.0094
2013/5/28,8480.87,8432.46,8526.42,8424.4,97.46,0.0116
2013/5/29,8336.58,8437.21,8445.46,8316.7,107.5,-0.017
2013/5/30,8400.2,8314.2,8416.36,8293.96,103.14,0.0076
2013/5/31,8348.84,8385.38,8401.63,8297.03,122.4,-0.0061
2013/6/3,8285.8,8291.49,8395.56,8214.78,97.75,-0.0076
2013/6/4,8295.96,8358.68,8384.36,8274.94,82.41,0.0012
2013/6/5,8196.18,8229.23,8293.28,8182.08,89.16,-0.012
2013/6/6,8098.81,8188.82,8235.09,8098.81,85.24,-0.0119
2013/6/7,8254.68,8124.88,8279.03,8034.55,103.6,0.0192
2013/6/10,8307.69,8246.04,8355.79,8245.94,75.73,0.0064
2013/6/11,8222.46,8256.19,8260.86,8141.02,96.69,-0.0103
2013/6/12,8143.27,8204.91,8246.08,8122.72,81.79,-0.0096
2013/6/13,8095.39,8023.37,8110.38,7968.13,97.59,-0.0059
2013/6/14,8127.96,8157.88,8188,8111.38,72.77,0.004
2013/6/17,8215.73,8170.75,8265.49,8167.67,73.15,0.0108
2013/6/18,8229.51,8196.44,8241.6,8176.19,73.65,0.0017
2013/6/19,8197.08,8254.57,8285.9,8160.5,78.66,-0.0039
2013/6/20,7928.48,8085.67,8085.67,7911.96,131.81,-0.0328
2013/6/21,7789.24,7946.32,7987.04,7789.24,245.49,-0.0176
2013/6/24,7692.45,7776.88,7823.84,7655.83,121.38,-0.0124
2013/6/25,7811.3,7741.13,7842.48,7725.99,109.49,0.0155
2013/6/26,7940.99,7810.37,7960.45,7800.85,128.57,0.0166
2013/6/27,7990.75,7945.92,8025.81,7919.59,102.94,0.0063
2013/6/28,7959.22,8015.53,8037.68,7906.14,101.76,-0.0039
2013/7/1,7983.92,8000.02,8023.15,7890.28,96.72,0.0031
2013/7/2,7910.77,7988.92,7988.96,7873.97,96.76,-0.0092
2013/7/3,7829.32,7841.18,7841.87,7730.37,115.95,-0.0103
2013/7/4,7994.31,7877.91,8015.08,7863.76,119.38,0.0211
2013/7/5,7806,8010.44,8031.71,7805.36,116.27,-0.0236
2013/7/8,7968.54,7865.92,8015.21,7848.14,79.57,0.0208
2013/7/9,8057.75,8021.13,8086.95,8005.73,82.86,0.0112
2013/7/10,8066.48,8056.51,8081.21,7990.65,75.95,0.0011
2013/7/11,8158.8,8163.56,8176.7,8130.48,81.26,0.0114
2013/7/12,8212.77,8192.91,8244.13,8178.2,87.87,0.0066
2013/7/15,8234.81,8237.92,8271.38,8211.42,67.64,0.0027
2013/7/16,8201.05,8251.51,8252.25,8178.19,68.67,-0.0041
2013/7/17,8254.72,8216.7,8269.22,8137.53,71.75,0.0065
2013/7/18,8337.09,8239.38,8337.2,8215.66,79.51,0.01
2013/7/19,8331.57,8299.01,8336.87,8284.36,119.92,-0.0007
2013/7/22,8331.06,8343.28,8374.47,8310.29,73.05,-0.0001
2013/7/23,8314.23,8358.62,8365.98,8306.6,80.77,-0.002
2013/7/24,8379.11,8325.06,8415.33,8318.48,88.49,0.0078
2013/7/25,8298.98,8349.52,8356.88,8265.14,96.06,-0.0096
2013/7/26,8244.91,8341.78,8362.04,8217.26,75.42,-0.0065
2013/7/29,8259.03,8307.12,8324.15,8245.53,67.36,0.0017
2013/7/30,8271.02,8302.14,8333.95,8256.4,135.63,0.0015
2013/7/31,8275.97,8235.22,8295.56,8213.36,113.06,0.0006
2013/8/1,8410.73,8320.38,8411.3,8316.89,97.99,0.0163
2013/8/2,8406.94,8428.58,8431.67,8376.28,73.39,-0.0005
2013/8/5,8398.38,8416.11,8435.32,8367.34,62.9,-0.001
2013/8/6,8299.73,8387.93,8435.49,8267.98,122.12,-0.0117
2013/8/7,8260.48,8265.33,8281.52,8228.11,78.95,-0.0047
2013/8/8,8318.32,8256.4,8341.44,8252.46,145.6,0.007
2013/8/9,8338.31,8332.53,8374.59,8286.41,89.03,0.0024
2013/8/12,8359.25,8341.96,8371.16,8238.86,82.33,0.0025
2013/8/13,8415.76,8395.82,8444.52,8383.23,95.3,0.0068
2013/8/14,8438.12,8424.88,8457.05,8400.75,80.1,0.0027
2013/8/15,8376.29,8418.94,8422.03,8307.98,72.73,-0.0073
2013/8/16,8391.94,8348.42,8402.3,8330.33,85.75,0.0019
2013/8/19,8366.29,8395.02,8395.41,8329,59.79,-0.0031
2013/8/20,8300.03,8294.87,8319.82,8246.19,84.5,-0.0079
2013/8/21,8285.41,8301.06,8310.68,8268.42,65.97,-0.0018
2013/8/22,8397.89,8289.3,8425.26,8283.77,80.63,0.0136
2013/8/23,8416.99,8398.28,8438.44,8360.23,67.69,0.0023
2013/8/26,8435.15,8424.07,8437.75,8386.05,42.82,0.0022
2013/8/27,8242.56,8378.93,8423.78,8242.56,106.54,-0.0228
2013/8/28,8157.9,8202.86,8219.26,8094.22,97.8,-0.0103
2013/8/29,8194.55,8189.02,8199.29,8129.99,69.82,0.0045
2013/8/30,8103.15,8197.72,8201.49,8101.95,86.45,-0.0112
2013/9/2,8243.87,8224.34,8268.73,8211.03,66.69,0.0174
2013/9/3,8180.71,8259.37,8264.72,8142.86,88.28,-0.0077
2013/9/4,8195.92,8201.56,8206.87,8095.91,84.77,0.0019
2013/9/5,8234.98,8205.56,8257.73,8165.36,96.65,0.0048
2013/9/6,8275.67,8222.21,8295.81,8174.32,124.85,0.0049
2013/9/9,8276.32,8275.01,8310.37,8246.77,76.36,0.0001
2013/9/10,8446.54,8357.69,8464.25,8350.42,125.31,0.0206
2013/9/11,8495.73,8453.32,8502.79,8446.69,106.15,0.0058
2013/9/12,8494,8509.49,8516.98,8466.61,102.39,-0.0002
2013/9/13,8509.42,8461.31,8518.18,8456.84,76.22,0.0018
2013/9/16,8613,8599.65,8626.11,8578.01,87.86,0.0122
2013/9/17,8596.95,8595.56,8613.89,8585.04,81.36,-0.0019
2013/9/18,8636.06,8617.45,8645.9,8594.65,75.77,0.0045
2013/9/19,8694.18,8735.11,8770.1,8665.75,120.86,0.0067
2013/9/20,8675.73,8693.32,8713.78,8666.49,249.59,-0.0021
2013/9/23,8635.29,8682.94,8699.47,8605.59,89.11,-0.0047
2013/9/24,8664.6,8645.24,8672.08,8633.21,79.11,0.0034
2013/9/25,8665.63,8655.04,8681.99,8609.95,108.14,0.0001
2013/9/26,8664.1,8678.82,8688.49,8628.61,88.92,-0.0002
2013/9/27,8661.51,8672.82,8691.48,8611.45,68.2,-0.0003
2013/9/30,8594.4,8562.85,8606.71,8546.72,78.81,-0.0077
2013/10/1,8689.14,8618.59,8691.85,8612.23,83.4,0.011
2013/10/2,8629.42,8650.71,8672.26,8581.02,76.86,-0.0069
2013/10/3,8597.91,8647.86,8654.79,8590.46,49.87,-0.0037
2013/10/4,8622.97,8590.91,8639.74,8570.21,85.01,0.0029
2013/10/7,8591.58,8557.04,8604.86,8510.42,87.36,-0.0036
2013/10/8,8555.89,8591.02,8610.01,8551.69,77.44,-0.0042
2013/10/9,8516.69,8541.08,8589.64,8489.62,78.21,-0.0046
2013/10/10,8685.77,8563.39,8694.17,8547.72,105.33,0.0199
2013/10/11,8724.83,8705.03,8729.33,8695.76,92.38,0.0045
2013/10/14,8723.81,8688.45,8727.58,8675.95,64.14,-0.0001
2013/10/15,8804.44,8757.13,8820.98,8757.09,93.81,0.0092
2013/10/16,8846,8792.99,8861.28,8781,92.34,0.0047
2013/10/17,8811.98,8817.11,8829.79,8765.47,95.19,-0.0038
2013/10/18,8865.1,8849.77,8865.1,8804.81,166.47,0.006
2013/10/21,8867.22,8828.47,8876.14,8827.23,74.87,0.0002
2013/10/22,8947.46,8853.87,8987.63,8849.16,100.45,0.009
2013/10/23,8919.86,8906.91,8932.91,8897.5,79.94,-0.0031
2013/10/24,8980.63,8968.5,8987.04,8950.81,76.69,0.0068
2013/10/25,8985.74,8952.78,9010.65,8944.14,71.22,0.0006
2013/10/28,8978.65,9013.05,9017.95,8950.21,61.43,-0.0008
2013/10/29,9022.04,8965.75,9022.21,8965.75,76.42,0.0048
2013/10/30,9010.27,9030.31,9070.17,8996.25,69.97,-0.0013
2013/10/31,9033.92,8985.48,9037.41,8976.37,82.81,0.0026
2013/11/1,9007.83,9032.29,9048.1,8992.9,54.23,-0.0029
2013/11/4,9037.23,9035.91,9053.93,9019.31,60.97,0.0033
2013/11/5,9009.11,9036.18,9041.97,8962.42,87.09,-0.0031
2013/11/6,9040.87,9030.47,9065.96,9021.84,68.9,0.0035
2013/11/7,9081.03,9038.47,9193.98,9026.09,143.22,0.0044
2013/11/8,9078.28,9036.59,9079.05,8986.49,86.78,-0.0003
2013/11/11,9107.86,9081.58,9124.24,9064.61,66.64,0.0033
2013/11/12,9076.48,9102.99,9124.24,9073.93,96.96,-0.0034
2013/11/13,9054.83,9056.71,9074.56,8981.09,92.47,-0.0024
2013/11/14,9149.66,9137.48,9151.35,9101.29,108.72,0.0105
2013/11/15,9168.69,9157.6,9188.47,9133.51,96.78,0.0021
2013/11/18,9225.43,9154.23,9253.68,9140.51,88.83,0.0062
2013/11/19,9193.29,9197.47,9217.36,9179.25,77.18,-0.0035
2013/11/20,9202.07,9175.64,9236.78,9162.84,68.36,0.001
2013/11/21,9196.08,9127.89,9210.67,9117.09,78.79,-0.0007
2013/11/22,9219.04,9210.69,9230.16,9168.92,72.24,0.0025
2013/11/25,9299.95,9258.22,9323.44,9252.73,69.94,0.0088
2013/11/26,9290.07,9297.65,9316.62,9287.3,85.11,-0.0011
2013/11/27,9351.13,9308.96,9363.48,9295.56,59.07,0.0066
2013/11/28,9387.37,9359.5,9399.63,9358.77,54.33,0.0039
2013/11/29,9405.3,9378.55,9424.62,9376.58,65.83,0.0019
2013/12/2,9401.96,9412.95,9424.83,9384.12,74.6,-0.0004
2013/12/3,9223.4,9398.19,9404.17,9223.13,116.91,-0.019
2013/12/4,9140.63,9246.89,9253.13,9069.82,94.99,-0.009
2013/12/5,9084.95,9110.53,9172.16,9078,77.77,-0.0061
2013/12/6,9172.41,9126.15,9195.75,9084.12,81.33,0.0096
2013/12/9,9195.17,9218.81,9225.53,9171.36,62.71,0.0025
2013/12/10,9114.44,9180.29,9223.73,9091.97,74.36,-0.0088
2013/12/11,9077.11,9093.26,9153.14,9065.51,64.85,-0.0041
2013/12/12,9017,9032.67,9060.54,8984.28,75.12,-0.0066
2013/12/13,9006.46,9016.78,9046.63,8990.58,67.76,-0.0012
2013/12/16,9163.56,9004.62,9187.78,8997.75,99.11,0.0174
2013/12/17,9085.12,9142.75,9161.8,9085.12,72.21,-0.0086
2013/12/18,9181.75,9145.35,9190.73,9122.05,82.34,0.0106
2013/12/19,9335.74,9279.68,9351.9,9257.24,98.28,0.0168
2013/12/20,9400.18,9371.08,9413.09,9352.98,161.69,0.0069
2013/12/23,9488.82,9436.49,9488.82,9427.54,48.37,0.0094
2013/12/27,9589.39,9558.55,9589.39,9548.89,51.39,0.0106
2013/12/30,9552.16,9586.53,9594.35,9552.16,35.98,-0.0039
2014/1/2,9400.04,9598.25,9620.93,9394.21,90.96,-0.0159
2014/1/3,9435.15,9409.66,9453.48,9367.99,58.77,0.0037
2014/1/6,9428,9419.44,9468.8,9399.81,53.65,-0.0008
2014/1/7,9506.2,9446.25,9518.72,9416.86,79.95,0.0083
2014/1/8,9497.84,9512.79,9516.26,9467.95,90.14,-0.0009
2014/1/9,9421.61,9492.24,9549.5,9402.8,98.92,-0.008
2014/1/10,9473.24,9473.87,9529.7,9441.25,96.13,0.0055
2014/1/13,9510.17,9497.92,9519.3,9457.31,85.79,0.0039
2014/1/14,9540.51,9391.46,9540.51,9381.94,104.78,0.0032
2014/1/15,9733.81,9590.57,9747.4,9582.1,120.1,0.0203
2014/1/16,9717.71,9742.21,9747.37,9702.97,87.81,-0.0017
2014/1/17,9742.96,9718.2,9789.89,9709.14,131.1,0.0026
2014/1/20,9715.9,9713.2,9733.4,9672.32,78.13,-0.0028
2014/1/21,9730.12,9751.98,9794.05,9714.02,80.84,0.0015
2014/1/22,9720.11,9752.11,9765.63,9677.14,84.23,-0.001
2014/1/23,9631.04,9690.51,9728.78,9596.49,98.66,-0.0092
2014/1/24,9392.02,9646.65,9664.24,9374.08,125.92,-0.0248
2014/1/27,9349.22,9389.17,9402.72,9310.99,112.55,-0.0046
2014/1/28,9406.91,9405.53,9427.59,9345.76,99.32,0.0062
2014/1/29,9336.73,9507.35,9537.63,9221.3,126.38,-0.0075
2014/1/30,9373.48,9343.51,9415.48,9266.95,97.75,0.0039
2014/1/31,9306.48,9339.84,9346.79,9166.05,126.86,-0.0071
2014/2/3,9186.52,9318.77,9357.58,9173.56,105.55,-0.0129
2014/2/4,9127.91,9126.46,9166.98,9071.25,114.6,-0.0064
2014/2/5,9116.32,9105.28,9154.72,9080.87,95.61,-0.0013
2014/2/6,9256.58,9166.46,9274.46,9128.97,122.69,0.0154
2014/2/7,9301.92,9275.38,9323.24,9223.21,89,0.0049
2014/2/10,9289.86,9331.71,9346.13,9280.18,59.6,-0.0013
2014/2/11,9478.77,9338.8,9478.77,9338.01,76.25,0.0203
2014/2/12,9540,9505.12,9594.85,9501.96,85.29,0.0065
2014/2/13,9596.77,9522.66,9600.64,9479.86,93.21,0.006
2014/2/14,9662.4,9615.52,9677.53,9593.37,91.5,0.0068
2014/2/17,9656.76,9661.8,9682.19,9645.51,45.85,-0.0006
2014/2/18,9659.78,9674.8,9690.97,9614.4,58.83,0.0003
2014/2/19,9660.05,9641.45,9695.86,9596.42,72.89,0
2014/2/20,9618.85,9524.58,9618.85,9504.18,88.68,-0.0043
2014/2/21,9656.95,9665.08,9666.15,9598.03,78.59,0.004
2014/2/24,9708.94,9619.64,9708.94,9602.95,67.95,0.0054
2014/2/25,9699.35,9676.56,9710.95,9628.72,90.68,-0.001
2014/2/26,9661.73,9708.5,9720.66,9612.52,87.28,-0.0039
2014/2/27,9588.33,9660.55,9672.82,9497.78,86.42,-0.0076
2014/2/28,9692.08,9592.9,9692.08,9566.04,83.2,0.0108
2014/3/3,9358.89,9553.08,9554.17,9358.73,118.04,-0.0344
2014/3/4,9589.15,9453.77,9590.11,9421.16,95.63,0.0246
2014/3/5,9542.02,9562.39,9599,9534.43,73.34,-0.0049
2014/3/6,9542.87,9577.35,9587.44,9505.32,103.68,0.0001
2014/3/7,9350.75,9538.45,9543.24,9346.82,103.25,-0.0201
2014/3/10,9265.5,9305.51,9382.98,9216.07,84.88,-0.0091
2014/3/11,9307.79,9295.32,9375.29,9259.18,72.3,0.0046
2014/3/12,9188.69,9257.13,9267.1,9142.54,107.43,-0.0128
2014/3/13,9017.79,9200.12,9226.96,9017.35,113.77,-0.0186
2014/3/14,9056.41,8939.18,9094.24,8913.27,141.18,0.0043
2014/3/17,9180.89,9047.49,9197.81,9047.49,86.96,0.0137
2014/3/18,9242.55,9172.05,9315.07,9105.69,99.3,0.0067
2014/3/19,9277.05,9262.71,9325.93,9221.59,89.48,0.0037
2014/3/20,9296.12,9215.7,9296.9,9156.63,96.95,0.0021
2014/3/21,9342.94,9300.66,9376.94,9288.15,198.58,0.005
2014/3/24,9188.77,9349.52,9358.95,9181.37,86.79,-0.0165
2014/3/25,9338.4,9223.92,9372.07,9223.9,82.23,0.0163
2014/3/26,9448.58,9367.53,9488.74,9360.3,75.84,0.0118
2014/3/27,9451.21,9428.91,9469.39,9397.98,66.83,0.0003
2014/3/28,9587.19,9487.12,9587.19,9484.9,70.5,0.0144
2014/3/31,9555.91,9621.92,9634.82,9543.09,68.77,-0.0033
2014/4/1,9603.71,9601.96,9631.06,9574.63,72.84,0.005
2014/4/2,9623.36,9628.76,9645.6,9608.46,73.98,0.002
2014/4/3,9628.82,9620.87,9689.52,9591.89,76.39,0.0006
2014/4/4,9695.77,9641.96,9721.5,9627.74,75.31,0.007
2014/4/7,9510.85,9585.52,9608.2,9496.67,78.8,-0.0191
2014/4/8,9490.79,9525.07,9525.94,9391.86,86.19,-0.0021
2014/4/9,9506.35,9506.75,9542.31,9480.96,69.92,0.0016
2014/4/10,9454.54,9556.7,9581.48,9440.99,77.87,-0.0054
2014/4/11,9315.29,9351.2,9390.44,9259.43,100.49,-0.0147
2014/4/14,9339.17,9248.86,9339.17,9214.18,90.92,0.0026
2014/4/15,9173.71,9324.84,9344.85,9166.53,88.16,-0.0177
2014/4/16,9317.82,9252.3,9318.97,9221.48,78.8,0.0157
2014/4/17,9409.71,9311.03,9417.82,9277.36,86.3,0.0099
2014/4/22,9600.09,9455.52,9602.57,9439.66,70.19,0.0202
2014/4/23,9544.19,9602.12,9607.84,9539.62,61.22,-0.0058
2014/4/24,9548.68,9597.07,9645.06,9410.33,87.81,0.0005
2014/4/25,9401.55,9474.79,9501.91,9367.42,79.23,-0.0154
2014/4/28,9446.36,9454.84,9496.84,9407.65,67.54,0.0048
2014/4/29,9584.12,9521.65,9596.42,9480.57,91.47,0.0146
2014/4/30,9603.23,9576.93,9618.98,9561.06,90.29,0.002
2014/5/2,9556.02,9611.79,9627.38,9533.3,88.06,-0.0049
2014/5/5,9529.5,9536.38,9548.17,9407.09,61.91,-0.0028
2014/5/6,9467.53,9570.25,9571.63,9440.47,82.06,-0.0065
2014/5/7,9521.3,9418.5,9554.35,9410.08,92.73,0.0057
2014/5/8,9607.4,9547.27,9622.3,9487.57,102.02,0.009
2014/5/9,9581.45,9591.32,9602.86,9558.11,80.08,-0.0027
2014/5/12,9702.46,9608.93,9710.34,9587.14,87.51,0.0126
2014/5/13,9754.43,9751.05,9783.72,9732.34,96.84,0.0054
2014/5/14,9754.39,9765.62,9772.09,9733.21,76.08,0
2014/5/15,9656.05,9741.25,9810.29,9631.57,133.9,-0.0101
2014/5/16,9629.1,9646.56,9670.9,9577.9,113.09,-0.0028
2014/5/19,9659.39,9607.32,9676.52,9534.56,97.86,0.0031
2014/5/20,9639.08,9644.8,9685.56,9613.91,67.59,-0.0021
2014/5/21,9697.87,9615.86,9709.91,9583.56,86.24,0.0061
2014/5/22,9720.91,9731.45,9734.14,9689.13,63.7,0.0024
2014/5/23,9768.01,9722.63,9779.59,9704.75,65.28,0.0048
2014/5/26,9892.82,9826.91,9893.81,9821.68,53.85,0.0128
2014/5/27,9940.82,9893.33,9951.9,9879.64,79.8,0.0049
2014/5/28,9939.17,9950.74,9957.87,9898.26,72.75,-0.0002
2014/5/29,9938.9,9937.66,9956.24,9917.97,65.74,0
2014/5/30,9943.27,9926.73,9970.77,9924.63,103.68,0.0004
2014/6/2,9950.12,9986.86,9992.33,9907.77,57.92,0.0007
2014/6/3,9919.74,9949.96,9954.78,9887.01,71.97,-0.0031
2014/6/4,9926.67,9903.82,9928.96,9866.97,66.44,0.0007
2014/6/5,9947.83,9929.41,10013.69,9896.09,129.94,0.0021
2014/6/6,9987.19,9954.01,10000.92,9941.65,92.99,0.004
2014/6/9,10008.63,9994.4,10009.6,9985.87,43.2,0.0021
2014/6/10,10028.8,9998.51,10033.74,9987.69,64.85,0.002
2014/6/11,9949.81,10022.99,10024.84,9921.26,96.29,-0.0079
2014/6/12,9938.7,9950.52,9970.38,9917.61,68.48,-0.0011
2014/6/13,9912.87,9920.49,9944.57,9829.09,79.42,-0.0026
2014/6/16,9883.98,9885.97,9925.85,9872.77,64.03,-0.0029
2014/6/17,9920.32,9915.2,9982.89,9861.29,72.08,0.0037
2014/6/18,9930.33,9932.04,9964.02,9922.07,72.98,0.001
2014/6/19,10004,10018.91,10023.55,9993.03,86.69,0.0074
2014/6/20,9987.24,9995.5,10050.98,9987.24,209.56,-0.0017
2014/6/23,9920.92,9991.4,9993.02,9885.96,68.73,-0.0066
2014/6/24,9938.08,9938.64,9948.59,9899.47,61.27,0.0017
2014/6/25,9867.75,9883.78,9914.12,9836.46,82.31,-0.0071
2014/6/26,9804.9,9894.55,9898.38,9749.75,94.93,-0.0064
2014/6/27,9815.17,9818.46,9836.68,9791.13,63.25,0.001
2014/6/30,9833.07,9833.85,9889.49,9800.08,66.65,0.0018
2014/7/1,9902.41,9853.74,9902.41,9835.74,54.52,0.0071
2014/7/2,9911.27,9913,9936.39,9890.11,70.23,0.0009
2014/7/3,10029.43,9910.47,10032.28,9907.01,78.29,0.0119
2014/7/4,10009.08,10028.71,10030.81,10007.4,52.05,-0.002
2014/7/7,9906.07,9992.13,10015.36,9905.6,60.51,-0.0103
2014/7/8,9772.67,9918.27,9920.78,9772.14,85.87,-0.0135
2014/7/9,9808.2,9789.05,9817.47,9752.79,73.59,0.0036
2014/7/10,9659.13,9807.25,9807.25,9617.59,96.88,-0.0152
2014/7/11,9666.34,9672.17,9708.43,9623.36,62.28,0.0007
2014/7/14,9783.01,9710.92,9793.78,9693.89,56.26,0.0121
2014/7/15,9719.41,9764.69,9788.71,9711.86,72.13,-0.0065
2014/7/16,9859.27,9747.88,9871.58,9747.52,69.46,0.0144
2014/7/17,9753.88,9819.45,9845.85,9743.62,76.54,-0.0107
2014/7/18,9720.02,9703.67,9721.08,9655.51,118.11,-0.0035
2014/7/21,9612.05,9711.68,9717.7,9597.62,65.24,-0.0111
2014/7/22,9734.33,9682.21,9735.71,9647.74,62.37,0.0127
2014/7/23,9753.56,9727.43,9802.06,9723.98,64.74,0.002
2014/7/24,9794.06,9772.15,9810.47,9674.68,70.37,0.0042
2014/7/25,9644.01,9770.24,9794.85,9620.58,73.4,-0.0153
2014/7/28,9598.17,9660.71,9665.05,9527.59,72,-0.0048
2014/7/29,9653.63,9607.1,9692.33,9573.48,66,0.0058
2014/7/30,9593.68,9646.43,9704.01,9572.9,79.99,-0.0062
2014/7/31,9407.48,9576.16,9582.74,9395.35,131.08,-0.0194
2014/8/1,9210.08,9379.74,9394.48,9185.41,141.58,-0.021
2014/8/4,9154.14,9222.05,9243.23,9130.34,85.3,-0.0061
2014/8/5,9189.74,9186.03,9237.14,9152.38,80.56,0.0039
2014/8/6,9130.04,9084.52,9166.21,9030.72,98.9,-0.0065
2014/8/7,9038.97,9081.29,9166.04,9025.82,97.95,-0.01
2014/8/8,9009.32,8928.19,9061,8903.49,102.52,-0.0033
2014/8/11,9180.74,9106.67,9199,9089.31,81.23,0.019
2014/8/12,9069.47,9166.92,9171.94,9050,74.77,-0.0121
2014/8/13,9198.88,9133.84,9213.61,9118.15,82.25,0.0143
2014/8/14,9225.1,9161.81,9265.92,9149.41,80.39,0.0029
2014/8/15,9092.6,9239,9324.57,9067.58,110.26,-0.0144
2014/8/18,9245.33,9220.99,9261.65,9195.11,63.82,0.0168
2014/8/19,9334.28,9276.19,9350.27,9276.18,57.79,0.0096
2014/8/20,9314.57,9329.89,9333.68,9247.84,63.23,-0.0021
2014/8/21,9401.53,9328.71,9405.93,9278.86,67.87,0.0093
2014/8/22,9339.17,9390.29,9414.39,9291.93,70.04,-0.0066
2014/8/25,9510.14,9456.67,9510.14,9424.11,53.55,0.0183
2014/8/26,9588.15,9481.56,9591.72,9446.37,66.74,0.0082
2014/8/27,9569.71,9583.98,9600.85,9546.55,69.03,-0.0019
2014/8/28,9462.56,9545.21,9546.81,9417.16,72.12,-0.0112
2014/8/29,9470.17,9483.42,9517.95,9369.4,68.47,0.0008
2014/9/1,9479.03,9484.53,9500.2,9424.78,43.07,0.0009
2014/9/2,9507.02,9525.15,9578.5,9485.24,55.16,0.003
2014/9/3,9626.49,9541.02,9683.1,9528.72,90.12,0.0126
2014/9/4,9724.26,9591.43,9732.78,9539.92,106.65,0.0102
2014/9/5,9747.02,9714.24,9774.65,9691.44,77.35,0.0023
2014/9/8,9758.03,9767.9,9773.7,9721.71,53.01,0.0011
2014/9/9,9710.7,9737.56,9769.21,9695.44,57.2,-0.0049
2014/9/10,9700.17,9672.45,9723.08,9635.5,62.42,-0.0011
2014/9/11,9691.28,9729.89,9732.83,9630.67,62.05,-0.0009
2014/9/12,9651.13,9706.59,9706.59,9617.7,52.63,-0.0041
2014/9/15,9659.63,9603.97,9682.46,9600.15,55.75,0.0009
2014/9/16,9632.93,9644.28,9644.88,9588.65,62.27,-0.0028
2014/9/17,9661.5,9672.98,9695.44,9649.99,67.22,0.003
2014/9/18,9798.13,9703.1,9798.13,9686.43,81.24,0.0141
2014/9/19,9799.26,9849.43,9891.2,9799.24,195.35,0.0001
2014/9/22,9749.54,9748.53,9812.77,9735.69,73.98,-0.0051
2014/9/23,9595.03,9713.4,9719.66,9589.03,88.2,-0.0158
2014/9/24,9661.97,9598.77,9669.45,9534.77,85.85,0.007
2014/9/25,9510.01,9644.36,9718.11,9482.54,97.7,-0.0157
2014/9/26,9490.55,9500.55,9545.34,9454.88,83.5,-0.002
2014/9/29,9422.91,9495.58,9504.98,9369.62,77.42,-0.0071
2014/9/30,9474.3,9446.81,9495,9404.89,89.86,0.0055
2014/10/1,9382.03,9454.04,9520.97,9357.55,83.53,-0.0097
2014/10/2,9195.68,9363.28,9412.62,9195.68,122.38,-0.0199
2014/10/6,9209.51,9341.05,9343.65,9185.86,103.68,0.0015
2014/10/7,9086.21,9164.77,9170.24,9080.35,105,-0.0134
2014/10/8,8995.33,9027.9,9064.88,8960.43,112.05,-0.01
2014/10/9,9005.02,9082.66,9140.29,8975.06,104.1,0.0011
2014/10/10,8788.81,8924.58,8958.66,8788.21,162.57,-0.024
2014/10/13,8812.43,8703.85,8872.4,8699.6,112.88,0.0027
2014/10/14,8825.21,8765.36,8854.39,8701.44,116.08,0.0015
2014/10/15,8571.95,8838.68,8847.85,8555.73,153.53,-0.0287
2014/10/16,8582.9,8623.28,8662.86,8354.97,224.47,0.0013
2014/10/17,8850.27,8629.16,8850.27,8588.42,181.97,0.0312
2014/10/20,8717.76,8819.26,8834.73,8682.59,103.02,-0.015
2014/10/21,8886.96,8693.06,8889.78,8644.71,118.32,0.0194
2014/10/22,8940.14,8934.54,8957.16,8861.44,97.87,0.006
2014/10/23,9047.31,8873.54,9068.12,8820.89,108.38,0.012
2014/10/24,8987.8,9008.6,9044.85,8955.59,98.97,-0.0066
2014/10/27,8902.61,9080.8,9085.64,8837.66,111.76,-0.0095
2014/10/28,9068.19,8983.06,9077.89,8968.59,78.58,0.0186
2014/10/29,9082.81,9139,9157.63,9072.64,89.71,0.0016
2014/10/30,9114.84,9091.13,9146.95,8899.9,119.73,0.0035
2014/10/31,9326.87,9283.4,9339.33,9217,123.21,0.0233
2014/11/3,9251.7,9305.73,9343.64,9236.18,79.78,-0.0081
2014/11/4,9166.47,9244.09,9317.92,9148.78,90.37,-0.0092
2014/11/5,9315.48,9238.07,9329.07,9226.34,81.03,0.0163
2014/11/6,9377.41,9284.97,9467.36,9268.63,124,0.0066
2014/11/7,9291.83,9406.16,9414.32,9239.11,104.44,-0.0091
2014/11/10,9351.87,9233.87,9351.87,9222.57,71.16,0.0065
2014/11/11,9369.03,9374.36,9400.9,9324.77,79.81,0.0018
2014/11/12,9210.96,9339.68,9359.37,9189.63,93.73,-0.0169
2014/11/13,9248.51,9260.53,9311,9170.28,82.31,0.0041
2014/11/14,9252.94,9272.36,9284.13,9184.46,76.73,0.0005
2014/11/17,9306.35,9162.27,9331.32,9161.6,72.03,0.0058
2014/11/18,9456.53,9323.75,9461.53,9323.52,73.98,0.0161
2014/11/19,9472.8,9462.05,9521.73,9439.16,73.15,0.0017
2014/11/20,9483.97,9460.4,9487.69,9382.23,82.1,0.0012
2014/11/21,9732.55,9521.24,9736.14,9508.17,166.63,0.0262
2014/11/24,9785.54,9722.31,9832.41,9711.77,97.61,0.0054
2014/11/25,9861.21,9790.03,9921.46,9787.26,117.77,0.0077
2014/11/26,9915.56,9894.6,9942.67,9868.35,89.12,0.0055
2014/11/27,9974.87,9934.78,9992.67,9920.86,84.7,0.006
2014/11/28,9980.85,9990.7,9990.7,9902.4,98.91,0.0006
2014/12/1,9963.51,9915.74,9979.08,9906.42,97.09,-0.0017
2014/12/2,9934.08,9983.79,10038.21,9910.21,86.63,-0.003
2014/12/3,9971.79,9978.89,9993.85,9930.53,83.61,0.0038
2014/12/4,9851.35,9998.85,10083.74,9835.42,119.71,-0.0121
2014/12/5,10087.12,9931.96,10093.03,9929.47,93.45,0.0239
2014/12/8,10014.99,10060.91,10084.95,10014.99,68.93,-0.0072
2014/12/9,9793.71,9904.58,9951.66,9786.38,110.06,-0.0221
2014/12/10,9799.73,9859.78,9909.39,9775.39,88.53,0.0006
2014/12/11,9862.53,9770.66,9907.82,9763.41,98.96,0.0064
2014/12/12,9594.73,9794.2,9799.65,9586.22,94.54,-0.0272
2014/12/15,9334.01,9599.82,9678.26,9330.99,112.72,-0.0272
2014/12/16,9563.89,9366.56,9567.09,9219.05,171.05,0.0246
2014/12/17,9544.43,9455.74,9589.25,9429.4,102.08,-0.002
2014/12/18,9811.06,9711.61,9811.06,9671.18,121.02,0.0279
2014/12/19,9786.96,9901.26,9901.26,9688.66,173.45,-0.0025
2014/12/22,9865.76,9827.26,9924.01,9826.55,61.83,0.0081
2014/12/23,9922.11,9887.24,9922.11,9848.06,47.51,0.0057
2014/12/29,9927.13,9914.87,9927.85,9775.45,47.15,0.0005
2014/12/30,9805.55,9883.1,9886.78,9805.55,34.75,-0.0122
2015/1/2,9764.73,9869.13,9879.53,9687.26,67.67,-0.0042
2015/1/5,9473.16,9735.65,9790.27,9468.58,105.54,-0.0299
2015/1/6,9469.66,9484.25,9624.65,9382.82,96.81,-0.0004
2015/1/7,9518.18,9510.34,9592.37,9459.18,82.47,0.0051
2015/1/8,9837.61,9643.77,9855.43,9607.9,114.83,0.0336
2015/1/9,9648.5,9813.99,9860.18,9601.75,107.47,-0.0192
2015/1/12,9781.9,9697.46,9815.96,9622.32,101.32,0.0138
2015/1/13,9941,9759.57,9978.94,9755.02,116.36,0.0163
2015/1/14,9817.08,9810.7,9962.98,9768.1,125.07,-0.0125
2015/1/15,10032.61,9933.45,10063.18,9637.33,147.82,0.022
2015/1/16,10167.77,9985.51,10207.97,9940.64,141.08,0.0135
2015/1/19,10242.35,10231.58,10293.04,10191.98,80.65,0.0073
2015/1/20,10257.13,10278.55,10298.42,10211.39,109.02,0.0014
2015/1/21,10299.23,10270.33,10311.9,10149.77,116.24,0.0041
2015/1/22,10435.62,10300.26,10454.05,10228.53,151.26,0.0132
2015/1/23,10649.58,10503.33,10704.32,10502.85,167.8,0.0205
2015/1/26,10798.33,10592.97,10807.57,10589.07,105.12,0.014
2015/1/27,10628.58,10785.9,10810.57,10592.46,115.89,-0.0157
2015/1/28,10710.97,10719.4,10728.83,10552.76,113.07,0.0078
2015/1/29,10737.87,10666.43,10743.57,10607.72,100.31,0.0025
2015/1/30,10694.32,10801.38,10804.04,10642.59,108.71,-0.0041
2015/2/2,10828.01,10719.18,10828.01,10677.39,100.49,0.0125
2015/2/3,10890.95,10867.61,10984.69,10860.03,134.34,0.0058
2015/2/4,10911.32,10892.5,10912.24,10803.1,98.69,0.0019
2015/2/5,10905.41,10840.79,10926.73,10822.75,87.66,-0.0005
2015/2/6,10846.39,10866.2,10877.67,10802.89,78.68,-0.0054
2015/2/9,10663.51,10765.21,10767.22,10614.12,102.8,-0.0169
2015/2/10,10753.83,10675.59,10797.46,10594.32,93.68,0.0085
2015/2/11,10752.11,10765,10791.59,10696.78,69.85,-0.0002
2015/2/12,10919.65,10746.91,10955.45,10746.91,107.1,0.0156
2015/2/13,10963.4,10952.39,11013.85,10948.49,99.48,0.004
2015/2/16,10923.23,10946.88,10963.49,10909.49,62,-0.0037
2015/2/17,10895.62,10847.73,10921.26,10765.02,77.4,-0.0025
2015/2/18,10961,10931.72,10980.98,10909.6,70.94,0.006
2015/2/19,11001.94,10932.49,11022.26,10874.97,88,0.0037
2015/2/20,11050.64,10976.77,11081.81,10946.9,136.03,0.0044
2015/2/23,11130.92,11150.47,11158.55,11069.77,76.63,0.0073
2015/2/24,11205.74,11128.17,11228.37,11090.73,82.59,0.0067
2015/2/25,11210.27,11208.27,11225.6,11174.78,80.92,0.0004
2015/2/26,11327.19,11206.66,11330.63,11187,85.07,0.0104
2015/2/27,11401.66,11337.11,11401.66,11301.34,94.06,0.0066
2015/3/2,11410.36,11408.28,11455.08,11362.88,80.28,0.0008
2015/3/3,11280.36,11424.67,11465.23,11280.36,84.8,-0.0114
2015/3/4,11390.38,11317.24,11390.38,11193.3,79.99,0.0098
2015/3/5,11504.01,11427.64,11532.82,11409.05,83.13,0.01
2015/3/6,11550.97,11513.89,11600.37,11495.2,83.01,0.0041
2015/3/9,11582.11,11510.35,11586.94,11461.86,70.12,0.0027
2015/3/10,11500.38,11555.97,11577.75,11402.67,93.04,-0.0071
2015/3/11,11805.99,11531.55,11822.53,11531.55,107.89,0.0266
2015/3/12,11799.39,11795.91,11830.14,11754.9,119.85,-0.0006
2015/3/13,11901.61,11845.9,11903.33,11744.93,104.89,0.0087
2015/3/16,12167.72,11955.82,12219.05,11955.33,112.37,0.0224
2015/3/17,11980.85,12163.08,12195.58,11930.54,104.12,-0.0154
2015/3/18,11922.77,12002.24,12017.91,11814.48,114.36,-0.0048
2015/3/19,11899.4,11897.48,12001.13,11787.3,110.43,-0.002
2015/3/20,12039.37,11942.16,12087.61,11926.86,181.43,0.0118
2015/3/23,11895.84,11984.79,11985.11,11858.1,88.39,-0.0119
2015/3/24,12005.69,11821.21,12030.59,11797.67,104.21,0.0092
2015/3/25,11865.32,11995.09,12022.84,11858.23,84.59,-0.0117
2015/3/26,11843.68,11736.34,11849.39,11619.72,120.05,-0.0018
2015/3/27,11868.33,11920.22,11954.09,11799.03,88.5,0.0021
2015/3/30,12086.01,11927.14,12090.14,11922.71,75.16,0.0183
2015/3/31,11966.17,12054.2,12119.71,11943.12,87.38,-0.0099
2015/4/1,12001.38,11902.92,12112.98,11880.19,93.23,0.0029
2015/4/2,11967.39,11991.62,12020.11,11948.83,70.76,-0.0028
2015/4/7,12123.52,12057.34,12149.31,12035.7,91.11,0.013
2015/4/8,12035.86,12109.85,12122.32,12017.8,72.02,-0.0072
2015/4/9,12166.44,12099.43,12166.44,12047.91,60.31,0.0108
2015/4/10,12374.73,12226.98,12390.75,12214.51,80.85,0.0171
2015/4/13,12338.73,12357.27,12388.13,12326.71,62.63,-0.0029
2015/4/14,12227.6,12306.36,12339.81,12181.2,73.46,-0.009
2015/4/15,12231.34,12220.1,12326.14,12214.81,69.85,0.0003
2015/4/16,11998.86,12224.76,12227.59,11997.75,97.99,-0.019
2015/4/17,11688.7,11942.36,12019.75,11674.59,136.93,-0.0258
2015/4/20,11891.91,11736.4,11903.7,11727.02,73.53,0.0174
2015/4/21,11939.58,11994.82,12079.03,11913.36,80.15,0.004
2015/4/22,11867.37,11984.39,12041.38,11787.22,81.5,-0.006
2015/4/23,11723.58,11887.14,11940.21,11675.58,89.48,-0.0121
2015/4/24,11810.85,11783.56,11881.05,11711.1,84.71,0.0074
2015/4/27,12039.16,11881.25,12050.71,11729.04,103.02,0.0193
2015/4/28,11811.66,12035.56,12047.38,11743.78,125.62,-0.0189
2015/4/29,11432.72,11864.4,11885.05,11410.54,134.68,-0.0321
2015/4/30,11454.38,11440.79,11570.64,11331.37,126.69,0.0019
2015/5/4,11619.85,11506.84,11656.89,11411.77,80.33,0.0144
2015/5/5,11327.68,11576.12,11751.22,11322.62,121.58,-0.0251
2015/5/6,11350.15,11377.58,11457.93,11239.86,101.73,0.002
2015/5/7,11407.97,11265.13,11437.57,11167.55,119.25,0.0051
2015/5/8,11709.73,11483.07,11710.41,11415.29,111.16,0.0265
2015/5/11,11673.35,11674.52,11702.13,11622.02,73.18,-0.0031
2015/5/12,11472.41,11557.97,11565.2,11377.35,104.69,-0.0172
2015/5/13,11351.46,11532.97,11596.47,11301.63,108.12,-0.0105
2015/5/14,11559.82,11299.19,11579.8,11218.54,72.93,0.0184
2015/5/15,11447.03,11593.2,11632.36,11383.23,97.76,-0.0098
2015/5/18,11594.28,11464.8,11594.96,11378.86,78.74,0.0129
2015/5/19,11853.33,11709.87,11873.28,11706.85,99.88,0.0223
2015/5/20,11848.47,11858.47,11871.49,11780.02,68.49,-0.0004
2015/5/21,11864.59,11815.43,11868.7,11758.81,71.4,0.0014
2015/5/22,11815.01,11881.49,11881.81,11792.31,64.15,-0.0042
2015/5/25,11815.01,11881.49,11881.81,11792.31,,0
2015/5/26,11625.13,11841.48,11920.31,11586.35,96.67,-0.0161
2015/5/27,11771.13,11647.04,11790.35,11595.12,100.9,0.0126
2015/5/28,11677.57,11716.08,11773.79,11605.99,84.03,-0.0079
2015/5/29,11413.82,11685.66,11704.39,11403.82,124.44,-0.0226
2015/6/1,11436.05,11462.97,11510.93,11345.1,75.69,0.0019
2015/6/2,11328.8,11467.07,11467.07,11270.57,88.14,-0.0094
2015/6/3,11419.62,11359.8,11515.21,11300.36,88.11,0.008
2015/6/4,11340.6,11370.57,11449.7,11187.43,106.48,-0.0069
2015/6/5,11197.15,11241.43,11287.2,11155.01,91.47,-0.0126
2015/6/8,11064.92,11131.86,11224.56,11059.16,98.83,-0.0118
2015/6/9,11001.29,11025.08,11071.61,10864.68,102.71,-0.0058
2015/6/10,11265.39,10970.41,11299.61,10939.51,102.7,0.024
2015/6/11,11332.78,11242.87,11452.94,11236.58,92.25,0.006
2015/6/12,11196.49,11286.56,11365.92,11069.36,88.9,-0.012
2015/6/15,10984.97,11053.21,11090.71,10952.74,80.6,-0.0189
2015/6/16,11044.01,10910.01,11074.34,10797.85,88.93,0.0054
2015/6/17,10978.01,11066.75,11115.38,10947.37,83.26,-0.006
2015/6/18,11100.3,10937.67,11109.76,10806.15,100.03,0.0111
2015/6/19,11040.1,11121.3,11246.27,10997.9,212.14,-0.0054
2015/6/22,11460.5,11138.71,11470.25,11138.55,119.29,0.0381
2015/6/23,11542.54,11552.96,11635.85,11517.12,88.93,0.0072
2015/6/24,11471.26,11566.35,11589.35,11364.45,94.71,-0.0062
2015/6/25,11473.13,11410.62,11594.24,11352.4,75.83,0.0002
2015/6/26,11492.43,11387.13,11561.83,11373.44,94.56,0.0017
2015/6/29,11083.2,11404.71,11409.81,10964.24,134.21,-0.0356
2015/6/30,10944.97,11058.04,11137.14,10897.97,135.59,-0.0125
2015/7/1,11180.5,11050.32,11283.76,10979.21,122.76,0.0215
2015/7/2,11099.35,11191.28,11229.01,11078.59,77.18,-0.0073
2015/7/3,11058.39,11082.04,11123.18,11005.76,65.58,-0.0037
2015/7/6,10890.63,10825.06,10996.45,10823.55,101.56,-0.0152
2015/7/7,10676.78,10930.02,10946.87,10663.99,107.4,-0.0196
2015/7/8,10747.3,10710.29,10802.8,10652.79,94.42,0.0066
2015/7/9,10996.41,10795.11,11035.04,10784.47,86.43,0.0232
2015/7/10,11315.63,11170.71,11339.78,11149.27,104.8,0.029
2015/7/13,11484.38,11489.17,11506.98,11421.82,91.89,0.0149
2015/7/14,11516.9,11456.54,11519.36,11414.39,67.81,0.0028
2015/7/15,11539.66,11508.34,11566.02,11475.96,66.69,0.002
2015/7/16,11716.76,11624.48,11787.58,11607.14,86.47,0.0153
2015/7/17,11673.42,11747.47,11753.18,11649.94,69.95,-0.0037
2015/7/20,11735.72,11679.47,11802.37,11678.13,62.91,0.0053
2015/7/21,11604.8,11760,11773.49,11583.88,65.38,-0.0112
2015/7/22,11520.67,11511.19,11589.64,11486.31,70.08,-0.0072
2015/7/23,11512.11,11611.42,11614.76,11453.62,65.09,-0.0007
2015/7/24,11347.45,11467.83,11542.9,11334.77,68.5,-0.0143
2015/7/27,11056.4,11287.77,11297.5,11052.86,88.79,-0.0256
2015/7/28,11173.91,11129.91,11242.43,11068.31,75.65,0.0106
2015/7/29,11211.85,11249.3,11253.56,11123.25,72.18,0.0034
2015/7/30,11257.15,11305.46,11313.27,11140.65,96.92,0.004
2015/7/31,11308.99,11271.31,11308.99,11173.17,85.13,0.0046
2015/8/3,11443.72,11295.5,11460.4,11248.27,80.39,0.0119
2015/8/4,11456.07,11408.23,11476.9,11380.81,68.76,0.0011
2015/8/5,11636.3,11503.21,11655.74,11497.92,76.08,0.0157
2015/8/6,11585.1,11605.59,11669.86,11574.97,69.56,-0.0044
2015/8/7,11490.83,11561.37,11582.9,11484.85,62.07,-0.0081
2015/8/10,11604.78,11545.63,11618.3,11431.76,61.25,0.0099
2015/8/11,11293.65,11548,11561,11278.71,87.07,-0.0268
2015/8/12,10924.61,11151.72,11153.64,10892.88,120.52,-0.0327
2015/8/13,11014.63,11098.17,11153.96,10980.86,88.82,0.0082
2015/8/14,10985.14,11010.5,11093.07,10911.19,69.22,-0.0027
2015/8/17,10940.33,11044.75,11113.79,10818.71,71.13,-0.0041
2015/8/18,10915.92,10916.71,10976.04,10883.11,60.55,-0.0022
2015/8/19,10682.15,10819.85,10848.84,10681.36,84.62,-0.0214
2015/8/20,10432.19,10593.28,10654.55,10400.99,110.74,-0.0234
2015/8/21,10124.52,10228.7,10437.28,10124.52,157.94,-0.0295
2015/8/24,9648.43,9805.72,9935.53,9338.2,294.38,-0.047
2015/8/25,10128.12,9816.59,10185.88,9748.92,213.16,0.0497
2015/8/26,9997.43,9956.85,10159.99,9853.12,139.04,-0.0129
2015/8/27,10315.62,10271.33,10382.95,10222.04,108.34,0.0318
2015/8/28,10298.53,10335.92,10336.92,10186.07,78.73,-0.0017
2015/8/31,10259.46,10200.98,10273.5,10132.15,78.18,-0.0038
2015/9/1,10015.57,10073.74,10119.53,9928.65,119.37,-0.0238
2015/9/2,10048.05,10060.31,10122.27,9962.25,92.31,0.0032
2015/9/3,10317.84,10161.36,10380.36,10145.73,118.78,0.0268
2015/9/4,10038.04,10216.17,10216.17,9996.16,137.39,-0.0271
2015/9/7,10108.61,10148.8,10184.57,10055.14,56.07,0.007
2015/9/8,10271.36,10198.6,10371.9,10198.45,99.16,0.0161
2015/9/9,10303.12,10489.29,10512.61,10301.18,99.94,0.0031
2015/9/10,10210.44,10216.02,10326.53,10157.37,104.45,-0.009
2015/9/11,10123.56,10243.4,10243.4,10079.03,83.25,-0.0085
2015/9/14,10131.74,10112.9,10225.37,10084.87,77.5,0.0008
2015/9/15,10188.13,10154.76,10244.86,10070.16,141.96,0.0056
2015/9/16,10227.21,10288.39,10336.2,10173.96,122.17,0.0038
2015/9/17,10229.58,10269.32,10273.27,10208.51,120.02,0.0002
2015/9/18,9916.16,10177.58,10180.55,9861.51,284.56,-0.0306
2015/9/21,9948.51,9837.13,10000.62,9785.11,117.88,0.0033
2015/9/22,9570.66,9974.41,9974.8,9558.96,154.64,-0.038
2015/9/23,9612.62,9578.1,9712.46,9492.86,116.04,0.0044
2015/9/24,9427.64,9599.91,9707.69,9362.28,156.74,-0.0192
2015/9/25,9688.53,9594.53,9745.77,9585.33,124.07,0.0277
2015/9/28,9483.55,9633.68,9677.25,9479.4,106.34,-0.0212
2015/9/29,9450.4,9346.04,9536.63,9325.05,116.11,-0.0035
2015/9/30,9660.44,9674.61,9732.54,9596.95,113.18,0.0222
2015/10/1,9509.25,9757.04,9788.27,9471.36,115.44,-0.0157
2015/10/2,9553.07,9606.59,9667.54,9396.34,126.69,0.0046
2015/10/5,9814.79,9691.65,9854.77,9647.17,121.33,0.0274
2015/10/6,9902.83,9804.42,9957.92,9730.41,99.02,0.009
2015/10/7,9970.4,9968.56,10093.1,9932.42,118.89,0.0068
2015/10/8,9993.07,9942.78,10027.42,9911.05,103.51,0.0023
2015/10/9,10096.6,10100.78,10146.88,10049.39,105.25,0.0104
2015/10/12,10119.83,10128.49,10187.09,10057.59,105.14,0.0023
2015/10/13,10032.82,10106.67,10107.86,9939.96,102.17,-0.0086
2015/10/14,9915.85,9948.49,10036.23,9890.46,98.82,-0.0117
2015/10/15,10064.8,9999.64,10088.47,9957.39,91.56,0.015
2015/10/16,10104.43,10128.81,10166.79,10058.53,100.19,0.0039
2015/10/19,10164.31,10084.61,10205.03,10084.61,68.18,0.0059
2015/10/20,10147.68,10174.8,10194.53,10080.19,69.31,-0.0016
2015/10/21,10238.1,10185.42,10277.59,10107.92,72.19,0.0089
2015/10/22,10491.97,10213.01,10508.25,10194.74,110.84,0.0248
2015/10/23,10794.54,10610.33,10847.47,10586.96,120.12,0.0288
2015/10/26,10801.34,10791.18,10863.09,10756.83,75.35,0.0006
2015/10/27,10692.19,10761.37,10807.41,10692.19,83.82,-0.0101
2015/10/28,10831.96,10728.16,10848.41,10691.63,79.92,0.0131
2015/10/29,10800.84,10867.19,10886.98,10741.14,126.3,-0.0029
2015/10/30,10850.14,10842.52,10850.58,10748.7,92.03,0.0046
2015/11/2,10950.67,10749.98,10977.18,10744.37,95.95,0.0093
2015/11/3,10951.15,10945.35,10972.28,10883.94,84.57,0
2015/11/4,10845.24,10957.06,10990.72,10825.55,99.25,-0.0097
2015/11/5,10887.74,10847.5,10963.9,10784.28,94.79,0.0039
2015/11/6,10988.03,10872.98,11055.45,10843.48,92.25,0.0092
2015/11/9,10815.45,10993.24,10995.48,10807.17,75.76,-0.0157
2015/11/10,10832.52,10846.96,10863.56,10728.95,80.06,0.0016
2015/11/11,10907.87,10843.68,10994.54,10843.68,82.51,0.007
2015/11/12,10782.63,10895.74,10957.61,10735.17,97.22,-0.0115
2015/11/13,10708.4,10764.57,10811.78,10607.46,85.25,-0.0069
2015/11/16,10713.23,10609.14,10763.65,10608.83,65.21,0.0005
2015/11/17,10971.04,10810.92,10971.04,10782.91,76.12,0.0241
2015/11/18,10959.95,10901.74,10989.55,10877.6,63.45,-0.001
2015/11/19,11085.44,11061.88,11150.74,11045.53,77.56,0.0114
2015/11/20,11119.83,11123.81,11164.3,11049.35,78.61,0.0031
2015/11/23,11092.31,11105.92,11126.34,11049.99,61.69,-0.0025
2015/11/24,10933.99,11064.78,11064.96,10869.2,86.97,-0.0143
2015/11/25,11169.54,10958.4,11186.68,10921.71,86.83,0.0215
2015/11/26,11320.77,11180.94,11366.37,11176.56,88.74,0.0135
2015/11/27,11293.76,11277.91,11354.01,11247.14,63.97,-0.0024
2015/11/30,11382.23,11268.31,11430.87,11253.37,95.92,0.0078
2015/12/1,11261.24,11422.47,11430.38,11235.97,111.66,-0.0106
2015/12/2,11190.02,11301.51,11329.79,11188.03,87.5,-0.0063
2015/12/3,10789.24,11173.79,11318.8,10780.63,159.63,-0.0358
2015/12/4,10752.1,10770.16,10814.82,10632.77,111.67,-0.0034
2015/12/7,10886.09,10832.42,10992.55,10806.52,72.01,0.0125
2015/12/8,10673.6,10872.68,10895.5,10616.24,91.02,-0.0195
2015/12/9,10592.49,10719.7,10719.7,10554.54,88.87,-0.0076
2015/12/10,10598.93,10547.52,10662.77,10500.03,80.13,0.0006
2015/12/11,10340.06,10572.86,10596.03,10294.25,105.12,-0.0244
2015/12/14,10139.34,10406.71,10448.65,10122.95,97.32,-0.0194
2015/12/15,10450.38,10239.8,10482.75,10237.48,101.82,0.0307
2015/12/16,10469.26,10476.06,10572.55,10423.78,84.33,0.0018
2015/12/17,10738.12,10685.3,10829.62,10656.39,115.51,0.0257
2015/12/18,10608.19,10639.98,10735.85,10543.05,197.07,-0.0121
2015/12/21,10497.77,10607.2,10796.03,10497.77,79.43,-0.0104
2015/12/22,10488.75,10598.19,10623.98,10400.61,61.73,-0.0009
2015/12/23,10727.64,10623.56,10743.32,10595.27,71.41,0.0228
2015/12/28,10653.91,10748.37,10756.17,10627.46,35.34,-0.0069
2015/12/29,10860.14,10744.96,10860.14,10731.63,53.35,0.0194
2015/12/30,10743.01,10855.17,10857.43,10743.01,35.24,-0.0108
2016/1/4,10283.44,10485.81,10485.91,10248.58,119.84,-0.0428
2016/1/5,10310.1,10373.27,10384.26,10173.52,84.89,0.0026
2016/1/6,10214.02,10288.68,10288.68,10094.18,90.47,-0.0093
2016/1/7,9979.85,10144.17,10145.47,9810.47,128.03,-0.0229
2016/1/8,9849.34,10010.47,10122.46,9849.34,98.63,-0.0131
2016/1/11,9825.07,9814.04,9978.69,9813.02,92.55,-0.0025
2016/1/12,9985.43,9832.82,10092.67,9832.82,99.68,0.0163
2016/1/13,9960.96,10112.35,10164.05,9929.07,93.64,-0.0025
2016/1/14,9794.2,9836.85,9884.27,9614.77,137.02,-0.0167
2016/1/15,9545.27,9778.36,9832.92,9459.09,146.4,-0.0254
2016/1/18,9521.85,9542.6,9657.94,9457.95,91.28,-0.0025
2016/1/19,9664.21,9722.64,9756.14,9626.65,102.83,0.015
2016/1/20,9391.64,9430.13,9490.45,9314.57,138.21,-0.0282
2016/1/21,9574.16,9400.69,9656.33,9348.74,147.73,0.0194
2016/1/22,9764.88,9762.55,9837.62,9704.9,127.52,0.0199
2016/1/25,9736.15,9790.44,9800.49,9681.7,94.41,-0.0029
2016/1/26,9822.75,9599.56,9867.18,9563.64,113.63,0.0089
2016/1/27,9880.82,9781.42,9880.82,9728.64,91.93,0.0059
2016/1/28,9639.59,9826.28,9905.08,9594.8,117.74,-0.0244
2016/1/29,9798.11,9772.58,9798.38,9656.36,117.17,0.0164
2016/2/1,9757.88,9823.73,9827.1,9638.58,92.73,-0.0041
2016/2/2,9581.04,9721.18,9729.23,9536.97,107.86,-0.0181
2016/2/3,9434.82,9541.53,9577.2,9350.98,125.09,-0.0153
2016/2/4,9393.36,9522.67,9539.92,9270.09,133.77,-0.0044
2016/2/5,9286.23,9375.29,9469.71,9250.84,134.86,-0.0114
2016/2/8,8979.36,9329.87,9337.52,8937.98,154.47,-0.033
2016/2/9,8879.4,8980.71,9041.9,8772.88,159.8,-0.0111
2016/2/10,9017.29,8937.98,9128.54,8875.45,136.82,0.0155
2016/2/11,8752.87,8887.89,8899.57,8699.29,153.64,-0.0293
2016/2/12,8967.51,8854.4,8967.51,8815.77,160.47,0.0245
2016/2/15,9206.84,9163.54,9249.46,9134.76,127.18,0.0267
2016/2/16,9135.11,9242.75,9269.06,9079.19,106.01,-0.0078
2016/2/17,9377.21,9174.28,9394.62,9156.14,128.61,0.0265
2016/2/18,9463.64,9428.01,9551.87,9349.95,123.8,0.0092
2016/2/19,9388.05,9420.51,9474.02,9319.1,109.84,-0.008
2016/2/22,9573.59,9481.37,9581.45,9477.69,93.88,0.0198
2016/2/23,9416.77,9503.12,9535.12,9405.22,89.94,-0.0164
2016/2/24,9167.8,9396.48,9415.33,9125.19,102.28,-0.0264
2016/2/25,9331.48,9277.02,9391.31,9199.09,98.94,0.0179
2016/2/26,9513.3,9454.52,9576.88,9436.33,98.62,0.0195
2016/2/29,9495.4,9424.93,9498.57,9332.42,93.79,-0.0019
2016/3/1,9717.16,9482.66,9719.02,9471.09,99.54,0.0234
2016/3/2,9776.62,9780.84,9837.11,9695.98,106.45,0.0061
2016/3/3,9751.92,9807.06,9808.52,9709.68,85.25,-0.0025
2016/3/4,9824.17,9800.86,9899.11,9742.76,93.45,0.0074
2016/3/7,9778.93,9764.08,9803.73,9690,78.15,-0.0046
2016/3/8,9692.82,9688.47,9785.05,9617.69,95.75,-0.0088
2016/3/9,9723.09,9700.16,9838.95,9679.19,100.9,0.0031
2016/3/10,9498.15,9697.64,9995.84,9498.15,177.5,-0.0231
2016/3/11,9831.13,9672.05,9833.9,9642.79,118.96,0.0351
2016/3/14,9990.26,9948.21,10039.61,9936.06,91.44,0.0162
2016/3/15,9933.85,9941.46,9973.58,9890.12,77.98,-0.0056
2016/3/16,9983.41,9971.04,10021.7,9917.92,93.64,0.005
2016/3/17,9892.2,10051.69,10055.29,9753.04,114.65,-0.0091
2016/3/18,9950.8,9905.67,9961.48,9822.52,209.13,0.0059
2016/3/21,9948.64,9893.26,10095.46,9863.83,78.95,-0.0002
2016/3/22,9990,9836.28,9990,9762.57,81.63,0.0042
2016/3/23,10022.93,10046.94,10112.17,9964.63,83.25,0.0033
2016/3/24,9851.35,9974.6,9977.99,9845.37,73.41,-0.0171
2016/3/29,9887.94,9900.88,9947.03,9808.48,67.56,0.0037
2016/3/30,10046.61,9951.68,10097.7,9947.26,89.49,0.016
2016/3/31,9965.51,9997.44,10021.34,9947.02,84.53,-0.0081
2016/4/1,9794.64,9833.26,9851.31,9675.5,97.64,-0.0171
2016/4/4,9822.08,9789.77,9907.05,9732.82,73.48,0.0028
2016/4/5,9563.36,9647.81,9661.3,9553.17,93.71,-0.0263
2016/4/6,9624.51,9582.46,9635.91,9505.9,92.59,0.0064
2016/4/7,9530.62,9648.55,9702.18,9484.75,83.21,-0.0098
2016/4/8,9622.26,9576.4,9675.03,9572.57,78.33,0.0096
2016/4/11,9682.99,9595.56,9751.93,9524.66,78.48,0.0063
2016/4/12,9761.47,9716.75,9770.47,9617.83,75.91,0.0081
2016/4/13,10026.1,9901.13,10026.1,9893.42,106.64,0.0271
2016/4/14,10093.65,10042.28,10098.44,10016.17,82.08,0.0067
2016/4/15,10051.57,10063.89,10070.04,10020.34,81.97,-0.0042
2016/4/18,10120.31,9933.7,10147.85,9920.9,68.56,0.0068
2016/4/19,10349.59,10170.18,10370.8,10150.67,99.46,0.0227
2016/4/20,10421.29,10312.64,10440.13,10304.14,96.32,0.0069
2016/4/21,10435.73,10456.99,10474.38,10341.97,101.41,0.0014
2016/4/22,10373.49,10377.22,10422.86,10324.83,83.53,-0.006
2016/4/25,10294.35,10379.16,10399.3,10233.42,75.16,-0.0076
2016/4/26,10259.59,10359.77,10385.23,10213.55,79.9,-0.0034
2016/4/27,10299.83,10283.1,10323.25,10220.57,99.07,0.0039
2016/4/28,10321.15,10222.11,10331.93,10125.52,93.06,0.0021
2016/4/29,10038.97,10235.47,10252.08,10038.97,112.47,-0.0273
2016/5/2,10123.27,10091.17,10153.9,10066.34,62.29,0.0084
2016/5/3,9926.77,10052.55,10061.95,9918.43,129.5,-0.0194
2016/5/4,9828.25,9925.25,9959.42,9812.73,102.91,-0.0099
2016/5/5,9851.86,9849.7,9921.37,9805.55,71.08,0.0024
2016/5/6,9869.95,9805.39,9917.63,9737,89.84,0.0018
2016/5/9,9980.49,9929.19,10068.53,9878.71,80.19,0.0112
2016/5/10,10045.44,10057.53,10106.93,9994.58,83.01,0.0065
2016/5/11,9975.32,10055.4,10055.7,9950.11,97.29,-0.007
2016/5/12,9862.12,9899.9,10078.19,9838.12,103.14,-0.0113
2016/5/13,9952.9,9794.83,9979.93,9767.94,85.1,0.0092
2016/5/17,9890.19,10016.79,10080.31,9846.91,98.58,-0.0063
2016/5/18,9943.23,9828.05,9946.27,9811.86,76.85,0.0054
2016/5/19,9795.89,9847.64,9899.86,9773.72,93.39,-0.0148
2016/5/20,9916.02,9878.49,9921.59,9852.71,78.26,0.0123
2016/5/23,9842.29,9891.38,9971.74,9811.74,76.9,-0.0074
2016/5/24,10057.31,9798.94,10077.65,9773.8,85.24,0.0218
2016/5/25,10205.21,10143.37,10233.06,10130.68,97.69,0.0147
2016/5/26,10272.71,10213.87,10286.23,10207.09,74.69,0.0066
2016/5/27,10286.31,10257.91,10298.76,10241.98,64.41,0.0013
2016/5/30,10333.23,10293.43,10338.41,10286.33,35.4,0.0046
2016/5/31,10262.74,10356.14,10365.24,10243.22,91.59,-0.0068
2016/6/1,10204.44,10242.78,10283.82,10160.24,79.53,-0.0057
2016/6/2,10208,10199.2,10241.75,10156.86,63.12,0.0003
2016/6/3,10103.26,10237.58,10282.72,10040.87,85.88,-0.0103
2016/6/6,10121.08,10105.09,10148.96,10092.86,55.12,0.0018
2016/6/7,10287.68,10196.17,10312.53,10183.19,78.49,0.0165
2016/6/8,10217.03,10246.49,10266.37,10177.44,75.77,-0.0069
2016/6/9,10088.87,10184.48,10187.07,10050.03,108.38,-0.0125
2016/6/10,9834.62,10024.69,10026.49,9819.12,109.16,-0.0252
2016/6/13,9657.44,9715.78,9755.23,9657.44,102.33,-0.018
2016/6/14,9519.2,9595.17,9620.84,9507.51,102.84,-0.0143
2016/6/15,9606.71,9589.47,9665.21,9567.15,95.3,0.0092
2016/6/16,9550.47,9480.43,9582.38,9432.87,101.53,-0.0059
2016/6/17,9631.36,9620.92,9705.29,9578.15,145.9,0.0085
2016/6/20,9962.02,9850.59,9996.56,9850.59,94.35,0.0343
2016/6/21,10015.54,9943.84,10051.07,9930.1,83.05,0.0054
2016/6/22,10071.06,10084.74,10149.81,10043.68,80.46,0.0055
2016/6/23,10257.03,10122.47,10340.84,10104.92,110.23,0.0185
2016/6/24,9557.16,9237.62,9720.12,9226.15,325.19,-0.0682
2016/6/27,9268.66,9516.92,9589.28,9214.1,209.92,-0.0302
2016/6/28,9447.28,9458.38,9554.41,9419.38,136.52,0.0193
2016/6/29,9612.27,9557.69,9640.39,9506.29,115.82,0.0175
2016/6/30,9680.09,9566.07,9695.59,9513.52,136.9,0.0071
2016/7/1,9776.12,9742.84,9806.47,9657.63,101.97,0.0099
2016/7/4,9709.09,9797.66,9808.99,9701.15,79.93,-0.0069
2016/7/5,9532.61,9656.05,9659.41,9506.84,97.7,-0.0182
2016/7/6,9373.26,9449.57,9530.59,9304.01,134.69,-0.0167
2016/7/7,9418.78,9437.47,9507.91,9399.69,91.5,0.0049
2016/7/8,9629.66,9392.2,9655.92,9389.05,97.03,0.0224
2016/7/11,9833.41,9744.8,9841.86,9690.18,80.8,0.0212
2016/7/12,9964.07,9850.4,10013.49,9841.11,101.66,0.0133
2016/7/13,9930.71,9941.99,10001.87,9919.41,96.31,-0.0033
2016/7/14,10068.3,10058.49,10109.86,9984.55,100.41,0.0139
2016/7/15,10066.9,10031.18,10098.75,9987.05,89.99,-0.0001
2016/7/18,10063.13,10079.03,10160.3,10011.84,70.74,-0.0004
2016/7/19,9981.24,10038.95,10050.77,9923.64,69.29,-0.0081
2016/7/20,10142.01,10054.54,10146.71,9991.65,79.71,0.0161
2016/7/21,10156.21,10195.4,10195.65,10090.12,97.53,0.0014
2016/7/22,10147.46,10130.51,10181.24,10073.28,62.72,-0.0009
2016/7/25,10198.24,10155.2,10264.06,10125.22,58.55,0.005
2016/7/26,10247.76,10199.66,10275.41,10150,79.53,0.0049
2016/7/27,10319.55,10314.43,10352.32,10298.4,85.86,0.007
2016/7/28,10274.93,10309.92,10381.9,10264.39,95.73,-0.0043
2016/7/29,10337.5,10320.82,10355.31,10287.32,94.14,0.0061
2016/8/1,10330.52,10426.36,10459.34,10277.37,84.75,-0.0007
2016/8/2,10144.34,10328.87,10330.64,10128.98,124.5,-0.018
2016/8/3,10170.21,10150.13,10189.15,10092.53,89.97,0.0026
2016/8/4,10227.86,10237.08,10282.17,10182.4,79.2,0.0057
2016/8/5,10367.21,10242.88,10374.33,10216.64,83.14,0.0136
2016/8/8,10432.36,10407.5,10478.75,10403.47,66.87,0.0063
2016/8/9,10692.9,10438.6,10701.33,10433.79,81.92,0.025
2016/8/10,10650.89,10676.9,10708.25,10635.11,101.11,-0.0039
2016/8/11,10742.84,10687.57,10742.84,10635.42,73.24,0.0086
2016/8/12,10713.43,10718.33,10735.11,10685.52,60.46,-0.0027
2016/8/15,10739.21,10719.14,10802.32,10712.13,42.91,0.0024
2016/8/16,10676.65,10666.72,10737.07,10634.68,63.83,-0.0058
2016/8/17,10537.67,10694.55,10696.76,10516.05,68.62,-0.013
2016/8/18,10603.03,10613.08,10625.33,10548.97,55.43,0.0062
2016/8/19,10544.36,10613.23,10618.11,10490.96,75.39,-0.0055
2016/8/22,10494.35,10528.88,10656.25,10443.48,60.73,-0.0047
2016/8/23,10592.88,10542.95,10627,10516.27,57.65,0.0094
2016/8/24,10622.97,10531.14,10653.17,10515.16,62.92,0.0028
2016/8/25,10529.59,10576.56,10576.56,10470.73,54.75,-0.0088
2016/8/26,10587.77,10512.21,10613.06,10484.03,49.68,0.0055
2016/8/29,10544.44,10503.88,10566.69,10441.81,35.06,-0.0041
2016/8/30,10657.64,10588.71,10688.48,10588.48,62.09,0.0107
2016/8/31,10592.69,10627.18,10666.81,10591.44,89.94,-0.0061
2016/9/1,10534.31,10622.33,10676.32,10492.29,104.48,-0.0055
2016/9/2,10683.82,10570.7,10693.64,10516.81,83.69,0.0142
2016/9/5,10672.22,10712.17,10740.39,10671.55,58.16,-0.0011
2016/9/6,10687.14,10704.89,10742.49,10657.43,67.23,0.0014
2016/9/7,10752.98,10706.86,10775.93,10659.73,79.76,0.0062
2016/9/8,10675.29,10749.82,10780.42,10570.06,93.7,-0.0072
2016/9/9,10573.44,10641.81,10671.66,10539.31,101.92,-0.0095
2016/9/12,10431.77,10380.46,10431.9,10299.38,172.22,-0.0134
2016/9/13,10386.6,10483.07,10507.04,10382.85,89.96,-0.0043
2016/9/14,10378.4,10410.3,10450.41,10369.72,94,-0.0008
2016/9/15,10431.2,10360.84,10446.4,10337.23,83.38,0.0051
2016/9/16,10276.17,10403.67,10427.2,10262.19,214.98,-0.0149
2016/9/19,10373.87,10349.87,10381.93,10326.75,72.79,0.0095
2016/9/20,10393.86,10374.68,10465.95,10371.62,74.05,0.0019
2016/9/21,10436.49,10496.43,10535.25,10427.22,79.03,0.0041
2016/9/22,10674.18,10518.53,10705.4,10517.8,98.95,0.0228
2016/9/23,10626.97,10662.49,10675.62,10610.95,70,-0.0044
2016/9/26,10393.71,10555.19,10560.83,10385.63,105.45,-0.0219
2016/9/27,10361.48,10451.4,10455.88,10265.69,111.48,-0.0031
2016/9/28,10438.34,10425.89,10518.36,10417.15,87.74,0.0074
2016/9/29,10405.54,10545.6,10575.34,10370.23,103.88,-0.0031
2016/9/30,10511.02,10240.69,10531.26,10189.94,188.17,0.0101
2016/10/4,10619.61,10492.97,10646.72,10492.25,131.53,0.0103
2016/10/5,10585.78,10535.62,10622.44,10486.63,96.74,-0.0032
2016/10/6,10568.8,10641.13,10641.13,10537.68,108.66,-0.0016
2016/10/7,10490.86,10549.69,10579.09,10465.35,125.27,-0.0074
2016/10/10,10624.08,10496.01,10639.41,10454.98,101.67,0.0127
2016/10/11,10577.16,10600.94,10692.36,10568.72,97.98,-0.0044
2016/10/12,10523.07,10572.72,10604,10503.2,90.4,-0.0051
2016/10/13,10414.07,10425.79,10430.83,10349.06,98.76,-0.0104
2016/10/14,10580.38,10450.06,10615.3,10449.47,101.26,0.016
2016/10/17,10503.57,10544.69,10583.7,10491.28,63.73,-0.0073
2016/10/18,10631.55,10560.14,10657.34,10543.69,88.96,0.0122
2016/10/19,10645.68,10626.99,10672.22,10587.71,75.98,0.0013
2016/10/20,10701.39,10665.75,10748.41,10592.89,106.41,0.0052
2016/10/21,10710.73,10710.51,10737.26,10672.35,86.86,0.0009
2016/10/24,10761.17,10743.87,10820.08,10743.87,79.89,0.0047
2016/10/25,10757.31,10786.25,10827.72,10738.36,92.48,-0.0004
2016/10/26,10709.68,10726.22,10737.79,10632.29,78.21,-0.0044
2016/10/27,10717.08,10691.86,10772.67,10656.18,84.11,0.0007
2016/10/28,10696.19,10634.99,10716.16,10583.57,72.76,-0.0019
2016/10/31,10665.01,10658.67,10687.74,10634.34,70.46,-0.0029
2016/11/1,10526.16,10724.14,10730.48,10506.39,77.98,-0.013
2016/11/2,10370.93,10443.52,10460.93,10368.2,92.79,-0.0147
2016/11/3,10325.88,10341.86,10406.72,10325.88,85.26,-0.0043
2016/11/4,10259.13,10281.87,10286.39,10212.53,90.28,-0.0065
2016/11/7,10456.95,10410.56,10456.95,10381.14,84.89,0.0193
2016/11/8,10482.32,10449.52,10486.04,10414.83,78.08,0.0024
2016/11/9,10646.01,10181.89,10646.55,10174.92,173.82,0.0156
2016/11/10,10630.12,10710.04,10793.97,10575.96,191.3,-0.0015
2016/11/11,10667.95,10702.88,10714.47,10584.31,133.41,0.0036
2016/11/14,10693.69,10750.62,10802.39,10677.09,134.89,0.0024
2016/11/15,10735.14,10720.93,10748.31,10666.17,107.33,0.0039
2016/11/16,10663.87,10726.34,10735.47,10610.27,98.81,-0.0066
2016/11/17,10685.54,10640.36,10686.88,10604.32,98.11,0.002
2016/11/18,10664.56,10735.05,10737.98,10649.12,106.65,-0.002
2016/11/21,10685.13,10697.95,10727.09,10595.14,73.72,0.0019
2016/11/22,10713.85,10745.67,10767.73,10707.87,85.87,0.0027
2016/11/23,10662.44,10718.89,10742.66,10602.21,95.53,-0.0048
2016/11/24,10689.26,10689.16,10715.65,10653.62,55.62,0.0025
2016/11/25,10699.27,10700.17,10710.16,10649.37,61.04,0.0009
2016/11/28,10582.67,10655.92,10658.36,10554.94,75.86,-0.0109
2016/11/29,10620.49,10562.15,10624.76,10539.23,80.84,0.0036
2016/11/30,10640.3,10615.79,10691.67,10606.04,110.33,0.0019
2016/12/1,10534.05,10593.06,10627.1,10502.54,93.4,-0.01
2016/12/2,10513.35,10436.48,10545.37,10402.59,86.4,-0.002
2016/12/5,10684.83,10494.64,10730.74,10493.62,107.27,0.0163
2016/12/6,10775.32,10685,10786.26,10668.67,142.69,0.0085
2016/12/7,10986.69,10885.05,10988.79,10873.81,148.43,0.0196
2016/12/8,11179.42,11035.76,11193.1,10990.6,180.24,0.0175
2016/12/9,11203.63,11170.18,11231.69,11145.98,107.04,0.0022
2016/12/12,11190.21,11198.42,11213.04,11141.86,92.59,-0.0012
2016/12/13,11284.65,11194.67,11300.44,11191.64,101.53,0.0084
2016/12/14,11244.84,11254.47,11281.43,11235.24,93.09,-0.0035
2016/12/15,11366.4,11267.03,11387.11,11267.03,145.75,0.0108
2016/12/16,11404.01,11368.64,11451.57,11357.15,184.16,0.0033
2016/12/19,11426.7,11384.03,11426.7,11380.12,83.39,0.002
2016/12/20,11464.74,11415.3,11472.08,11406.95,78.15,0.0033
2016/12/21,11468.64,11445.23,11479.88,11440.29,64.31,0.0003
2016/12/22,11456.1,11444.41,11475.76,11428.77,51.52,-0.0011
2016/12/23,11449.93,11477.23,11480.18,11409.43,55.1,-0.0005
2016/12/27,11472.24,11457.91,11481.46,11451.55,29.55,0.0019
2016/12/28,11474.99,11469.45,11475.89,11459.4,47.14,0.0002
2016/12/29,11451.05,11411.36,11459.19,11404.82,45.11,-0.0021
2016/12/30,11481.06,11443.31,11481.66,11405.77,43.1,0.0026
2017/1/2,11598.33,11426.38,11617.28,11414.82,48.92,0.0102
2017/1/3,11584.24,11631.7,11637.37,11561.23,91.15,-0.0012
2017/1/4,11584.31,11609.53,11616.09,11531.43,84.72,0
2017/1/5,11584.94,11537.73,11602.54,11537.4,77.24,0.0001
2017/1/6,11599.01,11560.52,11605.74,11547.05,69.16,0.0012
2017/1/9,11563.99,11606.89,11606.89,11522.35,81.16,-0.003
2017/1/10,11583.3,11583.24,11606.95,11544.99,88.74,0.0017
2017/1/11,11646.17,11587.53,11692.27,11524.99,101.23,0.0054
2017/1/12,11521.04,11599.24,11606.43,11491.87,101.6,-0.0107
2017/1/13,11629.18,11576.78,11635.55,11554.45,82.61,0.0094
2017/1/16,11554.71,11537.45,11579.05,11535.96,63,-0.0064
2017/1/17,11540,11521.5,11583.43,11425.14,87.26,-0.0013
2017/1/18,11599.39,11592.12,11599.39,11529.76,82.31,0.0051
2017/1/19,11596.89,11624.11,11644.88,11578.91,91.89,-0.0002
2017/1/20,11630.13,11568.9,11636.79,11547.04,114.83,0.0029
2017/1/23,11545.75,11545.97,11605.29,11508.83,80.31,-0.0073
2017/1/24,11594.94,11554.8,11596.18,11538.05,81.68,0.0043
2017/1/25,11806.05,11677.63,11827.73,11669.3,123.21,0.0182
2017/1/26,11848.63,11867.91,11893.08,11819.76,93.5,0.0036
2017/1/27,11814.27,11841.72,11844.68,11798.26,73.42,-0.0029
2017/1/30,11681.89,11786.31,11792.33,11659.35,77.63,-0.0112
2017/1/31,11535.31,11692.53,11733.16,11535.31,100.43,-0.0125
2017/2/1,11659.5,11646.42,11723.39,11622.6,97.42,0.0108
2017/2/2,11627.95,11628.28,11675.98,11603.65,100.63,-0.0027
2017/2/3,11651.49,11636.23,11696.94,11627.98,82.67,0.002
2017/2/6,11509.84,11628.03,11679.91,11509.58,95.25,-0.0122
2017/2/7,11549.44,11498.49,11606.26,11483.83,72.25,0.0034
2017/2/8,11543.38,11546.93,11591.26,11479.78,98.26,-0.0005
2017/2/9,11642.86,11584.4,11657.24,11548.18,110.08,0.0086
2017/2/10,11666.97,11698.7,11711.55,11645.13,79.22,0.0021
2017/2/13,11774.43,11697.99,11812.69,11684.91,79.03,0.0092
2017/2/14,11771.81,11766.99,11787.82,11752.68,72.65,-0.0002
2017/2/15,11793.93,11834.48,11848.04,11725.38,88.88,0.0019
2017/2/16,11757.24,11778.99,11814.7,11728.38,76.43,-0.0031
2017/2/17,11757.02,11759.57,11775.4,11693.7,92.67,0
2017/2/20,11827.62,11831.71,11841.06,11804.72,56.38,0.006
2017/2/21,11967.49,11817.97,11987.58,11798.48,77.83,0.0118
2017/2/22,11998.59,11989.71,12031.11,11966.02,94.71,0.0026
2017/2/23,11947.83,11994.06,12015.98,11925.88,71.93,-0.0042
2017/2/24,11804.03,11920.9,11934.64,11722.35,101.75,-0.012
2017/2/27,11822.67,11858.14,11860.82,11792.51,64.79,0.0016
2017/2/28,11834.41,11847.09,11853.5,11780.83,73.5,0.001
2017/3/1,12067.19,11915.03,12074.02,11913.84,109.55,0.0197
2017/3/2,12059.57,12052.8,12082.59,12041.9,82.1,-0.0006
2017/3/3,12027.36,11998.06,12058.21,11995.4,103.29,-0.0027
2017/3/6,11958.4,11956.81,11998.83,11921.57,99.17,-0.0057
2017/3/7,11966.14,11963.76,11988.87,11935.33,78.82,0.0006
2017/3/8,11967.31,11922.86,12017.28,11922.31,99.11,0.0001
2017/3/9,11978.39,11923.51,12024.7,11917.78,106.15,0.0009
2017/3/10,11963.18,12018.48,12067.07,11936.81,110.64,-0.0013
2017/3/13,11990.03,11954.8,12006.01,11949.03,78.03,0.0022
2017/3/14,11988.79,11987.34,12002.75,11930.38,108.4,-0.0001
2017/3/15,12009.87,12000.44,12027.05,11977.32,104.49,0.0018
2017/3/16,12083.18,12140.3,12156.44,12046.07,123.03,0.0061
2017/3/17,12095.24,12039.24,12117.9,12018.27,193.23,0.001
2017/3/20,12052.9,12050.81,12082.31,12033.24,110.67,-0.0035
2017/3/21,11962.13,12083.01,12111.24,11938.42,134.94,-0.0075
2017/3/22,11904.12,11870.78,11934.35,11850.27,110.18,-0.0048
2017/3/23,12039.68,11914.2,12043.67,11896.68,87.34,0.0114
2017/3/24,12064.27,12033.27,12082.67,12010.33,95.56,0.002
2017/3/27,11996.07,11957.65,11996.35,11916.07,88.96,-0.0057
2017/3/28,12149.42,12062.69,12158.72,12045.17,95.84,0.0128
2017/3/29,12203,12195.86,12233.76,12180.83,104.38,0.0044
2017/3/30,12256.43,12220.64,12258.37,12200.34,88.51,0.0044
2017/3/31,12312.87,12241.57,12313.29,12230.17,113.06,0.0046
2017/4/3,12257.2,12368.82,12375.58,12256.94,88.5,-0.0045
2017/4/4,12282.34,12255.72,12288.78,12225.38,118.11,0.0021
2017/4/5,12217.54,12280.06,12293.13,12212.17,86.82,-0.0053
2017/4/6,12230.89,12147.37,12242.5,12119.04,76.55,0.0011
2017/4/7,12225.06,12174.51,12225.06,12144.98,74.11,-0.0005
2017/4/10,12200.52,12244.5,12246.88,12178.1,58.53,-0.002
2017/4/11,12139.35,12149.4,12221.43,12049.93,84.12,-0.005
2017/4/12,12154.7,12174.96,12242.76,12123.12,76.48,0.0013
2017/4/13,12109,12137.57,12147.7,12089.94,75.85,-0.0038
2017/4/18,12000.44,12135.61,12162.47,11996.74,89.78,-0.009
2017/4/19,12016.45,12014.03,12040.23,12001.86,85.82,0.0013
2017/4/20,12027.32,11968.06,12050.66,11941.57,85.38,0.0009
2017/4/21,12048.57,12032.78,12091.33,12009.12,109.7,0.0018
2017/4/24,12454.98,12296.56,12456.18,12289.37,191.82,0.0337
2017/4/25,12467.04,12457.83,12482.9,12439.11,94.32,0.001
2017/4/26,12472.8,12466.5,12486.29,12442.37,90.38,0.0005
2017/4/27,12443.79,12440.01,12478.28,12426.99,104.31,-0.0023
2017/4/28,12438.01,12417.89,12462.11,12414.1,104.96,-0.0005
2017/5/2,12507.9,12478.46,12511.17,12433.51,87.9,0.0056
2017/5/3,12527.84,12502.36,12532.25,12477.87,81.77,0.0016
2017/5/4,12647.78,12552.06,12648.22,12539.71,105.61,0.0096
2017/5/5,12716.89,12601.46,12718.66,12591.75,107.71,0.0055
2017/5/8,12694.55,12758.48,12762.04,12659.7,100.74,-0.0018
2017/5/9,12749.12,12732.74,12783.23,12703.96,113.26,0.0043
2017/5/10,12757.46,12728.97,12776.08,12715.67,108.07,0.0007
2017/5/11,12711.06,12767.13,12772.88,12662.49,103.24,-0.0036
2017/5/12,12770.41,12728.84,12771,12714.38,109.48,0.0047
2017/5/15,12807.04,12824.05,12832.29,12729.49,87.08,0.0029
2017/5/16,12804.53,12787.69,12841.66,12776.02,80.32,-0.0002
2017/5/17,12631.61,12700.12,12786.89,12587.45,108.95,-0.0135
2017/5/18,12590.06,12608.19,12634.26,12489.95,123.48,-0.0033
2017/5/19,12638.69,12612.3,12658.55,12596.72,121.95,0.0039
2017/5/22,12619.46,12664.97,12670.26,12571.06,75.33,-0.0015
2017/5/23,12659.15,12597.54,12703.74,12593.33,91.03,0.0031
2017/5/24,12642.87,12631.39,12662.05,12617.76,73.73,-0.0013
2017/5/25,12621.72,12693.84,12697.66,12543.77,59.48,-0.0017
2017/5/26,12602.18,12604.4,12611.49,12529.51,75.56,-0.0015
2017/5/29,12628.95,12588.8,12633.37,12578.58,38.07,0.0021
2017/5/30,12598.68,12583.82,12648.1,12567.22,74.54,-0.0024
2017/5/31,12615.06,12612.52,12709.13,12582.8,140.25,0.0013
2017/6/1,12664.92,12623.61,12677.6,12621.53,90.29,0.004
2017/6/2,12822.94,12735,12878.59,12734.78,91.15,0.0125
2017/6/6,12690.12,12768.46,12788.34,12679.58,84.16,-0.0104
2017/6/7,12672.49,12659.97,12746.42,12640.52,127.08,-0.0014
2017/6/8,12713.58,12688.54,12740.36,12684.71,100.52,0.0032
2017/6/9,12815.72,12711.53,12821.03,12711.53,93.32,0.008
2017/6/12,12690.44,12760.39,12782.73,12666.39,96.94,-0.0098
2017/6/13,12764.98,12739.5,12790.3,12727.83,76.83,0.0059
2017/6/14,12805.95,12798.26,12921.17,12788.7,107.15,0.0032
2017/6/15,12691.81,12801.91,12804.47,12620.9,123.57,-0.0089
2017/6/16,12752.73,12746.05,12762.35,12707.59,223.6,0.0048
2017/6/19,12888.95,12849.99,12912.85,12833.01,80.35,0.0107
2017/6/20,12814.79,12938.04,12951.54,12814.76,81.46,-0.0058
2017/6/21,12774.26,12792.32,12804.42,12708.99,72.03,-0.0032
2017/6/22,12794,12758.66,12806.02,12717.29,74.01,0.0015
2017/6/23,12733.41,12757.97,12787.22,12677.4,78.47,-0.0047
2017/6/26,12770.83,12783.89,12841.31,12752.75,70.39,0.0029
2017/6/27,12671.02,12728.5,12751.2,12644.95,110.32,-0.0078
2017/6/28,12647.27,12586.06,12671.28,12536.86,106.79,-0.0019
2017/6/29,12416.19,12707.48,12729.18,12396.13,119.03,-0.0183
2017/6/30,12325.12,12424.5,12459.69,12319,107.05,-0.0073
2017/7/3,12475.31,12396.34,12486.29,12390.73,79.45,0.0122
2017/7/4,12437.13,12413.6,12481.81,12411.56,66.56,-0.0031
2017/7/5,12453.68,12432.41,12496.82,12406.69,85.18,0.0013
2017/7/6,12381.25,12474.51,12490.72,12316.43,115.83,-0.0058
2017/7/7,12388.68,12376.19,12388.68,12339.91,81.46,0.0006
2017/7/10,12445.92,12464.96,12482.95,12406.2,71.5,0.0046
2017/7/11,12437.02,12479.67,12539.18,12417.85,74.91,-0.0007
2017/7/12,12626.58,12469.85,12648.19,12468.16,99.76,0.0152
2017/7/13,12641.33,12614.13,12676.52,12613.52,81.57,0.0012
2017/7/14,12631.72,12642.65,12662.01,12577.33,70.41,-0.0008
2017/7/17,12587.16,12652.37,12656.13,12542.96,54.77,-0.0035
2017/7/18,12430.39,12540.93,12572.86,12384.61,89.67,-0.0125
2017/7/19,12452.05,12468.06,12475.17,12418.67,77.53,0.0017
2017/7/20,12447.25,12514.84,12575.52,12392.19,107.31,-0.0004
2017/7/21,12240.06,12424.8,12464.12,12190.89,136.83,-0.0166
2017/7/24,12208.95,12228.63,12235.85,12142.01,88.82,-0.0025
2017/7/25,12264.31,12228.32,12301.67,12211.14,80.62,0.0045
2017/7/26,12305.11,12260.3,12341.03,12255.74,81.67,0.0033
2017/7/27,12212.04,12230.09,12293.9,12176.02,102.84,-0.0076
2017/7/28,12162.7,12151.38,12183.77,12098.57,93.13,-0.004
2017/7/31,12118.25,12141.53,12210.3,12097.36,89.28,-0.0037
2017/8/1,12251.29,12147.89,12302.38,12092.06,89.61,0.011
2017/8/2,12181.48,12269.9,12275,12153.54,88.39,-0.0057
2017/8/3,12154.72,12130.76,12184.6,12099.13,81.42,-0.0022
2017/8/4,12297.72,12138.09,12321.98,12123.66,98.57,0.0118
2017/8/7,12257.17,12305.74,12336,12225.77,68.06,-0.0033
2017/8/8,12292.05,12239.78,12329.97,12184.59,71.15,0.0028
2017/8/9,12154,12191.37,12227.52,12100.12,118.23,-0.0112
2017/8/10,12014.3,12158.69,12158.92,11993.73,97.86,-0.0115
2017/8/11,12014.06,11961.6,12046.89,11934.92,93.89,0
2017/8/14,12165.12,12100.17,12195.43,12097,80.12,0.0126
2017/8/15,12177.04,12208.3,12234.64,12156.87,62.18,0.001
2017/8/16,12263.86,12250.02,12301.4,12240.83,66.67,0.0071
2017/8/17,12203.46,12236.6,12290.05,12184.27,76.45,-0.0049
2017/8/18,12165.19,12103.51,12178.09,12080.74,90.54,-0.0031
2017/8/21,12065.99,12105.72,12149.58,12021.7,72.15,-0.0082
2017/8/22,12229.34,12151.76,12234.79,12124.15,68.61,0.0135
2017/8/23,12174.3,12227.23,12269.92,12155.74,65.94,-0.0045
2017/8/24,12180.83,12196.18,12254.75,12169.54,64.8,0.0005
2017/8/25,12167.94,12194.73,12249.44,12132.5,59.3,-0.0011
2017/8/28,12123.47,12105.49,12173.53,12064.36,35.88,-0.0037
2017/8/29,11945.88,12031.12,12032.32,11868.84,100.9,-0.0146
2017/8/30,12002.47,12026.45,12040.82,11989.61,59.03,0.0047
2017/8/31,12055.84,12098.57,12115.55,12034.18,80.72,0.0044
2017/9/1,12142.64,12101.15,12191.23,12085.31,75.81,0.0072
2017/9/4,12102.21,12051.8,12138.41,12050.53,45.05,-0.0033
2017/9/5,12123.71,12125.42,12210.25,12100.26,67.68,0.0018
2017/9/6,12214.54,12071.9,12260.76,12066.84,85.6,0.0075
2017/9/7,12296.63,12284.14,12363.6,12265.51,96.6,0.0067
2017/9/8,12303.98,12261.81,12321.61,12245.33,63.29,0.0006
2017/9/11,12475.24,12381.52,12481.77,12381.33,79.2,0.0139
2017/9/12,12524.77,12527.44,12558.03,12512.59,87.72,0.004
2017/9/13,12553.57,12489.25,12565.85,12489.25,82.36,0.0023
2017/9/14,12540.45,12524.12,12552.16,12499.55,85.61,-0.001
2017/9/15,12518.81,12525.36,12561.35,12506.94,197.94,-0.0017
2017/9/18,12559.39,12593.55,12613.56,12537.07,60.15,0.0032
2017/9/19,12561.79,12556.46,12566.2,12527.9,76.52,0.0002
2017/9/20,12569.17,12550.92,12593.25,12518.22,104.83,0.0006
2017/9/21,12600.03,12601.95,12621.28,12582.04,103.93,0.0025
2017/9/22,12592.35,12569.66,12646.56,12568.8,78.84,-0.0006
2017/9/25,12594.81,12573.35,12633.06,12564.84,81.07,0.0002
2017/9/26,12605.2,12557.44,12629.93,12551.87,75.45,0.0008
2017/9/27,12657.41,12630.4,12685.19,12625.55,82.22,0.0041
2017/9/28,12704.65,12682.37,12708.7,12666.03,87.58,0.0037
2017/9/29,12828.86,12725.87,12828.86,12722.38,108.15,0.0098
2017/10/2,12902.65,12866.27,12902.65,12849.59,74.92,0.0058
2017/10/4,12970.52,12955.89,12976.24,12893.75,118.79,0.0053
2017/10/5,12968.05,12950.18,12969.4,12933.56,80.96,-0.0002
2017/10/6,12955.94,12979.34,12993.53,12941.15,75.29,-0.0009
2017/10/9,12976.4,12975.86,12996.64,12943.55,62.76,0.0016
2017/10/10,12949.25,12959.72,12980.45,12909.28,67.27,-0.0021
2017/10/11,12970.68,12965.28,12976.32,12925.24,75.12,0.0017
2017/10/12,12982.89,12977.27,13002.34,12945.07,76.55,0.0009
2017/10/13,12991.87,12995.08,13036.74,12964.35,70.25,0.0007
2017/10/16,13003.7,13017.18,13026.45,13000.38,56.35,0.0009
2017/10/17,12995.06,12995.84,13034.42,12967.35,70.29,-0.0007
2017/10/18,13043.03,13012.8,13094.76,13003.92,65.71,0.0037
2017/10/19,12990.1,13036.28,13042.62,12911.58,82.34,-0.0041
2017/10/20,12991.28,13057.78,13063.57,12956.42,83.57,0.0001
2017/10/23,13003.14,13014.57,13069.4,12973.43,61.44,0.0009
2017/10/24,13013.19,12998.66,13055.65,12983.38,97.34,0.0008
2017/10/25,12953.41,12998.44,13049.47,12931.22,95.36,-0.0046
2017/10/26,13133.28,12955.43,13144.65,12940.83,113.62,0.0139
2017/10/27,13217.54,13186.55,13249.03,13186.55,106.97,0.0064
2017/10/30,13229.57,13227.85,13255.38,13214.6,73.52,0.0009
2017/11/1,13465.51,13342.44,13488.59,13341.3,128.44,0.0178
2017/11/2,13440.93,13448.52,13460.86,13405.91,96.88,-0.0018
2017/11/3,13478.86,13476.53,13505.01,13430.22,90,0.0028
2017/11/6,13468.79,13459.42,13481.23,13441.66,92.4,-0.0007
2017/11/7,13379.27,13517.98,13525.56,13369.85,88.96,-0.0066
2017/11/8,13382.42,13404.58,13419.77,13345.11,106.42,0.0002
2017/11/9,13182.56,13378.96,13402.05,13175.22,145.3,-0.0149
2017/11/10,13127.47,13206.35,13216.97,13111.65,118.51,-0.0042
2017/11/13,13074.42,13150.78,13163.94,12960.65,105.06,-0.004
2017/11/14,13033.48,13101.09,13139.27,13000.15,94.22,-0.0031
2017/11/15,12976.37,12963.09,12996.12,12847.88,136.17,-0.0044
2017/11/16,13047.22,13024.39,13071.94,13008.02,103.04,0.0055
2017/11/17,12993.73,13051.71,13089.72,12984.67,104.02,-0.0041
2017/11/20,13058.66,12932.81,13085.17,12926.13,93.19,0.005
2017/11/21,13167.54,13042.94,13209.01,13026.77,103.69,0.0083
2017/11/22,13015.04,13171.36,13191.96,13008.97,82.77,-0.0116
2017/11/23,13008.55,12943.49,13049.08,12921.15,71.3,-0.0005
2017/11/24,13059.84,13023.52,13160.81,12981.68,66.01,0.0039
2017/11/27,13000.2,13036.74,13117.76,12989.37,66.08,-0.0046
2017/11/28,13059.53,13008.94,13071.01,12966.38,68.16,0.0046
2017/11/29,13061.87,13153.74,13196.15,13037.34,96.18,0.0002
2017/11/30,13023.98,13060.56,13177.57,13023.98,129.91,-0.0029
2017/12/1,12861.49,13044.15,13064.29,12810.13,117.91,-0.0125
2017/12/4,13058.55,13038.77,13117.75,12974.32,88.47,0.0153
2017/12/5,13048.54,13056.82,13094.38,12960.59,83.94,-0.0008
2017/12/6,12998.85,12897.43,13033.75,12864.68,87.25,-0.0038
2017/12/7,13045.15,13026.3,13083.08,12989,78.82,0.0036
2017/12/8,13153.7,13146.82,13240.92,13136.78,107.3,0.0083
2017/12/11,13123.65,13181.85,13192.42,13112.82,73.7,-0.0023
2017/12/12,13183.53,13131.41,13183.83,13079.86,78.86,0.0046
2017/12/13,13125.64,13148.52,13188.07,13120.4,122.82,-0.0044
2017/12/14,13068.08,13107.11,13159.48,13011.97,125.31,-0.0044
2017/12/15,13103.56,13027.84,13109.13,13008.07,189.33,0.0027
2017/12/18,13312.3,13211.63,13331.95,13206.12,96.56,0.0159
2017/12/19,13215.79,13314.73,13338.91,13213.19,76.17,-0.0072
2017/12/20,13069.17,13244.27,13252.67,13026.11,82.31,-0.0111
2017/12/21,13109.74,13065.79,13137.71,13013.63,72.54,0.0031
2017/12/22,13072.79,13076.76,13108.56,13059.87,54.51,-0.0028
2017/12/27,13070.02,13070.19,13128.74,13020.43,46.06,-0.0002
2017/12/28,12979.94,13065.46,13069.4,12965.28,44.49,-0.0069
2017/12/29,12917.64,12980.09,12980.74,12911.73,43.47,-0.0048
