Date,log_returns,QHLp1,QHLp21,QHLn1,QHLn21
2013/2/1,0.011147031,0.435070598,0.506371486,0.433504026,0.37246342
2013/2/4,-0.015944337,0.422312972,0.491523096,0.420792337,0.361541632
2013/2/5,0.005733638,0.414553343,0.482491792,0.413060648,0.354898623
2013/2/6,0.002000303,0.418914975,0.487568224,0.417406575,0.358632611
2013/2/7,-0.010686988,0.419014289,0.487683813,0.417505531,0.358717633
2013/2/8,0.005685095,0.41030283,0.47754469,0.40882544,0.351259764
2013/2/11,0.002093934,0.420219375,0.489086394,0.418706279,0.359749307
2013/2/12,0.009721497,0.422629942,0.491892012,0.421108165,0.361812989
2013/2/13,0.003265215,0.428670023,0.498921963,0.427126498,0.366983896
2013/2/14,-0.005005343,0.430681621,0.501263228,0.429130853,0.368706023
2013/2/15,0.000142229,0.429648217,0.500060466,0.428101169,0.367821326
2013/2/18,-0.001592542,0.427622933,0.497703272,0.426083178,0.366087483
2013/2/19,0.009589544,0.43533369,0.506677694,0.43376617,0.372688653
2013/2/20,0.002551972,0.433308003,0.504320031,0.431747778,0.370954465
2013/2/21,-0.016368417,0.447312416,0.520619537,0.445701765,0.382943627
2013/2/22,0.006994431,0.445681583,0.518721437,0.444076804,0.381547472
2013/2/25,0.00309982,0.444330353,0.517148763,0.442730439,0.380390686
2013/2/26,-0.013453597,0.435228663,0.506555456,0.433661522,0.37259874
2013/2/27,0.008802628,0.43233237,0.503184508,0.430775658,0.370119227
2013/2/28,0.005506572,0.432128883,0.502947672,0.430572903,0.369945022
2013/3/1,0.00279291,0.437586607,0.509299828,0.436010976,0.374617373
2013/3/4,-0.005182251,0.426698788,0.496627675,0.425162361,0.365296324
2013/3/5,0.013511371,0.421850051,0.49098431,0.420331083,0.361145326
2013/3/6,-0.000670317,0.409777925,0.476933762,0.408302425,0.350810393
2013/3/7,0.001790655,0.415121888,0.483153512,0.413627146,0.355385354
2013/3/8,0.00687473,0.414010414,0.481859886,0.412519674,0.354433822
2013/3/11,0.003087656,0.402450757,0.468405792,0.40100164,0.344537614
2013/3/12,0.001074207,0.394483264,0.459132558,0.393062836,0.337716652
2013/3/13,-0.004482725,0.402571257,0.46854604,0.401121706,0.344640773
2013/3/14,0.007364622,0.411042302,0.47840535,0.40956225,0.351892825
2013/3/15,-0.006107987,0.407408264,0.474175753,0.405941297,0.34878173
2013/3/18,-0.004901316,0.403804139,0.46998097,0.402350149,0.345696242
2013/3/19,-0.002573796,0.406552288,0.473179497,0.405088403,0.34804893
2013/3/20,-0.001339131,0.403577879,0.46971763,0.402124703,0.345502541
2013/3/21,-0.006887031,0.398844651,0.464208705,0.397408519,0.341450431
2013/3/22,0.000658774,0.392550528,0.456883079,0.391137059,0.336062039
2013/3/25,-0.002251953,0.399103225,0.464509654,0.397666161,0.341671795
2013/3/26,0.003285401,0.39413367,0.458725672,0.392714501,0.337417365
2013/3/27,-0.001847199,0.397331474,0.462447543,0.39590079,0.340155001
2013/3/28,0.003778336,0.401098044,0.466831392,0.399653798,0.343379558
2013/4/2,0.012233536,0.400048411,0.465609741,0.398607944,0.342480968
2013/4/3,-0.01090249,0.39255217,0.45688499,0.391138696,0.336063445
2013/4/4,-0.011933331,0.395224911,0.459995749,0.393801813,0.338351575
2013/4/5,-0.014982137,0.397845747,0.463046097,0.396413212,0.34059527
2013/4/8,0.004336337,0.40895767,0.47597908,0.407485124,0.350108174
2013/4/9,0.005761663,0.413485867,0.481249374,0.411997015,0.353984758
2013/4/10,0.01167834,0.419829776,0.488632946,0.418318083,0.359415771
2013/4/11,0.004494088,0.418291735,0.486842845,0.416785579,0.358099056
2013/4/12,-0.004960742,0.420642161,0.489578467,0.419127542,0.360111253
2013/4/15,-0.006409518,0.423812237,0.493268066,0.422286204,0.362825151
2013/4/16,-0.006170077,0.422653512,0.491919446,0.421131651,0.361833168
2013/4/17,-0.009621719,0.418409234,0.4869796,0.416902656,0.358199647
2013/4/18,-8.65E-05,0.420025914,0.488861227,0.418513514,0.359583685
2013/4/19,0.006850643,0.423681354,0.493115733,0.422155791,0.362713102
2013/4/22,-0.000950092,0.425119694,0.494789794,0.423588953,0.363944464
2013/4/23,0.019785082,0.412120904,0.479660717,0.410636968,0.352816215
2013/4/24,0.003994434,0.406354838,0.472949687,0.404891664,0.347879892
2013/4/25,0.001682415,0.405127106,0.471520751,0.403668353,0.346828833
2013/4/26,-0.002513015,0.416142431,0.484341305,0.414644014,0.356259039
2013/4/29,0.004905151,0.433810493,0.504904871,0.432248459,0.371384646
2013/4/30,-0.004329569,0.449806097,0.52352189,0.448186466,0.385078463
2013/5/1,0.00328691,0.452385058,0.526523501,0.450756142,0.387286309
2013/5/2,0.001459108,0.4532114,0.527485266,0.451579508,0.387993739
2013/5/3,0.009359058,0.452273876,0.526394098,0.45064536,0.387191127
2013/5/7,0.005480656,0.462931022,0.538797774,0.461264133,0.396314697
2013/5/8,0.003984548,0.44566965,0.518707548,0.444064914,0.381537256
2013/5/9,0.001405563,0.433134038,0.504117557,0.43157444,0.370805534
2013/5/10,0.004878309,0.417026474,0.485370228,0.415524874,0.357015867
2013/5/13,0.001022876,0.418388926,0.486955964,0.41688242,0.358182261
2013/5/14,0.008154533,0.422862253,0.492162395,0.42133964,0.362011871
2013/5/15,0.001119614,0.42503687,0.494693395,0.423506426,0.363873558
2013/5/16,-0.000859405,0.415076355,0.483100517,0.413581777,0.355346373
2013/5/17,0.005258437,0.421947454,0.491097675,0.420428135,0.361228712
2013/5/20,0.004832823,0.427803309,0.497913209,0.426262905,0.366241903
2013/5/21,0.007115337,0.426982239,0.496957579,0.425444791,0.365538986
2013/5/22,0.005335637,0.42441961,0.493974977,0.422891389,0.363345122
2013/5/23,-0.021198897,0.410391024,0.477647338,0.408913317,0.351335267
2013/5/24,-0.006359034,0.394163951,0.458760915,0.392744673,0.337443289
2013/5/28,0.01605091,0.386065452,0.449335207,0.384675335,0.330510174
2013/5/29,-0.020142318,0.377359135,0.439202067,0.376000366,0.323056706
2013/5/30,0.004489565,0.377764049,0.43967334,0.376403823,0.323403352
2013/5/31,-0.01116319,0.374406186,0.435765178,0.37305805,0.32052869
2013/6/3,-0.008844896,0.377778609,0.439690287,0.37641833,0.323415817
2013/6/4,0.005114772,0.386449416,0.449782095,0.385057916,0.330838884
2013/6/5,-0.021463481,0.416687502,0.484975704,0.415187122,0.356725674
2013/6/6,-0.01304562,0.425929923,0.495732805,0.424396264,0.364638099
2013/6/7,0.01190466,0.433269927,0.504275716,0.431709839,0.370921869
2013/6/10,-0.001801375,0.440584095,0.512788555,0.438997671,0.377183519
2013/6/11,-0.009476914,0.463757109,0.539759243,0.462087245,0.397021909
2013/6/12,-0.006429059,0.491771883,0.572365176,0.490001145,0.421005323
2013/6/13,0.000821956,0.499795323,0.581703525,0.497995695,0.427874181
2013/6/14,0.000575602,0.491352594,0.571877173,0.489583366,0.420646371
2013/6/17,0.003517757,0.488922045,0.569048297,0.487161569,0.418565581
2013/6/18,0.006882519,0.489885547,0.570169701,0.488121602,0.419390433
2013/6/19,-0.003991193,0.501318214,0.583475993,0.499513102,0.429177926
2013/6/20,-0.03027174,0.497945693,0.579550772,0.496152725,0.426290715
2013/6/21,-0.007061145,0.505926577,0.58883959,0.504104872,0.43312314
2013/6/24,-0.014338338,0.514577947,0.598908777,0.51272509,0.440529567
2013/6/25,0.012004091,0.515552124,0.600042605,0.51369576,0.441363559
2013/6/26,0.010364156,0.508805589,0.592190425,0.506973517,0.435587859
2013/6/27,0.012558913,0.499678905,0.581568028,0.497879696,0.427774515
2013/6/28,-0.00448356,0.484707457,0.564143007,0.482962156,0.414957477
2013/7/1,0.014742447,0.471133065,0.548343996,0.469436642,0.403336455
2013/7/2,-0.000608957,0.464322228,0.540416975,0.462650329,0.397505706
2013/7/3,-0.011819369,0.474361408,0.552101412,0.472653361,0.406100236
2013/7/4,0.030322743,0.471761495,0.549075415,0.470062809,0.403874454
2013/7/5,-0.007212552,0.464969288,0.541170079,0.463295059,0.398059654
2013/7/8,0.011625327,0.45624733,0.531018735,0.454604507,0.390592796
2013/7/9,0.009721479,0.462327773,0.538095663,0.460663056,0.395798256
2013/7/10,-0.0012475,0.471917107,0.54925653,0.470217861,0.404007673
2013/7/11,0.005893473,0.491598433,0.5721633,0.489828319,0.420856833
2013/7/12,0.000233796,0.491289568,0.571803817,0.489520567,0.420592414
2013/7/15,0.006270654,0.496850416,0.578275996,0.495061391,0.425353049
2013/7/16,-0.00452884,0.505420772,0.588250892,0.503600888,0.43269012
2013/7/17,0.002373503,0.519992028,0.605210137,0.518119677,0.445164556
2013/7/18,0.009454656,0.527979927,0.614507121,0.526078814,0.452002987
2013/7/19,-0.00055635,0.543772942,0.63288835,0.541814962,0.465523368
2013/7/22,-0.001131748,0.542231402,0.631094176,0.540278973,0.464203657
2013/7/23,-0.003892412,0.551847131,0.642285766,0.549860079,0.472435672
2013/7/24,0.003478628,0.570926893,0.664492385,0.568871139,0.488769833
2013/7/25,-0.0049181,0.585899296,0.681918518,0.583789631,0.501587689
2013/7/26,-0.005046143,0.563773513,0.656166684,0.561743516,0.482645833
2013/7/29,0.000832632,0.548248121,0.638096937,0.546274027,0.469354563
2013/7/30,0.001629707,0.537281635,0.625333225,0.535347029,0.459966168
2013/7/31,0.007597059,0.537334332,0.625394559,0.535399536,0.460011282
2013/8/1,0.009158873,0.530492863,0.617431885,0.528582701,0.454154308
2013/8/2,-0.005117848,0.536828138,0.624805407,0.534895165,0.459577929
2013/8/5,-0.004264579,0.524440625,0.610387786,0.522552256,0.448972994
2013/8/6,-0.002324599,0.521326328,0.606763107,0.519449173,0.446306849
2013/8/7,-0.014182018,0.530586372,0.617540718,0.528675873,0.454234361
2013/8/8,0.002832631,0.543237592,0.632265264,0.54128154,0.465065055
2013/8/9,0.008191873,0.527750292,0.614239852,0.525850006,0.451806396
2013/8/12,-0.001375617,0.529145984,0.615864275,0.527240672,0.453001246
2013/8/13,0.005702913,0.534065257,0.621589736,0.532142232,0.45721263
2013/8/14,-0.003713818,0.540647116,0.629250252,0.538700391,0.462847352
2013/8/15,-0.015927478,0.535560983,0.623330587,0.533632573,0.45849312
2013/8/16,0.002564829,0.540651504,0.62925536,0.538704764,0.462851108
2013/8/19,-0.005284717,0.536521807,0.624448873,0.534589936,0.459315679
2013/8/20,-0.0018995,0.537760502,0.625890571,0.535824172,0.460376125
2013/8/21,-0.009750706,0.539515112,0.627932732,0.537572464,0.461878245
2013/8/22,0.008729027,0.551347924,0.641704746,0.549362669,0.472008301
2013/8/23,0.006991311,0.553387665,0.644078768,0.551395066,0.473754521
2013/8/27,-0.007906903,0.559538585,0.651237722,0.557523838,0.479020316
2013/8/28,-0.00169528,0.554156515,0.644973619,0.552161147,0.474412732
2013/8/29,0.008207209,0.561158344,0.653122932,0.559137764,0.48040699
2013/8/30,-0.010874814,0.557383379,0.648729313,0.555376392,0.477175247
2013/9/2,0.014437767,0.553428491,0.644126284,0.551435744,0.473789472
2013/9/3,-0.005823703,0.541100576,0.629778028,0.539152219,0.463235559
2013/9/4,0.000978124,0.538832235,0.627137943,0.536892046,0.461293635
2013/9/5,0.008872081,0.54599754,0.635477522,0.54403155,0.467427843
2013/9/6,0.002276799,0.548256292,0.638106447,0.546282169,0.469361559
2013/9/9,-0.002537073,0.530093857,0.616967488,0.528185132,0.453812719
2013/9/10,0.008120685,0.529556851,0.616342476,0.527650059,0.453352989
2013/9/11,0.000674136,0.527775782,0.614269519,0.525875403,0.451828218
2013/9/12,8.35E-05,0.541086087,0.629761163,0.539137782,0.463223154
2013/9/13,-0.00078647,0.537558616,0.625655598,0.535623012,0.46020329
2013/9/16,0.005915215,0.540621367,0.629220284,0.538674736,0.462825308
2013/9/17,-0.007987593,0.53782415,0.62596465,0.535887591,0.460430614
2013/9/18,-0.001728999,0.547537148,0.637269448,0.545565615,0.4687459
2013/9/19,0.010098529,0.564308868,0.656789775,0.562276944,0.48310415
2013/9/20,-0.004380644,0.569712015,0.663078409,0.567660636,0.487729777
2013/9/23,-0.005938986,0.55848965,0.650016883,0.556478679,0.478122324
2013/9/24,0.002146422,0.556681902,0.647912875,0.554677441,0.476574713
2013/9/25,-0.00303742,0.564555978,0.657077383,0.562523164,0.4833157
2013/9/26,0.002143764,0.570526527,0.664026406,0.568472215,0.48842708
2013/9/27,-0.008094399,0.562376178,0.654540349,0.560351213,0.481449576
2013/9/30,-0.007775063,0.557741855,0.649146537,0.555733577,0.477482137
2013/10/1,-0.000342046,0.547537282,0.637269603,0.545565748,0.468746015
2013/10/2,-0.0034906,0.553594758,0.6443198,0.551601413,0.473931813
2013/10/3,0.001791017,0.563199433,0.655498523,0.561171504,0.482154364
2013/10/4,0.000750218,0.573968824,0.668032838,0.571902117,0.491374026
2013/10/7,-0.00257541,0.571500539,0.665160042,0.56944272,0.48926093
2013/10/8,-0.011161467,0.567135756,0.660079944,0.565093653,0.485524245
2013/10/9,-0.004395563,0.5833091,0.678903831,0.581208761,0.499370225
2013/10/10,0.01450168,0.599661244,0.697935822,0.597502025,0.513369276
2013/10/11,0.008778723,0.577685513,0.672358631,0.575605423,0.494555879
2013/10/14,0.003148945,0.562218636,0.654356988,0.560194238,0.481314704
2013/10/15,0.006350755,0.547215778,0.63689541,0.545245401,0.468470775
2013/10/16,0.00342665,0.549916993,0.640039309,0.54793689,0.470783282
2013/10/17,0.000695176,0.552574288,0.643132091,0.550584617,0.473058189
2013/10/18,0.007034034,0.56788324,0.660949928,0.565838446,0.486164165
2013/10/21,0.004763212,0.573862021,0.667908532,0.571795699,0.491282593
2013/10/22,0.006211321,0.582445809,0.677899062,0.580348579,0.498631164
2013/10/23,-0.003168257,0.590343219,0.687090727,0.588217553,0.505392127
2013/10/24,0.00578146,0.614691377,0.715429146,0.61247804,0.526236556
2013/10/25,0.001214781,0.628505272,0.73150691,0.626242194,0.538062615
2013/10/28,0.000666312,0.62333049,0.725484066,0.621086045,0.533632489
2013/10/29,0.007245662,0.623318824,0.725470488,0.621074421,0.533622502
2013/10/30,0.000438298,0.626627022,0.729320846,0.624370707,0.536454647
2013/10/31,-0.006850209,0.632511772,0.736170009,0.630234268,0.541492574
2013/11/1,0.000491602,0.635778795,0.739972443,0.633489527,0.544289469
2013/11/4,0.004279045,0.623388623,0.725551727,0.621143969,0.533682258
2013/11/5,-0.002484003,0.625261735,0.72773181,0.623010336,0.535285826
2013/11/6,-0.000763612,0.624411307,0.726742012,0.62216297,0.534557776
2013/11/7,-0.00661812,0.622930904,0.725018995,0.620687898,0.533290405
2013/11/8,0.001670939,0.614134059,0.714780493,0.611922728,0.525759437
2013/11/11,0.002969461,0.609531342,0.709423466,0.607336584,0.521819055
2013/11/12,-0.000234854,0.606299654,0.705662158,0.604116532,0.519052411
2013/11/13,-0.014493257,0.600773652,0.699230535,0.598610428,0.514321608
2013/11/14,0.005434677,0.597587561,0.695522296,0.595435809,0.511593999
2013/11/15,0.004088461,0.605668089,0.70492709,0.603487241,0.518511729
2013/11/18,0.004474961,0.608491481,0.708213189,0.606300467,0.520928832
2013/11/19,-0.003792436,0.606953398,0.706423039,0.604767922,0.519612081
2013/11/20,-0.002530816,0.614836651,0.715598228,0.61262279,0.526360925
2013/11/21,3.74E-05,0.62717911,0.729963412,0.624920808,0.536927289
2013/11/22,-0.00105274,0.622278854,0.724260084,0.620038195,0.532732185
2013/11/25,0.003039889,0.637466502,0.741936738,0.635171157,0.545734313
2013/11/26,-0.008761694,0.641656032,0.746812862,0.639345601,0.549320964
2013/11/27,0.001994628,0.640006329,0.7448928,0.637701838,0.547908655
2013/11/28,0.000751657,0.63887255,0.743573213,0.636572142,0.546938029
2013/11/29,-0.000586244,0.641059115,0.746118121,0.638750834,0.548809945
2013/12/2,-0.008340742,0.636932646,0.741315391,0.634639223,0.545277279
2013/12/3,-0.00958282,0.624283155,0.726592857,0.622035279,0.534448065
2013/12/4,-0.003444155,0.63233628,0.735965757,0.630059407,0.541342336
2013/12/5,-0.001789627,0.651375672,0.758125391,0.649030244,0.557641937
2013/12/6,0.008223599,0.64600262,0.751871784,0.643676539,0.553042073
2013/12/9,0.001142511,0.638475035,0.743110553,0.636176059,0.546597717
2013/12/10,-0.005529416,0.642323837,0.747590109,0.640011002,0.549892671
2013/12/11,-0.002392751,0.644712943,0.75037075,0.642391505,0.551937982
2013/12/12,-0.009645739,0.651459788,0.758223292,0.649114057,0.557713948
2013/12/13,-0.000821096,0.648907555,0.755252791,0.646571014,0.555528985
2013/12/16,0.012689413,0.631759231,0.735294139,0.629484436,0.540848325
2013/12/17,-0.005536441,0.617974708,0.719250561,0.615749548,0.529047411
2013/12/18,0.000907671,0.612724779,0.713140254,0.610518522,0.524552953
2013/12/19,0.014165804,0.617332091,0.718502629,0.615109244,0.528497267
2013/12/20,0.003317346,0.605909002,0.705207484,0.603727287,0.518717974
2013/12/23,0.01084376,0.59788419,0.695867539,0.595731371,0.511847943
2013/12/24,0.002327116,0.597146907,0.695009426,0.594996742,0.511216755
2013/12/27,0.008434387,0.608640599,0.708386745,0.606449048,0.521056492
2013/12/30,-0.002907552,0.636787046,0.74114593,0.634494148,0.545152632
2013/12/31,0.002643848,0.657404618,0.765142382,0.655037481,0.56280331
2014/1/2,-0.004630587,0.655477872,0.762899874,0.653117673,0.561153825
2014/1/3,0.001897599,0.654187013,0.761397464,0.651831462,0.560048722
2014/1/6,8.91E-06,0.669851043,0.77962857,0.66743909,0.57345868
2014/1/7,0.003665979,0.682605248,0.794472979,0.680147371,0.584377539
2014/1/8,-0.004996586,0.666388971,0.775599122,0.663989484,0.570494804
2014/1/9,-0.004538847,0.663893953,0.772695212,0.66150345,0.568358822
2014/1/10,0.00723687,0.667128788,0.776460183,0.664726637,0.571128161
2014/1/13,0.002550181,0.672849758,0.783118726,0.670427008,0.576025876
2014/1/14,0.001435965,0.679949557,0.791382064,0.677501242,0.582104006
2014/1/15,0.007801775,0.686158737,0.798608827,0.683688065,0.587419678
2014/1/16,-0.000651252,0.667107905,0.776435877,0.664705829,0.571110282
2014/1/17,0.002034487,0.649163069,0.755550179,0.646825608,0.55574773
2014/1/20,0.001087368,0.649762377,0.756247703,0.647422758,0.556260797
2014/1/21,-0.000361349,0.652091931,0.758959033,0.649743924,0.558255125
2014/1/22,-0.001161004,0.645231729,0.750974557,0.642908424,0.552382114
2014/1/23,-0.007801734,0.636931773,0.741314376,0.634638354,0.545276532
2014/1/24,-0.016304571,0.625089435,0.727531274,0.622838657,0.535138321
2014/1/27,-0.017115081,0.6172722,0.718432923,0.615049569,0.528445995
2014/1/28,0.003302604,0.620737758,0.722466428,0.618502649,0.531412855
2014/1/29,-0.004277026,0.634802571,0.738836233,0.632516819,0.543453725
2014/1/30,-0.000891251,0.633309845,0.737098874,0.631029468,0.542175804
2014/1/31,-0.004293092,0.630419451,0.733734792,0.628149481,0.539701341
2014/2/3,-0.006901947,0.646582187,0.752546333,0.644254019,0.55353824
2014/2/4,-0.002538149,0.672650466,0.782886772,0.670228433,0.575855262
2014/2/5,0.001335693,0.683697179,0.795743859,0.68123537,0.58531234
2014/2/6,0.015425734,0.667294665,0.776653244,0.664891917,0.571270167
2014/2/7,0.002041134,0.656010179,0.763519417,0.653648063,0.561609532
2014/2/10,0.003019018,0.659486961,0.767565987,0.657112327,0.564586002
2014/2/11,0.012230055,0.661206415,0.76956723,0.658825589,0.566058024
2014/2/12,0.000355118,0.659694749,0.767807828,0.657319367,0.564763889
2014/2/13,-0.002341305,0.657204677,0.764909674,0.65483826,0.562632141
2014/2/14,0.000630487,0.662055248,0.770555174,0.659671366,0.566784709
2014/2/17,0.010803397,0.662100575,0.770607929,0.65971653,0.566823514
2014/2/18,0.008931197,0.669647705,0.779391908,0.667236484,0.573284602
2014/2/19,4.12E-05,0.665629864,0.77471561,0.663233111,0.569844934
2014/2/20,0.002392412,0.667144192,0.776478111,0.664741986,0.571141348
2014/2/21,0.003672982,0.669294715,0.77898107,0.666884766,0.572982408
2014/2/24,0.004057239,0.670567709,0.780462686,0.668153176,0.574072217
2014/2/25,-0.005163427,0.688990143,0.801904253,0.686509276,0.589843641
2014/2/26,-0.004600273,0.697420902,0.811716674,0.694909678,0.597061204
2014/2/27,0.001634163,0.689232456,0.802186277,0.686750716,0.590051085
2014/2/28,-8.37E-05,0.67521271,0.785868926,0.672781451,0.578048797
2014/3/3,-0.014995047,0.660942565,0.76926014,0.658562689,0.565832143
2014/3/4,0.017059086,0.66527527,0.774302903,0.662879793,0.569541366
2014/3/5,-0.007110748,0.661460487,0.769862941,0.659078747,0.566275535
2014/3/6,0.001927174,0.663227523,0.771919565,0.66083942,0.567788293
2014/3/7,-0.011231746,0.668369649,0.7779044,0.66596303,0.57219046
2014/3/10,-0.003465127,0.673442761,0.783808911,0.671017875,0.576533545
2014/3/11,-0.000587665,0.681415405,0.79308814,0.678961812,0.583358916
2014/3/12,-0.009712681,0.696179296,0.810271589,0.693672542,0.595998266
2014/3/13,-0.01018933,0.700032198,0.814755918,0.697511571,0.599296731
2014/3/14,-0.003958215,0.696872998,0.811078977,0.694363746,0.596592143
2014/3/17,0.006178892,0.700158988,0.814903487,0.697637904,0.599405275
2014/3/18,0.00560667,0.708658662,0.824796117,0.706106973,0.606681836
2014/3/19,-0.004879202,0.705018528,0.820559425,0.702479946,0.603565522
2014/3/20,-0.004679942,0.704606501,0.820079874,0.702069403,0.603212786
2014/3/21,0.002248923,0.695376458,0.80933718,0.692872595,0.595310957
2014/3/24,-0.005624917,0.691879056,0.805266611,0.689387786,0.592316835
2014/3/25,0.012876094,0.685936296,0.798349931,0.683466424,0.587229246
2014/3/26,6.21E-05,0.697959924,0.812344032,0.695446758,0.597522659
2014/3/27,-0.002573973,0.696629187,0.81079521,0.694120813,0.596383417
2014/3/28,0.004129089,0.690576624,0.803750731,0.688090043,0.591201825
2014/3/31,-0.002604824,0.688179753,0.800961053,0.685701803,0.589149866
2014/4/1,0.00818661,0.700611514,0.815430175,0.698088801,0.599792682
2014/4/2,0.000966071,0.692764345,0.806296984,0.690269887,0.59307473
2014/4/3,-0.001487807,0.682108634,0.793894978,0.679652545,0.583952389
2014/4/4,0.006955604,0.680843584,0.792422607,0.67839205,0.582869381
2014/4/7,-0.010918846,0.686067573,0.798502722,0.683597229,0.587341632
2014/4/8,-0.004866234,0.696665499,0.810837473,0.694156995,0.596414504
2014/4/9,0.006792553,0.698234732,0.812663878,0.695720577,0.597757922
2014/4/10,0.000958006,0.697018044,0.811247794,0.69450827,0.596716317
2014/4/11,-0.012158891,0.709452845,0.825720454,0.706898297,0.607361735
2014/4/14,0.003356295,0.724857071,0.843649178,0.722247056,0.620549275
2014/4/15,-0.006422698,0.73554612,0.856089986,0.732897617,0.629700157
2014/4/16,0.006484971,0.737078012,0.85787293,0.734423993,0.631011608
2014/4/17,0.006219824,0.741703876,0.863256897,0.739033201,0.634971805
2014/4/22,0.008493319,0.730277067,0.849957422,0.727647537,0.625189327
2014/4/23,-0.001051174,0.718814305,0.836616103,0.716226049,0.61537607
2014/4/24,0.004224935,0.717941124,0.835599822,0.715356012,0.614628541
2014/4/25,-0.002585766,0.725398555,0.844279403,0.722786591,0.621012839
2014/4/28,0.002161985,0.720265957,0.838305656,0.717672473,0.616618827
2014/4/29,0.010356386,0.710006099,0.826364377,0.707449559,0.607835376
2014/4/30,0.001493734,0.713545503,0.830483831,0.710976218,0.610865455
2014/5/1,0.004244647,0.72779526,0.847068888,0.725174666,0.623064655
2014/5/2,0.001988074,0.725582561,0.844493564,0.722969934,0.621170366
2014/5/6,-0.003503423,0.70695215,0.822809936,0.704406606,0.605220893
2014/5/7,-0.000311879,0.686920684,0.799495644,0.684447268,0.588071979
2014/5/8,0.006279131,0.678352149,0.789522867,0.675909586,0.580736466
2014/5/9,-0.003615109,0.669862718,0.779642159,0.667450723,0.573468675
2014/5/12,0.005441127,0.662567085,0.771150892,0.66018136,0.567222892
2014/5/13,0.003108238,0.65111316,0.757819858,0.648768677,0.557417201
2014/5/14,0.000786819,0.646760253,0.752753581,0.644431444,0.553690682
2014/5/15,-0.005481311,0.649777328,0.756265105,0.647437655,0.556273596
2014/5/16,0.002178628,0.659229585,0.767266431,0.656855877,0.564365663
2014/5/19,-0.001643753,0.661954707,0.770438155,0.659571187,0.566698636
2014/5/20,-0.006236029,0.666313354,0.775511113,0.66391414,0.570430069
2014/5/21,0.002795266,0.686382459,0.798869212,0.683910981,0.587611205
2014/5/22,-7.04E-05,0.69305636,0.806636856,0.690560851,0.593324724
2014/5/23,-0.000705469,0.702657081,0.817810976,0.700127002,0.60154389
2014/5/27,0.004273583,0.706873962,0.822718934,0.704328699,0.605153956
2014/5/28,0.000917045,0.695765355,0.80978981,0.693260091,0.595643891
2014/5/29,0.002925123,0.692125434,0.805553366,0.689633277,0.592527759
2014/5/30,-0.00390499,0.689586795,0.802598686,0.687103779,0.590354434
2014/6/2,0.00285806,0.692423999,0.805900862,0.689930767,0.592783361
2014/6/3,-0.004058281,0.686824458,0.799383648,0.684351388,0.5879896
2014/6/4,-0.002588078,0.680696246,0.792251122,0.678245242,0.582743245
2014/6/5,-0.000754101,0.671020297,0.780989446,0.668604134,0.574459677
2014/6/6,0.006542004,0.662241571,0.770772031,0.659857018,0.56694422
2014/6/9,0.002445169,0.659094097,0.767108739,0.656720877,0.564249671
2014/6/10,-0.000210931,0.662116049,0.770625939,0.659731948,0.566836761
2014/6/11,-0.005058199,0.6656259,0.774710997,0.663229161,0.56984154
2014/6/12,0.000619793,0.654713954,0.762010762,0.652356505,0.560499836
2014/6/13,-0.009582364,0.643249238,0.748667168,0.640933071,0.550684906
2014/6/16,-0.003430266,0.630871465,0.734260883,0.628599867,0.54008831
2014/6/17,0.001794192,0.624098464,0.726377899,0.621851254,0.534289951
2014/6/18,0.001740822,0.63009969,0.733362627,0.627830871,0.539427594
2014/6/19,0.004349859,0.620637964,0.72235028,0.618403214,0.531327421
2014/6/20,0.002507096,0.618307967,0.719638435,0.616081607,0.529332714
2014/6/23,-0.003616683,0.648924758,0.755272812,0.646588155,0.555543712
2014/6/24,-0.00198563,0.68729567,0.799932083,0.684820903,0.588393004
2014/6/25,-0.007906442,0.704891748,0.820411868,0.702353623,0.603456985
2014/6/26,0.000222738,0.705627087,0.821267718,0.703086315,0.604086509
2014/6/27,0.003357327,0.707734725,0.823720762,0.705186363,0.605890855
2014/6/30,-0.00204863,0.699036103,0.81359658,0.696519063,0.598443975
2014/7/1,0.008707608,0.686207931,0.798666082,0.683737081,0.587461792
2014/7/2,0.00197514,0.675590676,0.786308834,0.673158056,0.578372373
2014/7/3,0.007139557,0.671147577,0.781137585,0.668730955,0.574568641
2014/7/4,0.000122349,0.667021386,0.776335179,0.664619621,0.571036213
2014/7/7,-0.006214975,0.664353734,0.773230343,0.661961575,0.56875244
2014/7/8,-0.012544074,0.648446847,0.754716579,0.646111964,0.555134573
2014/7/9,-0.003033483,0.635906699,0.740121309,0.63361697,0.544398967
2014/7/10,-0.006821326,0.634344563,0.738303165,0.63206046,0.543061625
2014/7/11,0.002664166,0.637095494,0.741504927,0.634801485,0.545416693
2014/7/14,0.008331205,0.639118641,0.743859635,0.636817348,0.547148707
2014/7/15,-0.005304477,0.645760485,0.751589967,0.643435275,0.552834782
2014/7/16,0.010999643,0.648985896,0.755343971,0.646649073,0.555596053
2014/7/17,-0.00685502,0.650217209,0.756777075,0.647875952,0.556650178
2014/7/18,0.001650384,0.638818074,0.74350981,0.636517863,0.546891392
2014/7/21,-0.003117701,0.630366552,0.733673223,0.628096772,0.539656054
2014/7/22,0.009893764,0.627730299,0.730604932,0.625470012,0.537399161
2014/7/23,0.000413433,0.626411691,0.729070225,0.624156151,0.536270302
2014/7/24,0.003423009,0.620213917,0.721856739,0.617980694,0.530964396
2014/7/25,-0.004394333,0.620688929,0.722409597,0.618453995,0.531371052
2014/7/28,-0.000512533,0.630750598,0.734120208,0.628479435,0.539984836
2014/7/29,0.002895009,0.647663964,0.753805395,0.645331901,0.554464348
2014/7/30,-0.005052587,0.649360433,0.755779887,0.647022261,0.555916693
2014/7/31,-0.006417594,0.64567631,0.751491997,0.643351403,0.552762719
2014/8/1,-0.007596263,0.637318627,0.741764628,0.635023814,0.545607717
2014/8/4,-0.000248564,0.639976016,0.744857519,0.637671635,0.547882704
2014/8/5,0.000742515,0.635426623,0.739562556,0.633138623,0.543987975
2014/8/6,-0.006955693,0.650890348,0.75756053,0.648546667,0.557226451
2014/8/7,-0.005862398,0.648655848,0.754959833,0.646320214,0.555313499
2014/8/8,-0.00455916,0.643084215,0.748475101,0.640768642,0.55054363
2014/8/11,0.009918128,0.632009292,0.735585181,0.629733597,0.541062402
2014/8/12,-6.03E-05,0.635380709,0.739509118,0.633092875,0.543948668
2014/8/13,0.003651117,0.622835804,0.72490831,0.62059314,0.53320899
2014/8/14,0.004284241,0.614603706,0.715327107,0.612390684,0.526161501
2014/8/15,0.000571243,0.613129549,0.71361136,0.610921835,0.524899476
2014/8/18,0.007769022,0.619013998,0.720460173,0.616785096,0.529937146
2014/8/19,0.005629959,0.623072162,0.725183403,0.620828647,0.533411336
2014/8/20,-0.003521299,0.627624716,0.730482046,0.625364809,0.537308772
2014/8/21,0.003277882,0.619820118,0.721398403,0.617588313,0.530627265
2014/8/22,-0.000355643,0.62293003,0.725017978,0.620687027,0.533289656
2014/8/26,0.006987816,0.626315427,0.728958186,0.624060234,0.536187891
2014/8/27,0.001157219,0.636824358,0.741189357,0.634531325,0.545184574
2014/8/28,-0.003646112,0.638112839,0.742688998,0.635815167,0.546287641
2014/8/29,0.002047624,0.651284241,0.758018976,0.648939142,0.557563662
2014/9/1,0.000814947,0.655893244,0.763383319,0.65353155,0.561509425
2014/9/2,0.000565382,0.663645168,0.772405655,0.661255561,0.568145838
2014/9/3,0.006481933,0.661932795,0.770412652,0.659549353,0.566679877
2014/9/4,0.000638474,0.663423947,0.77214818,0.661035137,0.567956451
2014/9/5,-0.003330649,0.651967309,0.758813988,0.649619751,0.558148437
2014/9/8,-0.002970082,0.641591877,0.746738193,0.639281677,0.549266041
2014/9/9,-0.000844569,0.639438632,0.744232067,0.637136186,0.547422651
2014/9/10,0.000162529,0.653145206,0.760184923,0.650793407,0.559156833
2014/9/11,-0.004474051,0.655827198,0.763306449,0.653465741,0.561452883
2014/9/12,0.00107889,0.661871732,0.770341582,0.65948851,0.566627601
2014/9/15,-0.00040408,0.651409481,0.758164741,0.649063931,0.557670881
2014/9/16,-0.001760754,0.658301504,0.766186252,0.655931138,0.563571133
2014/9/17,-0.001670948,0.658798748,0.766764986,0.656426591,0.563996823
2014/9/18,0.005645524,0.668659499,0.778241752,0.666251836,0.5724386
2014/9/19,0.002728231,0.655054261,0.76240684,0.652695588,0.560791173
2014/9/22,-0.00944646,0.651651975,0.758446975,0.649305552,0.557878479
2014/9/23,-0.014506143,0.648178504,0.75440426,0.645844588,0.554904845
2014/9/24,0.004511921,0.644769456,0.750436525,0.642447815,0.551986363
2014/9/25,-0.009974622,0.63476461,0.738792051,0.632478994,0.543421227
2014/9/26,0.001456833,0.632555926,0.736221399,0.630278262,0.541530374
2014/9/29,-0.000419675,0.634321986,0.738276888,0.632037964,0.543042297
2014/9/30,-0.003599284,0.641279593,0.746374731,0.638970518,0.548998695
2014/10/1,-0.009893679,0.650031383,0.756560795,0.647690796,0.556491093
2014/10/2,-0.017092198,0.664991257,0.773972346,0.662596803,0.569298223
2014/10/3,0.012566547,0.666659404,0.775913875,0.664258944,0.570726322
2014/10/6,0.00546002,0.679728247,0.791124484,0.677280728,0.581914542
2014/10/7,-0.010424905,0.678837363,0.7900876,0.676393053,0.581151857
2014/10/8,-0.002055816,0.689491459,0.802487726,0.687008786,0.590272816
2014/10/9,-0.007803919,0.699850099,0.814543976,0.697330127,0.599140836
2014/10/10,-0.014388174,0.70973994,0.826054599,0.707184358,0.607607517
2014/10/13,0.004134992,0.698053202,0.812452598,0.695539701,0.597602515
2014/10/14,0.004144557,0.686455529,0.798954257,0.683983788,0.58767376
2014/10/15,-0.028728635,0.677463955,0.788489113,0.67502459,0.579976085
2014/10/16,-0.002535554,0.679380756,0.790720046,0.676934489,0.581617056
2014/10/17,0.018292237,0.664123947,0.772962898,0.661732616,0.56855572
2014/10/20,-0.006872693,0.657511054,0.765266261,0.655143534,0.56289443
2014/10/21,0.016656239,0.634787018,0.738818131,0.632501321,0.54344041
2014/10/22,0.004290622,0.619164238,0.720635035,0.616934795,0.530065766
2014/10/23,0.003029908,0.605354021,0.704561551,0.603174304,0.518242856
2014/10/24,-0.00475021,0.601125898,0.699640509,0.598961406,0.514623165
2014/10/27,-0.003963246,0.586166897,0.682229974,0.584056268,0.501816782
2014/10/28,0.006064741,0.585526281,0.681484372,0.583417959,0.501268352
2014/10/29,0.008042955,0.587628609,0.683931237,0.585512717,0.503068152
2014/10/30,0.001498752,0.607853879,0.707471094,0.605665161,0.520382981
2014/10/31,0.012747271,0.619528945,0.721059511,0.617298189,0.530377992
2014/11/3,-0.00897628,0.627868265,0.730765508,0.625607481,0.537517274
2014/11/4,-0.005254248,0.635471996,0.739615364,0.633183832,0.544026818
2014/11/5,0.013110213,0.6602194,0.76841846,0.657842128,0.565213041
2014/11/6,0.001834948,0.664820527,0.773773636,0.662426688,0.569152061
2014/11/7,0.002453046,0.679432585,0.790780368,0.676986131,0.581661426
2014/11/10,0.00667909,0.685087803,0.797362384,0.682620987,0.586502852
2014/11/11,0.002439827,0.700849285,0.815706912,0.698325715,0.599996237
2014/11/12,-0.002471592,0.705018701,0.820559627,0.702480119,0.60356567
2014/11/13,0.003685509,0.70652738,0.822315553,0.703983365,0.604857248
2014/11/14,0.002847294,0.692604637,0.806111103,0.690110755,0.592938005
2014/11/17,0.002641387,0.698319872,0.812762971,0.695805411,0.597830811
2014/11/18,0.005554117,0.713045783,0.829902215,0.710478297,0.610437645
2014/11/19,-0.00186935,0.719510159,0.837425996,0.716919397,0.61597179
2014/11/20,-0.002646632,0.707398252,0.823329147,0.704851102,0.605602801
2014/11/21,0.010701788,0.7077633,0.82375402,0.705214835,0.605915318
2014/11/24,-0.003111152,0.701043581,0.81593305,0.698519312,0.600162574
2014/11/25,0.00020058,0.705451873,0.821063788,0.702911731,0.603936508
2014/11/26,-0.000292712,0.701297924,0.816229075,0.698772739,0.600380317
2014/11/27,-0.000854854,0.703851381,0.819201003,0.701317002,0.602566329
2014/11/28,-0.000118994,0.691686265,0.805042225,0.68919569,0.592151788
2014/12/1,-0.009903669,0.676666519,0.787560991,0.674230026,0.579293401
2014/12/2,0.012797158,0.659411201,0.767477811,0.657036839,0.564521144
2014/12/3,-0.003784908,0.663998737,0.772817168,0.661607857,0.568448527
2014/12/4,-0.005562869,0.65772486,0.765515106,0.65535657,0.563077469
2014/12/5,0.009457529,0.648909534,0.755255093,0.646572986,0.555530679
2014/12/8,-0.010539054,0.640207277,0.74512668,0.637902063,0.548080687
2014/12/9,-0.021616371,0.642894408,0.748254187,0.640579518,0.550381136
2014/12/10,-0.004517445,0.645049255,0.750762179,0.642726607,0.552225899
2014/12/11,-0.00591589,0.667129242,0.776460711,0.66472709,0.571128549
2014/12/12,-0.025242813,0.676763561,0.787673936,0.674326718,0.579376478
2014/12/15,-0.018891324,0.689692324,0.80272151,0.687208928,0.590444777
2014/12/16,0.02383099,0.69444243,0.808250079,0.69194193,0.594511337
2014/12/17,0.000734115,0.700156914,0.814901074,0.697635838,0.5994035
2014/12/18,0.02023427,0.686843527,0.799405842,0.684370389,0.588005925
2014/12/19,0.012184972,0.674967937,0.785584038,0.672537559,0.577839246
2014/12/22,0.00479653,0.659669395,0.767778318,0.657294103,0.564742183
2014/12/23,0.003254672,0.659202153,0.767234503,0.656828544,0.564342178
2014/12/24,0.00177921,0.647674805,0.753818013,0.645342703,0.554473629
2014/12/29,0.003561012,0.643571172,0.749041862,0.641253846,0.550960514
2014/12/30,-0.013127146,0.630489516,0.733816339,0.628219293,0.539761323
2014/12/31,0.002911597,0.631452825,0.734937518,0.629179133,0.540586011
2015/1/2,-0.002789411,0.639202861,0.743957657,0.636901264,0.547220808
2015/1/5,-0.020153463,0.641976987,0.747186417,0.639665401,0.549595734
2015/1/6,-0.007924213,0.633835063,0.737710166,0.631552794,0.542625442
2015/1/7,0.008340199,0.627350398,0.730162771,0.625091479,0.537073928
2015/1/8,0.023116107,0.615007944,0.715797593,0.612793467,0.526507568
2015/1/9,-0.010530198,0.619924885,0.721520339,0.617692702,0.530716955
2015/1/12,4.31E-05,0.610577276,0.710640812,0.608378752,0.522714479
2015/1/13,0.006252886,0.611930161,0.712215411,0.609726765,0.523872681
2015/1/14,-0.023780263,0.61476696,0.715517115,0.61255335,0.526301262
2015/1/15,0.017121229,0.622290571,0.724273722,0.62004987,0.532742216
2015/1/16,0.007891803,0.611900784,0.71218122,0.609697494,0.523847532
2015/1/19,0.005368548,0.621275992,0.723092871,0.619038945,0.531873637
2015/1/20,0.005235658,0.618360967,0.719700121,0.616134416,0.529378087
2015/1/21,0.016173392,0.615234178,0.716060903,0.613018886,0.526701247
2015/1/22,0.010143033,0.607042565,0.706526819,0.604856768,0.519688416
2015/1/23,0.005312035,0.602270724,0.700972952,0.600102109,0.515603249
2015/1/26,0.00286002,0.602535795,0.701281464,0.600366226,0.515830176
2015/1/27,-0.005970447,0.61835452,0.719692617,0.616127992,0.529372568
2015/1/28,0.002101551,0.628987687,0.732068385,0.626722872,0.538475609
2015/1/29,-0.002249839,0.642497194,0.747791877,0.640183735,0.550041082
2015/1/30,-0.00902661,0.642057065,0.747279618,0.63974519,0.549664288
2015/2/2,0.004899525,0.651082966,0.757784716,0.648738592,0.557391352
2015/2/3,0.013072943,0.658631663,0.766570519,0.656260108,0.563853782
2015/2/4,-0.001715723,0.663775197,0.772556993,0.661385122,0.568257155
2015/2/5,0.000861143,0.657329541,0.765055001,0.654962675,0.562739037
2015/2/6,-0.001820784,0.654404427,0.761650509,0.652048093,0.56023485
2015/2/9,-0.002379738,0.634755203,0.738781102,0.632469621,0.543413173
2015/2/10,-0.001175156,0.618843158,0.720261335,0.61661487,0.52979089
2015/2/11,-0.001604715,0.604275759,0.70330658,0.602099925,0.517319757
2015/2/12,0.001456808,0.595857719,0.693508962,0.593712196,0.510113083
2015/2/13,0.006628433,0.587865661,0.684207138,0.585748915,0.503271092
2015/2/16,-0.002399028,0.589879256,0.686550727,0.58775526,0.504994928
2015/2/17,0.00597304,0.589279099,0.685852215,0.587157264,0.504481135
2015/2/18,-7.25E-06,0.59395062,0.691289321,0.591811964,0.508480418
2015/2/19,-0.001331691,0.59551132,0.693105794,0.593367045,0.509816532
2015/2/20,0.003810467,0.616316168,0.717320213,0.61409698,0.527627537
2015/2/23,-0.000439708,0.623348829,0.725505411,0.621104318,0.53364819
2015/2/24,0.005406241,0.627479201,0.730312683,0.625219818,0.537184196
2015/2/25,-0.002052574,0.620177365,0.721814196,0.617944273,0.530933103
2015/2/26,0.002066963,0.623214474,0.725349037,0.620970446,0.533533168
2015/2/27,-0.000441841,0.613827226,0.714423375,0.611617,0.525496757
2015/3/2,-0.000866979,0.609252214,0.709098594,0.607058461,0.521580095
2015/3/3,-0.007449182,0.593679085,0.690973286,0.591541407,0.508247957
2015/3/4,0.00436113,0.590310431,0.687052565,0.588184883,0.505364057
2015/3/5,0.006037317,0.591982029,0.688998111,0.589850462,0.50679511
2015/3/6,-0.007113158,0.603976735,0.70295855,0.601801977,0.517063763
2015/3/9,-0.005124657,0.591455902,0.68838576,0.589326229,0.506344693
2015/3/10,-0.025574122,0.590020894,0.686715578,0.587896388,0.505116185
2015/3/11,0.002781514,0.574918917,0.669138636,0.572848789,0.492187399
2015/3/12,0.00586833,0.572152731,0.665919118,0.570092564,0.489819272
2015/3/13,-0.003035187,0.576760928,0.671282522,0.574684167,0.493764343
2015/3/16,0.009376458,0.582800073,0.678311383,0.580701567,0.498934448
2015/3/17,0.004915823,0.581884417,0.677245666,0.579789208,0.498150556
2015/3/18,0.015612518,0.569383441,0.662695987,0.567333245,0.487448485
2015/3/19,0.002461979,0.554199135,0.645023224,0.552203614,0.474449219
2015/3/20,0.008607952,0.555957036,0.647069216,0.553955185,0.475954156
2015/3/23,0.002156445,0.556819209,0.648072685,0.554814254,0.476692262
2015/3/24,-0.002559517,0.564575626,0.657100251,0.562542742,0.483332521
2015/3/25,-0.004098317,0.55624855,0.647408505,0.554245649,0.476203721
2015/3/26,-0.013774945,0.548436343,0.638316006,0.546461572,0.4695157
2015/3/27,-0.00586314,0.555157979,0.646139206,0.553159005,0.475270084
2015/3/30,0.00529738,0.568321194,0.661459655,0.566274823,0.486539097
2015/3/31,-0.017328585,0.558111925,0.649577255,0.556102314,0.477798954
2015/4/1,0.00536867,0.548615648,0.638524696,0.546640231,0.469669203
2015/4/2,0.003512438,0.550387057,0.640586409,0.548405261,0.471185703
2015/4/7,0.018602618,0.552589952,0.643150322,0.550600224,0.473071599
2015/4/8,-0.003505246,0.554050443,0.644850163,0.552055456,0.474321924
2015/4/9,0.011173525,0.552719938,0.643301611,0.550729743,0.47318288
2015/4/10,0.010550869,0.543836308,0.632962101,0.5418781,0.465577616
2015/4/13,-0.003598969,0.540161217,0.628684723,0.538216243,0.462431375
2015/4/14,0.001550261,0.537408288,0.625480634,0.535473226,0.460074595
2015/4/15,0.003036968,0.541734585,0.63051594,0.539783945,0.463778333
2015/4/16,-0.005132371,0.547979511,0.637784306,0.546006384,0.469124606
2015/4/17,-0.009366077,0.54242756,0.631322481,0.540474424,0.464371587
2015/4/20,0.008186987,0.546121473,0.635621766,0.544155037,0.467533942
2015/4/21,0.001530281,0.551972021,0.642431122,0.549984518,0.472542589
2015/4/22,-0.004923661,0.546580406,0.636155911,0.544612318,0.467926835
2015/4/23,0.00361173,0.544214761,0.633402576,0.542255191,0.465901609
2015/4/24,0.002411436,0.536058962,0.623910176,0.534128758,0.458919439
2015/4/27,0.004695705,0.533781349,0.621259299,0.531859346,0.456969577
2015/4/28,-0.010393096,0.541148027,0.629833255,0.539199499,0.463276181
2015/4/29,-0.01205583,0.536520069,0.624446851,0.534588205,0.459314192
2015/4/30,0.002063723,0.534662539,0.622284902,0.532737363,0.457723962
2015/5/1,0.003631002,0.528393372,0.614988322,0.52649077,0.452356936
2015/5/5,-0.008390443,0.52501573,0.61105714,0.52312529,0.449465341
2015/5/6,0.000888804,0.533365528,0.620775333,0.531445023,0.456613593
2015/5/7,-0.006771034,0.541710416,0.63048781,0.539759863,0.463757642
2015/5/8,0.022948135,0.532828519,0.620150317,0.530909947,0.45615386
2015/5/11,-0.002411083,0.530416062,0.617342498,0.528506177,0.454088559
2015/5/12,-0.013757365,0.526624195,0.612929206,0.524727963,0.450842346
2015/5/13,0.002280417,0.523156807,0.60889357,0.52127306,0.447873919
2015/5/14,0.003362864,0.529844244,0.616676968,0.527936417,0.453599026
2015/5/15,-0.00180141,0.529526385,0.616307017,0.527619703,0.453326907
2015/5/18,0.001203214,0.5259933,0.612194918,0.52409934,0.450302238
2015/5/19,0.003756816,0.526534237,0.612824506,0.52463833,0.450765333
2015/5/20,0.001736851,0.525922305,0.612112288,0.5240286,0.450241458
2015/5/21,0.000885831,0.542195653,0.63105257,0.540243353,0.464173053
2015/5/22,0.002598756,0.547883721,0.637672817,0.545910939,0.4690426
2015/5/26,-0.011835016,0.534919114,0.622583526,0.532993015,0.457943617
2015/5/27,0.012063953,0.529553565,0.616338652,0.527646785,0.453350176
2015/5/28,0.001078566,0.532680624,0.619978184,0.530762585,0.456027247
2015/5/29,-0.008055458,0.529154933,0.615874691,0.527249589,0.453008908
2015/6/1,-0.004426751,0.530277111,0.617180775,0.528367726,0.453969603
2015/6/2,-0.003646492,0.528134544,0.614687077,0.526232874,0.452135354
2015/6/3,0.003197702,0.535483473,0.623240374,0.533555342,0.458426763
2015/6/4,-0.013211196,0.541892256,0.630699451,0.539941048,0.463913315
2015/6/5,-0.007997794,0.540792284,0.629419211,0.538845037,0.46297163
2015/6/8,-0.002142021,0.53101299,0.618037253,0.529100956,0.454599588
2015/6/9,-0.005351523,0.524518995,0.610478998,0.522630343,0.449040086
2015/6/10,0.011258895,0.524180002,0.610084451,0.522292571,0.448749875
2015/6/11,0.002408422,0.537377743,0.625445084,0.535442791,0.460048446
2015/6/12,-0.009070124,0.544010569,0.633164921,0.542051734,0.4657268
2015/6/15,-0.011026058,0.551813961,0.642247159,0.549827027,0.472407274
2015/6/16,-6.26E-05,0.544457956,0.633685627,0.54249751,0.466109808
2015/6/17,-0.004413535,0.535601617,0.623377879,0.53367306,0.458527906
2015/6/18,0.004082635,0.537862415,0.626009185,0.535925718,0.460463373
2015/6/19,0.000383058,0.542676086,0.631611737,0.540722056,0.46458435
2015/6/22,0.017024492,0.528038687,0.61457551,0.526137362,0.452053291
2015/6/23,0.001346945,0.514704813,0.599056434,0.5128515,0.440638177
2015/6/24,0.00145179,0.507945077,0.59118889,0.506116104,0.434851176
2015/6/25,-0.005417288,0.512046813,0.595962832,0.51020307,0.438362666
2015/6/26,-0.007981449,0.517562705,0.602382687,0.515699101,0.443084815
2015/6/29,-0.019922628,0.509887796,0.593449988,0.508051828,0.436514335
2015/6/30,-0.015143203,0.492054277,0.57269385,0.490282522,0.42124708
2015/7/1,0.013345647,0.494996221,0.576117929,0.493213873,0.423765675
2015/7/2,0.003305374,0.500322682,0.58231731,0.498521155,0.428325652
2015/7/3,-0.006762912,0.513508087,0.597663585,0.511659083,0.439613661
2015/7/6,-0.007636382,0.516819754,0.601517979,0.514958825,0.442448775
2015/7/7,-0.015958216,0.507990922,0.591242248,0.506161784,0.434890423
2015/7/8,0.009052203,0.505674077,0.58854571,0.503853281,0.432906975
2015/7/9,0.013912052,0.518821578,0.603847869,0.516953442,0.444162535
2015/7/10,0.013844043,0.514368153,0.598664602,0.512516052,0.440349963
2015/7/13,0.009629246,0.514377479,0.598675456,0.512525345,0.440357947
2015/7/14,0.002342182,0.504183953,0.586811379,0.502368522,0.431631281
2015/7/15,0,0.509245711,0.592702675,0.507412054,0.435964646
2015/7/16,0.006302511,0.518108356,0.603017762,0.516242788,0.443551946
2015/7/17,-0.003149242,0.530355161,0.617271616,0.528445495,0.454036421
2015/7/20,0.002006817,0.535553973,0.623322428,0.533625588,0.458487118
2015/7/21,-0.002894285,0.52661012,0.612912825,0.524713939,0.450830296
2015/7/22,-0.015142727,0.508342376,0.5916513,0.506511973,0.435191303
2015/7/23,-0.001851025,0.512575291,0.596577918,0.510729645,0.438815096
2015/7/24,-0.011364085,0.512995765,0.597067302,0.511148606,0.439175063
2015/7/27,-0.011414773,0.503291711,0.585772914,0.501479494,0.430867434
2015/7/28,0.007679735,0.496447061,0.577806538,0.494659489,0.425007737
2015/7/29,0.011484791,0.492907207,0.573686561,0.491132382,0.421977273
2015/7/30,0.005694808,0.483951205,0.563262818,0.482208628,0.41431005
2015/7/31,0.004101718,0.488179581,0.568184155,0.486421778,0.417929958
2015/8/3,-0.001144573,0.48284856,0.561979467,0.481109952,0.413366077
2015/8/4,-0.000306538,0.485735993,0.565340103,0.483986989,0.415838005
2015/8/5,0.009798441,0.487224472,0.567072519,0.485470108,0.41711229
2015/8/6,-0.000788177,0.485150991,0.564659229,0.483404093,0.415337185
2015/8/7,-0.004247874,0.496201345,0.577520554,0.494414658,0.42479738
2015/8/10,0.00263551,0.51779744,0.602655892,0.515932991,0.443285772
2015/8/11,-0.010698003,0.509238239,0.592693979,0.50740461,0.43595825
2015/8/12,-0.014105992,0.511238783,0.595022379,0.50939795,0.437670913
2015/8/13,-0.000435328,0.503458785,0.585967368,0.501645966,0.431010466
2015/8/14,-0.002681594,0.506663069,0.589696781,0.504838712,0.43375365
2015/8/17,-6.72E-05,0.494591445,0.575646817,0.492810554,0.423419146
2015/8/18,-0.003672215,0.476145983,0.554178449,0.47443151,0.407628009
2015/8/19,-0.019001727,0.462624018,0.538440457,0.460958234,0.396051871
2015/8/20,-0.005568733,0.465735738,0.542062137,0.464058749,0.39871581
2015/8/21,-0.028712804,0.466119627,0.542508939,0.464441256,0.399044457
2015/8/24,-0.047794563,0.479757507,0.558381842,0.47803003,0.41071983
2015/8/25,0.030464259,0.481785514,0.560742205,0.480050734,0.412456004
2015/8/26,-0.016938287,0.493793467,0.574718064,0.49201545,0.422735999
2015/8/27,0.034976201,0.49557641,0.576793202,0.493791973,0.424262374
2015/8/28,0.008988828,0.492311736,0.572993502,0.490539054,0.421467491
2015/9/1,-0.030782962,0.482190984,0.561214125,0.480454744,0.412803127
2015/9/2,0.004080109,0.477525222,0.555783722,0.475805782,0.408808773
2015/9/3,0.01804827,0.470577165,0.547696994,0.468882744,0.402860551
2015/9/4,-0.024709887,0.479721004,0.558339357,0.477993658,0.41068858
2015/9/7,0.005215635,0.479555301,0.558146498,0.477828552,0.410546722
2015/9/8,0.011714761,0.471595396,0.548882096,0.469897309,0.403732257
2015/9/9,0.013399677,0.464272041,0.540358564,0.462600323,0.397462741
2015/9/10,-0.01182106,0.472055089,0.549417124,0.470355346,0.404125799
2015/9/11,-0.006200335,0.470967987,0.548151865,0.469272158,0.403195133
2015/9/14,-0.005436671,0.49486361,0.575963585,0.493081739,0.423652147
2015/9/15,0.008674441,0.495474186,0.576674225,0.493690117,0.42417486
2015/9/16,0.014815733,0.497137349,0.578609953,0.495347291,0.425598692
2015/9/17,-0.006800819,0.501050774,0.583164724,0.499246625,0.428948971
2015/9/18,-0.013486385,0.51649387,0.601138688,0.514634114,0.442169786
2015/9/21,0.000753307,0.522970228,0.608676414,0.521087153,0.447714189
2015/9/22,-0.02870707,0.522602306,0.608248197,0.520720556,0.447399212
2015/9/23,0.016109866,0.505872446,0.588776589,0.504050936,0.433076798
2015/9/24,-0.011797968,0.503671605,0.586215066,0.50185802,0.431192661
2015/9/25,0.024444281,0.502146643,0.584440188,0.500338548,0.429887143
2015/9/28,-0.024885543,0.499354235,0.58119015,0.497556195,0.427496566
2015/9/29,-0.00836196,0.487604569,0.567514908,0.485848836,0.417437691
2015/9/30,0.025458214,0.480360207,0.559083315,0.47863056,0.411235801
2015/10/1,0.00179,0.46595399,0.542316156,0.464276215,0.398902655
2015/10/2,0.009426046,0.461339966,0.53694597,0.459678805,0.394952595
2015/10/5,0.027186703,0.442337914,0.514829796,0.440745175,0.378684961
2015/10/6,0.004315227,0.437795766,0.509543265,0.436219382,0.374796434
2015/10/7,0.001609476,0.434375344,0.505562291,0.432811275,0.371868214
2015/10/8,0.006052962,0.440694372,0.512916904,0.43910755,0.377277927
2015/10/9,0.006463953,0.449294681,0.522926662,0.447676892,0.384640641
2015/10/12,-0.007035112,0.4606032,0.536088461,0.458944692,0.394321851
2015/10/13,-0.004546371,0.446430001,0.519592508,0.444822527,0.382188192
2015/10/14,-0.011524173,0.434579451,0.505799848,0.433014648,0.37204295
2015/10/15,0.010954816,0.434341149,0.505522493,0.432777204,0.37183894
2015/10/16,0.006191873,0.449743194,0.523448679,0.44812379,0.385024613
2015/10/19,-0.004039165,0.451432269,0.525414565,0.449806783,0.386470628
2015/10/20,-0.001134085,0.445376598,0.51836647,0.443772918,0.381286375
2015/10/21,0.000518374,0.444960635,0.517882337,0.443358451,0.380930269
2015/10/22,0.004378892,0.456816928,0.531681681,0.455172054,0.391080428
2015/10/23,0.010577025,0.45616758,0.530925916,0.454525044,0.390524522
2015/10/26,-0.004208044,0.471888862,0.549223656,0.470189718,0.403983493
2015/10/27,-0.008097185,0.472056041,0.549418233,0.470356295,0.404126615
2015/10/28,0.011330216,0.465021387,0.541230715,0.463346971,0.398104255
2015/10/29,-0.006545342,0.460776023,0.536289606,0.459116893,0.394469804
2015/10/30,-0.005441779,0.460933808,0.536473249,0.459274109,0.394604884
2015/11/2,0.00011161,0.458316675,0.533427211,0.4566664,0.392364359
2015/11/3,0.003422412,0.462033206,0.537752821,0.460369549,0.395546077
2015/11/4,0.0045747,0.444210904,0.517009738,0.442611421,0.380288426
2015/11/5,-0.007509947,0.445400547,0.518394343,0.44379678,0.381306878
2015/11/6,-0.00174074,0.441747952,0.514143148,0.440157336,0.378179895
2015/11/9,-0.009276697,0.444066991,0.51684224,0.442468026,0.380165222
2015/11/10,-0.003162979,0.439970229,0.512074086,0.438386014,0.376657988
2015/11/11,0.003486985,0.430300682,0.50081986,0.428751286,0.368379901
2015/11/12,-0.019000434,0.412174479,0.479723071,0.41069035,0.35286208
2015/11/13,-0.009823645,0.419892356,0.488705781,0.418380437,0.359469346
2015/11/16,0.004582279,0.419945481,0.488767612,0.418433371,0.359514826
2015/11/17,0.019715277,0.409126075,0.476175084,0.407652922,0.350252345
2015/11/18,0.001627386,0.400221188,0.465810833,0.398780099,0.342628882
2015/11/19,0.008083223,0.404338981,0.470603465,0.402883066,0.34615412
2015/11/20,0.000742229,0.405827356,0.47233576,0.404366081,0.347428316
2015/11/23,-0.004610724,0.418774168,0.487404341,0.417266275,0.358512066
2015/11/24,-0.004491882,0.415987795,0.484161327,0.414489936,0.356126656
2015/11/25,0.009577659,0.41254594,0.480155409,0.411060474,0.353180088
2015/11/26,0.008717517,0.4071324,0.473854679,0.405666426,0.348545562
2015/11/27,-0.002816356,0.405242093,0.471654582,0.403782926,0.346927273
2015/11/30,-0.002994212,0.409214791,0.476278339,0.407741319,0.350328295
2015/12/1,0.006204663,0.415325193,0.483390136,0.413829719,0.355559403
2015/12/2,0.003944895,0.408484945,0.475428884,0.407014101,0.349703475
2015/12/3,-0.022989482,0.40093591,0.466642686,0.399492248,0.343240754
2015/12/4,-0.005867379,0.393336161,0.457797465,0.391919864,0.336734619
2015/12/7,-0.002370443,0.400421026,0.466043421,0.398979218,0.342799963
2015/12/8,-0.014289726,0.392957584,0.457356845,0.39154265,0.33641052
2015/12/9,-0.001392933,0.380513418,0.442873285,0.379143292,0.325757084
2015/12/10,-0.006325171,0.380173564,0.442477734,0.378804661,0.325466135
2015/12/11,-0.022469496,0.398371942,0.463658527,0.396937512,0.341045745
2015/12/14,-0.01331229,0.405765305,0.47226354,0.404304254,0.347375194
2015/12/15,0.024174035,0.41094257,0.478289273,0.409462877,0.351807445
2015/12/16,0.007186068,0.401011282,0.466730411,0.399567348,0.343305281
2015/12/17,0.006798928,0.398311919,0.463588666,0.396877705,0.340994359
2015/12/18,-0.008246886,0.396836704,0.461871689,0.395407802,0.33973143
2015/12/21,-0.00290885,0.404741315,0.471071734,0.403283951,0.346498557
2015/12/22,0.007965092,0.405042944,0.471422796,0.403584494,0.346756782
2015/12/23,0.025622787,0.401665341,0.467491659,0.400219052,0.34386522
2015/12/24,0.002186367,0.394963095,0.459691025,0.393540939,0.338127435
2015/12/29,0.009536073,0.402182783,0.468093902,0.400734632,0.344308202
2015/12/30,-0.006437583,0.405855342,0.472368332,0.404393966,0.347452275
2015/12/31,-0.005070171,0.395246057,0.46002036,0.393822882,0.338369678
2016/1/4,-0.024140767,0.381059522,0.443508887,0.37968743,0.326224603
2016/1/5,0.007163988,0.385506312,0.448684432,0.384118208,0.330031494
2016/1/6,-0.010459843,0.391510702,0.455672843,0.390100978,0.335171846
2016/1/7,-0.019838588,0.397206563,0.462302161,0.395776329,0.340048065
2016/1/8,-0.007018093,0.391874343,0.456096079,0.390463309,0.335483158
2016/1/11,-0.006892266,0.388405233,0.452058438,0.38700669,0.332513257
2016/1/12,0.009729703,0.389986948,0.45389937,0.38858271,0.333867362
2016/1/13,0.005337177,0.404647034,0.470962003,0.403190009,0.346417844
2016/1/14,-0.007195802,0.415089421,0.483115724,0.413594796,0.355357559
2016/1/15,-0.019472853,0.417061557,0.485411061,0.415559831,0.357045902
2016/1/18,-0.004174723,0.413594607,0.481375935,0.412105364,0.35407785
2016/1/19,0.016622554,0.416573803,0.484843371,0.415073833,0.356628336
2016/1/20,-0.035192084,0.417610051,0.486049444,0.41610635,0.357515467
2016/1/21,0.017508399,0.417601898,0.486039955,0.416098227,0.357508488
2016/1/22,0.021625335,0.408859968,0.475865367,0.407387774,0.350024532
2016/1/25,-0.003907618,0.407009986,0.473712203,0.405544452,0.348440764
2016/1/26,0.005846412,0.404500592,0.470791562,0.403044095,0.346292475
2016/1/27,0.01326034,0.401666403,0.467492896,0.400220111,0.343866129
2016/1/28,-0.009828843,0.39540209,0.460201965,0.393978354,0.338503258
2016/1/29,0.02530352,0.401627821,0.467447991,0.400181668,0.343833099
2016/2/1,-0.003901555,0.405001668,0.471374756,0.403543367,0.346721446
2016/2/2,-0.023050383,0.40991067,0.477088261,0.408434692,0.350924036
2016/2/3,-0.014434967,0.406002817,0.472539975,0.40454091,0.347578528
2016/2/4,0.010501208,0.405715601,0.47220569,0.404254729,0.347332643
2016/2/5,-0.008632177,0.401728437,0.467565096,0.400281921,0.343919236
2016/2/8,-0.027512219,0.392778457,0.457148362,0.391364168,0.336257169
2016/2/9,-0.01009941,0.384317476,0.447300766,0.382933653,0.329013733
2016/2/10,0.007096325,0.392555472,0.456888833,0.391141986,0.336066272
2016/2/11,-0.024147259,0.401072728,0.466801927,0.399628573,0.343357885
2016/2/12,0.0303512,0.39618841,0.461117149,0.394761842,0.339176425
2016/2/15,0.020236767,0.394654305,0.459331631,0.393233262,0.337863081
2016/2/16,0.006484456,0.399796067,0.465316042,0.398356509,0.342264936
2016/2/17,0.028280235,0.386541503,0.449889274,0.385149672,0.33091772
2016/2/18,-0.00972657,0.391447277,0.455599023,0.390037781,0.335117547
2016/2/19,-0.003643633,0.396315217,0.461264739,0.394888193,0.339284985
2016/2/22,0.014598239,0.39050052,0.454497108,0.389094433,0.33430703
2016/2/23,-0.012570124,0.382000723,0.444604335,0.380625241,0.327030364
2016/2/24,-0.01608388,0.389078288,0.452841796,0.387677322,0.333089459
2016/2/25,0.024518084,0.404066658,0.470286512,0.402611722,0.345920984
2016/2/26,0.013742265,0.406616439,0.47325416,0.405152323,0.348103849
2016/2/29,0.000177149,0.405209019,0.471616088,0.403749971,0.346898959
2016/3/1,0.009108657,0.411354183,0.478768342,0.409873007,0.352159826
2016/3/2,-0.000946346,0.405829191,0.472337895,0.404367909,0.347429887
2016/3/3,-0.002704131,0.404889673,0.471244406,0.403431774,0.346625566
2016/3/4,0.011187564,0.412283443,0.479849893,0.410798922,0.352955365
2016/3/7,-0.002750807,0.408581807,0.47554162,0.407110614,0.349786398
2016/3/8,-0.009255955,0.399583215,0.465068308,0.398144424,0.342082715
2016/3/9,0.003402938,0.402807138,0.468820578,0.401356738,0.344842711
2016/3/10,-0.017996024,0.400465627,0.466095332,0.399023658,0.342838146
2016/3/11,0.016933035,0.406870844,0.473550258,0.405405812,0.348321645
2016/3/14,0.005648705,0.406965696,0.473660655,0.405500322,0.348402847
2016/3/15,-0.005619388,0.404186926,0.47042649,0.402731557,0.346023945
2016/3/16,0.005768375,0.403115096,0.469179005,0.401663587,0.345106353
2016/3/17,0.004141689,0.417639466,0.486083679,0.416135659,0.357540649
2016/3/18,-0.001852994,0.428884162,0.499171195,0.427339865,0.36716722
2016/3/21,-0.000817829,0.425767511,0.495543777,0.424234437,0.364499059
2016/3/22,0.001318541,0.420756223,0.489711222,0.419241194,0.360208901
2016/3/23,0.001028095,0.413052913,0.480745466,0.411565621,0.353614106
2016/3/24,-0.015055231,0.416747224,0.485045214,0.41524663,0.356776802
2016/3/29,-9.50E-05,0.415879555,0.484035349,0.414382085,0.356033992
2016/3/30,0.015804935,0.415632301,0.483747573,0.414135721,0.355822318
2016/3/31,-0.004567764,0.415321563,0.483385911,0.413826102,0.355556295
2016/4/1,-0.004683089,0.410885143,0.478222435,0.409405657,0.351758282
2016/4/4,0.003033119,0.426543812,0.496447301,0.425007943,0.365163649
2016/4/5,-0.011992686,0.438151088,0.509956818,0.436573424,0.375100624
2016/4/6,0.011491321,0.428485834,0.498707588,0.426942972,0.366826212
2016/4/7,-0.004023254,0.420702733,0.489648966,0.419187896,0.360163109
2016/4/8,0.01094223,0.423132914,0.492477413,0.421609327,0.362243584
2016/4/11,-0.000691683,0.416163416,0.484365729,0.414664924,0.356277005
2016/4/12,0.006794475,0.401964836,0.467840236,0.400517469,0.344121617
2016/4/13,0.019119555,0.401831924,0.467685543,0.400385036,0.344007831
2016/4/14,0.000347266,0.410237354,0.477468483,0.4087602,0.35120371
2016/4/15,-0.003359867,0.412726549,0.480365616,0.411240432,0.353334707
2016/4/18,0.001538914,0.422877892,0.492180597,0.421355222,0.362025259
2016/4/19,0.008124589,0.427970656,0.498107981,0.426429649,0.366385169
2016/4/20,0.000766253,0.431148191,0.501806262,0.429595743,0.369105453
2016/4/21,-0.004506055,0.441575146,0.513942023,0.439985153,0.378031957
2016/4/22,-0.011188373,0.439882175,0.511971601,0.438298278,0.376582606
2016/4/25,-0.007878266,0.427400107,0.497443928,0.425861154,0.365896722
2016/4/26,0.003762328,0.419769747,0.488563078,0.418258269,0.35936438
2016/4/27,0.005615501,0.415647396,0.483765143,0.414150762,0.355835241
2016/4/28,0.000393915,0.414843357,0.482829334,0.413349618,0.355146903
2016/4/29,-0.012815862,0.422090924,0.491264657,0.420571088,0.361351537
2016/5/3,-0.009060628,0.425280157,0.494976553,0.423748837,0.364081835
2016/5/4,-0.011965069,0.433224138,0.504222422,0.431664215,0.370882668
2016/5/5,0.000855325,0.44503866,0.517973149,0.443436195,0.380997066
2016/5/6,0.001380386,0.450658115,0.524513541,0.449035417,0.385807876
2016/5/9,-0.001779338,0.454861576,0.529405879,0.453223742,0.389406453
2016/5/10,0.006819101,0.456313217,0.531095419,0.454670156,0.390649201
2016/5/11,0.000948118,0.448298982,0.521767784,0.446684778,0.383788224
2016/5/12,-0.009505496,0.443917248,0.516667956,0.442318822,0.380037027
2016/5/13,0.005604992,0.438508237,0.510372497,0.436929287,0.375406379
2016/5/16,0.002099286,0.433679993,0.504752984,0.432118428,0.371272925
2016/5/17,0.002657648,0.44018615,0.512325393,0.438601158,0.376842838
2016/5/18,-0.000319453,0.445612184,0.518640664,0.444007655,0.38148806
2016/5/19,-0.018406055,0.443799901,0.516531378,0.442201897,0.379936566
2016/5/20,0.016867359,0.443482597,0.516162073,0.441885736,0.379664923
2016/5/23,-0.003236057,0.450383761,0.524194224,0.448762051,0.385573001
2016/5/24,0.013407789,0.447229175,0.520522653,0.445618823,0.382872364
2016/5/25,0.006984424,0.438897731,0.510825823,0.437317379,0.375739825
2016/5/26,0.000446981,0.437833183,0.509586814,0.436256664,0.374828466
2016/5/27,0.00082001,0.441452823,0.513799653,0.439863271,0.377927236
2016/5/31,-0.006399213,0.438118938,0.509919399,0.43654139,0.375073101
2016/6/1,-0.006256299,0.444106821,0.516888597,0.442507712,0.38019932
2016/6/2,-0.001021205,0.451396061,0.525372423,0.449770705,0.38643963
2016/6/3,0.003875686,0.446900465,0.520140073,0.445291297,0.382590955
2016/6/6,0.01021716,0.448072075,0.521503691,0.446458689,0.38359397
2016/6/7,0.001772586,0.445661725,0.518698324,0.444057017,0.381530472
2016/6/8,0.002699816,0.447909278,0.521314214,0.446296477,0.383454599
2016/6/9,-0.011111217,0.43994296,0.512042348,0.438358844,0.376634644
2016/6/10,-0.018810612,0.424086027,0.493586726,0.422559008,0.363059542
2016/6/13,-0.011642525,0.412599505,0.480217752,0.411113846,0.353225945
2016/6/14,-0.020293966,0.39947517,0.464942555,0.398036768,0.341990217
2016/6/15,0.007278215,0.395133582,0.459889453,0.393710813,0.338273389
2016/6/16,-0.002738882,0.40194635,0.467818721,0.40049905,0.344105792
2016/6/17,0.011796417,0.406265728,0.472845974,0.404802875,0.347803606
2016/6/20,0.029925939,0.392851995,0.457233951,0.391437441,0.336320125
2016/6/21,0.003628162,0.383953803,0.446877492,0.382571289,0.328702393
2016/6/22,0.005547856,0.391587708,0.455762468,0.390177706,0.33523777
2016/6/23,0.012208776,0.397862579,0.463065687,0.396429983,0.34060968
2016/6/24,-0.031967675,0.396046673,0.460952184,0.394620616,0.339055085
2016/6/27,-0.025822971,0.390075559,0.454002503,0.388671002,0.333943221
2016/6/28,0.026099865,0.386624814,0.449986238,0.385232682,0.330989042
2016/6/29,0.035149553,0.395040623,0.459781259,0.393618188,0.338193806
2016/6/30,0.022430298,0.415425386,0.483506748,0.413929551,0.355645178
2016/7/1,0.011236795,0.421638459,0.490738042,0.420120253,0.360964183
2016/7/4,-0.008483962,0.416179474,0.484384419,0.414680924,0.356290752
2016/7/5,0.003536988,0.412258625,0.479821008,0.410774193,0.352934118
2016/7/6,-0.012573038,0.414075057,0.481935123,0.412584084,0.354489163
2016/7/7,0.010802282,0.420871584,0.489845488,0.419356138,0.360307661
2016/7/8,0.008663288,0.423042629,0.492372332,0.421519367,0.362166291
2016/7/11,0.013895579,0.418172197,0.486703717,0.416666472,0.35799672
2016/7/12,-0.000324764,0.412855503,0.480515704,0.411368922,0.353445104
2016/7/13,-0.001541447,0.423124066,0.492467115,0.421600511,0.362236009
2016/7/14,-0.002391019,0.427834912,0.497949991,0.426294394,0.366268958
2016/7/15,0.002217101,0.426629953,0.496547559,0.425093774,0.365237394
2016/7/18,0.0039178,0.427462645,0.497516716,0.425923468,0.365950261
2016/7/19,0.000291201,0.427389527,0.497431615,0.425850613,0.365887665
2016/7/20,0.004710146,0.423770326,0.493219286,0.422244443,0.362789271
2016/7/21,-0.00433395,0.415558296,0.483661441,0.414061983,0.355758962
2016/7/22,0.004555355,0.42288623,0.492190302,0.421363531,0.362032398
2016/7/25,-0.003028139,0.430974671,0.501604305,0.429422848,0.368956903
2016/7/26,0.002069352,0.428062022,0.498214321,0.426520686,0.366463387
2016/7/27,0.003918529,0.423701305,0.493138954,0.422175671,0.362730182
2016/7/28,-0.004360326,0.429970234,0.500435257,0.428422027,0.368097005
2016/7/29,0.000501283,0.437376948,0.509055809,0.435802072,0.374437884
2016/8/1,-0.00454303,0.423380325,0.49276537,0.421855846,0.362455392
2016/8/2,-0.007279247,0.415457781,0.483544453,0.41396183,0.355672912
2016/8/3,-0.001656652,0.423729315,0.493171554,0.42220358,0.362754162
2016/8/4,0.015815429,0.423927912,0.493402698,0.422401461,0.36292418
2016/8/5,0.007878193,0.432817836,0.503749534,0.431259375,0.370534833
2016/8/8,0.002302502,0.438174148,0.509983657,0.436596401,0.375120366
2016/8/9,0.006174057,0.427162026,0.49716683,0.42562393,0.365692901
2016/8/10,0.002204449,0.417809949,0.486282102,0.416305528,0.357686599
2016/8/11,0.007008162,0.417186817,0.485556848,0.415684639,0.357153137
2016/8/12,0.000189433,0.402915123,0.46894626,0.401464335,0.344935157
2016/8/15,0.00363277,0.389190425,0.45297231,0.387789055,0.333185459
2016/8/16,-0.006833366,0.37632511,0.437998583,0.374970065,0.322171478
2016/8/17,-0.005056336,0.360137829,0.419158474,0.35884107,0.308313567
2016/8/18,0.001429185,0.361879566,0.421185653,0.360576535,0.309804665
2016/8/19,-0.001458343,0.359970926,0.418964218,0.358674768,0.308170681
2016/8/22,-0.004443481,0.353843087,0.411832127,0.352568993,0.302924645
2016/8/23,0.00583631,0.350912665,0.408421457,0.349649123,0.300415914
2016/8/24,-0.004776616,0.349669739,0.406974836,0.348410672,0.299351847
2016/8/25,-0.002765759,0.362700794,0.422141466,0.361394806,0.310507717
2016/8/26,0.00309778,0.36450837,0.424245275,0.363195874,0.312055182
2016/8/30,-0.002527302,0.36553347,0.425438371,0.364217282,0.312932768
2016/8/31,-0.00577551,0.364573119,0.424320634,0.36326039,0.312110613
2016/9/1,-0.005254501,0.365415677,0.425301274,0.364099914,0.312831926
2016/9/2,0.021793207,0.364860055,0.424654594,0.363546292,0.312356258
2016/9/5,-0.00220415,0.371335363,0.432191098,0.369998284,0.317899762
2016/9/6,-0.007788171,0.361949364,0.421266889,0.360646082,0.309864419
2016/9/7,0.003003082,0.360311326,0.419360404,0.359013942,0.308462097
2016/9/8,0.001768662,0.370614954,0.431352627,0.36928047,0.317283021
2016/9/9,-0.011990771,0.383681682,0.446560775,0.382300148,0.328469431
2016/9/12,-0.011285302,0.382735915,0.445460013,0.381357786,0.327659761
2016/9/13,-0.005277373,0.36735637,0.427560014,0.366033618,0.31449335
2016/9/14,0.001151516,0.359897911,0.418879237,0.358602016,0.308108173
2016/9/15,0.00850373,0.364852523,0.424645828,0.363538788,0.31234981
2016/9/16,-0.00297904,0.361617654,0.420880817,0.360315566,0.309580443
2016/9/19,0.015272598,0.361469375,0.420708238,0.360167821,0.309453501
2016/9/20,0.002527057,0.370077415,0.430726993,0.368744866,0.316822834
2016/9/21,0.000582486,0.36420202,0.423888719,0.362890627,0.311792916
2016/9/22,0.011149403,0.368363108,0.42873174,0.367036731,0.315355217
2016/9/23,-0.000285077,0.397749403,0.462933964,0.396317215,0.34051279
2016/9/26,-0.013315105,0.399305939,0.46474559,0.397868146,0.341845338
2016/9/27,-0.001522123,0.378514137,0.440546355,0.37715121,0.324045502
2016/9/28,0.00610822,0.357014043,0.41552275,0.355728531,0.305639296
2016/9/29,0.010173814,0.369440483,0.429985679,0.368110228,0.316277557
2016/9/30,-0.002907646,0.382402636,0.445072115,0.381025708,0.327374441
2016/10/3,0.012128782,0.373756864,0.435009444,0.372411067,0.319972806
2016/10/4,0.012921065,0.359930176,0.41891679,0.358634164,0.308135795
2016/10/5,-0.00582525,0.355033584,0.413217727,0.353755204,0.303943828
2016/10/6,-0.004744469,0.359708054,0.418658266,0.358412843,0.307945637
2016/10/7,0.006327121,0.37218405,0.433178871,0.370843916,0.318626322
2016/10/10,0.007511054,0.379565772,0.441770336,0.378199058,0.324945805
2016/10/11,-0.003757668,0.373767098,0.435021354,0.372421263,0.319981567
2016/10/12,-0.006650662,0.361575625,0.4208319,0.360273689,0.309544462
2016/10/13,-0.006609198,0.356611645,0.415054406,0.355327582,0.305294804
2016/10/14,0.00511891,0.362305552,0.421681451,0.361000988,0.310169352
2016/10/17,-0.009454913,0.361288513,0.420497735,0.35998761,0.309298665
2016/10/18,0.007529641,0.352191964,0.409910412,0.350923815,0.30151112
2016/10/19,0.003117964,0.34695047,0.403809924,0.345701195,0.297023884
2016/10/20,0.000708956,0.353013025,0.410866032,0.35174192,0.30221403
2016/10/21,-0.000915474,0.365191035,0.425039816,0.36387608,0.31263961
2016/10/24,-0.004864765,0.37184368,0.43278272,0.370504771,0.318334931
2016/10/25,0.004461577,0.359905701,0.418888303,0.358609777,0.308114842
2016/10/26,-0.008521968,0.352204632,0.409925157,0.350936438,0.301521966
2016/10/27,0.004084723,0.35560834,0.413886676,0.35432789,0.304435876
2016/10/28,0.001385986,0.364948644,0.424757701,0.363634562,0.312432099
2016/10/31,-0.006027051,0.372574254,0.433633024,0.371232715,0.318960375
2016/11/1,-0.00534628,0.370500275,0.431219154,0.369166204,0.317184844
2016/11/2,-0.010422574,0.360467444,0.419542107,0.359169498,0.308595749
2016/11/3,-0.008053766,0.363785704,0.423404175,0.36247581,0.311436508
2016/11/4,-0.014424999,0.38147872,0.443996785,0.380105118,0.326583478
2016/11/7,0.016835754,0.384647555,0.447684939,0.383262543,0.329296314
2016/11/8,0.005308426,0.376387296,0.43807096,0.375032027,0.322224716
2016/11/9,0.009990654,0.377125725,0.438930405,0.375767797,0.322856884
2016/11/10,-0.012207007,0.382550503,0.445244215,0.381173042,0.32750103
2016/11/11,-0.014389841,0.397114487,0.462194996,0.395684585,0.33996924
2016/11/14,0.00337447,0.411062555,0.478428921,0.409582429,0.351910163
2016/11/15,0.00584089,0.409028016,0.476060955,0.407555216,0.350168397
2016/11/16,-0.006353372,0.396714032,0.461728913,0.395285572,0.33962641
2016/11/17,0.006643346,0.385715278,0.448927644,0.384326422,0.33021039
2016/11/18,-0.002791355,0.387657713,0.451188413,0.386261863,0.331873307
2016/11/21,0.000323158,0.39471223,0.459399048,0.393290978,0.33791267
2016/11/22,0.006142244,0.377546361,0.439419976,0.376186918,0.32321699
2016/11/23,-0.000294777,0.365847683,0.425804078,0.364530364,0.313201765
2016/11/24,0.001683898,0.371377406,0.432240031,0.370040176,0.317935755
2016/11/25,0.001689838,0.379727718,0.441958822,0.378360421,0.325084447
2016/11/28,-0.006052707,0.374391612,0.435748216,0.373043529,0.320516213
2016/11/29,-0.004048204,0.368224802,0.428570768,0.366898924,0.315236814
2016/11/30,0.001739479,0.366227744,0.426246426,0.364909057,0.313527136
2016/12/1,-0.004559458,0.370248873,0.430926551,0.368915707,0.316969619
2016/12/2,-0.003294363,0.375399986,0.436921846,0.374048272,0.321379481
2016/12/5,0.002390643,0.370592757,0.431326792,0.369258353,0.317264018
2016/12/6,0.004880738,0.36441403,0.424135473,0.363101873,0.311974416
2016/12/7,0.017891045,0.358912204,0.417731989,0.357619858,0.30726431
2016/12/8,0.004238906,0.356904244,0.415394958,0.355619128,0.305545298
2016/12/9,0.003263778,0.376580227,0.438295509,0.375224263,0.322389883
2016/12/12,-0.00921519,0.382937719,0.445694889,0.381558864,0.327832525
2016/12/13,0.011277998,0.389813991,0.453698068,0.388410376,0.333719293
2016/12/14,-0.002784933,0.375412008,0.436935838,0.374060251,0.321389773
2016/12/15,0.007143604,0.369206875,0.429713787,0.367877461,0.316077566
2016/12/16,0.001802915,0.384742541,0.447795492,0.383357187,0.329377631
2016/12/19,0.000786953,0.39598283,0.460877878,0.394557002,0.339000429
2016/12/20,0.003811934,0.388294757,0.451929858,0.386896613,0.332418679
2016/12/21,-0.000360658,0.390461205,0.45445135,0.38905526,0.334273372
2016/12/22,0.003156308,0.400358032,0.465970104,0.39891645,0.342746034
2016/12/23,0.000635444,0.417167331,0.485534169,0.415665224,0.357136455
2016/12/28,0.005349149,0.435996007,0.507448555,0.434426103,0.373255662
2016/12/29,0.001993486,0.440747751,0.512979031,0.439160737,0.377323625
2016/12/30,0.003164815,0.4386104,0.510491403,0.437031082,0.375493841
2017/1/3,0.004896412,0.435666388,0.507064916,0.434097671,0.372973476
2017/1/4,0.001649542,0.434595406,0.505818419,0.433030546,0.37205661
2017/1/5,0.000774415,0.436276522,0.507775042,0.434705608,0.373495811
2017/1/6,0.002046461,0.420275828,0.489152098,0.418762528,0.359797636
2017/1/9,0.003837262,0.410400046,0.477657838,0.408922306,0.35134299
2017/1/10,0.005195268,0.415870554,0.484024872,0.414373116,0.356026286
2017/1/11,0.002062343,0.420771893,0.48972946,0.419256807,0.360222316
2017/1/12,0.000257837,0.418280852,0.486830178,0.416774735,0.358089739
2017/1/13,0.006211837,0.427740275,0.497839844,0.426200098,0.36618794
2017/1/16,-0.001456535,0.421779528,0.490902229,0.420260814,0.361084951
2017/1/17,-0.014676315,0.41646952,0.484721999,0.414969926,0.35653906
2017/1/18,0.003764176,0.425089974,0.494755202,0.423559339,0.36391902
2017/1/19,-0.005419198,0.431183266,0.501847085,0.429630692,0.36913548
2017/1/20,-0.001388226,0.414820592,0.482802838,0.413326935,0.355127414
2017/1/23,-0.006586958,0.407038615,0.473745524,0.405572979,0.348465274
2017/1/24,-0.00011747,0.417825931,0.486300703,0.416321452,0.357700282
2017/1/25,0.001968597,0.436559903,0.508104863,0.434987968,0.373738412
2017/1/26,-0.000410445,0.437378236,0.509057308,0.435803355,0.374438987
2017/1/27,0.003206476,0.434224027,0.505386176,0.432660503,0.371738672
2017/1/30,-0.009230316,0.43235325,0.50320881,0.430796462,0.370137102
2017/1/31,-0.002719161,0.43086572,0.501477498,0.429314289,0.36886363
2017/2/1,0.00119661,0.436150954,0.507628895,0.434580492,0.373388312
2017/2/2,0.004646144,0.44822063,0.521676592,0.446606709,0.383721147
2017/2/3,0.006636891,0.450960351,0.524865307,0.449336564,0.386066619
2017/2/6,-0.002249234,0.452920923,0.527147185,0.451290077,0.387745062
2017/2/7,0.001959833,0.451465718,0.525453496,0.449840112,0.386499263
2017/2/8,0.000361738,0.46096281,0.536507005,0.459303008,0.394629713
2017/2/9,0.005642836,0.476179645,0.554217628,0.474465051,0.407656827
2017/2/10,0.00403776,0.46604342,0.542420243,0.464365324,0.398979217
2017/2/13,0.002774862,0.444571884,0.517429876,0.442971101,0.38059746
2017/2/14,-0.001424302,0.442471182,0.514984904,0.440877963,0.378799052
2017/2/15,0.004646233,0.451951398,0.526018771,0.450324043,0.386915053
2017/2/16,-0.003359324,0.457402672,0.532363419,0.455755689,0.391581883
2017/2/17,0.003023762,0.442435765,0.514943683,0.440842673,0.378768731
2017/2/20,-1.37E-05,0.440183752,0.512322602,0.438598769,0.376840786
2017/2/21,-0.003434725,0.445527864,0.518542525,0.443923638,0.381415873
2017/2/22,0.003762075,0.459211199,0.534468334,0.457557704,0.39313016
2017/2/23,-0.0042378,0.459322273,0.534597611,0.457668378,0.393225251
2017/2/24,-0.003812594,0.462511832,0.538309886,0.460846452,0.395955828
2017/2/27,0.001283051,0.458485813,0.533624068,0.456834929,0.392509158
2017/2/28,0.001438369,0.454973446,0.529536082,0.453335209,0.389502225
2017/3/1,0.01631297,0.458195514,0.533286195,0.456545676,0.392260634
2017/3/2,-7.45E-05,0.465357791,0.54162225,0.463682163,0.39839225
2017/3/3,-0.001096458,0.4578017,0.53282784,0.456153279,0.39192349
2017/3/6,-0.003278919,0.450983395,0.524892128,0.449359525,0.386086347
2017/3/7,-0.001515409,0.445005867,0.517934982,0.443403521,0.380968992
2017/3/8,-0.000596991,0.450811179,0.524691688,0.449187929,0.385938913
2017/3/9,-0.002682674,0.454939796,0.529496918,0.453301681,0.389473417
2017/3/10,0.003836807,0.45609632,0.530842977,0.45445404,0.390463516
2017/3/13,0.003263054,0.454008284,0.528412746,0.452373523,0.388675951
2017/3/14,-0.001253656,0.451731455,0.525762783,0.450104892,0.38672676
2017/3/15,0.001465387,0.45826507,0.533367149,0.456614981,0.39232018
2017/3/16,0.006399929,0.472300328,0.549702554,0.470599702,0.404335748
2017/3/17,0.001214211,0.468377094,0.545136367,0.466690594,0.400977072
2017/3/20,0.000652989,0.460842878,0.536367417,0.459183507,0.394527038
2017/3/21,-0.006951605,0.460199642,0.535618765,0.458542587,0.393976365
2017/3/22,-0.007293752,0.472228671,0.549619154,0.470528303,0.404274403
2017/3/23,0.002180639,0.470277799,0.547348566,0.468584455,0.402604263
2017/3/24,-0.000530062,0.465031186,0.54124212,0.463356734,0.398112644
2017/3/27,-0.005921966,0.456911084,0.531791267,0.45526587,0.391161035
2017/3/28,0.006821134,0.463759228,0.539761709,0.462089356,0.397023723
2017/3/29,0.004117654,0.458770565,0.533955487,0.457118656,0.392752934
2017/3/30,-0.000569753,0.455237689,0.52984363,0.453598501,0.389728443
2017/3/31,-0.00634342,0.457545615,0.532529788,0.455898117,0.391704256
2017/4/3,-0.005508856,0.457047985,0.531950604,0.455402278,0.391278235
2017/4/4,0.005358631,0.454139918,0.528565953,0.452504682,0.388788642
2017/4/5,0.001345754,0.461922024,0.537623418,0.460258767,0.395450894
2017/4/6,-0.003892076,0.456882819,0.53175837,0.455237707,0.391136837
2017/4/7,0.006301987,0.448574773,0.522088773,0.446959576,0.384024329
2017/4/10,-5.85E-05,0.43999403,0.512101788,0.43840973,0.376678365
2017/4/11,0.002250851,0.438580816,0.510456971,0.437001605,0.375468514
2017/4/12,-0.002244047,0.447933944,0.521342922,0.446321054,0.383475716
2017/4/13,-0.002916213,0.457255112,0.532191675,0.455608659,0.391455556
2017/4/18,-0.024884031,0.430279719,0.500795462,0.428730398,0.368361955
2017/4/19,-0.004647369,0.417496873,0.485917718,0.415993579,0.357418575
2017/4/20,0.000587372,0.42425521,0.493783635,0.422727581,0.36320438
2017/4/21,-0.000560665,0.435361267,0.506709792,0.433793649,0.372712262
2017/4/24,0.020882266,0.426106929,0.495938821,0.424572633,0.364789635
2017/4/25,0.001507532,0.423961057,0.493441275,0.422434488,0.362952556
2017/4/26,0.001796166,0.413290297,0.481021753,0.41180215,0.353817331
2017/4/27,-0.007097702,0.408852533,0.475856713,0.407380365,0.350018166
2017/4/28,-0.004602147,0.40845297,0.475391669,0.406982241,0.349676101
2017/5/2,0.006380267,0.416375672,0.484612771,0.414876416,0.356458717
2017/5/3,-0.002142969,0.406013323,0.472552203,0.404551378,0.347587522
2017/5/4,0.00187397,0.395731311,0.460585139,0.394306389,0.338785104
2017/5/5,0.006782866,0.401163711,0.466907821,0.399719229,0.343435775
2017/5/8,0.000469918,0.41632051,0.484548568,0.414821452,0.356411492
2017/5/9,0.005647738,0.420832042,0.489799466,0.419316739,0.360273809
2017/5/10,0.005843527,0.421736387,0.490852018,0.420217828,0.361048018
2017/5/11,0.000188196,0.41353843,0.481310552,0.41204939,0.354029757
2017/5/12,0.006579424,0.418209308,0.48674691,0.41670345,0.358028491
2017/5/15,0.002549404,0.426323455,0.496190831,0.424788379,0.364975002
2017/5/16,0.009035611,0.445108137,0.518054013,0.443505423,0.381056546
2017/5/17,-0.002470468,0.448665218,0.52219404,0.447049695,0.384101758
2017/5/18,-0.00897603,0.450473287,0.524298422,0.448851254,0.385649644
2017/5/19,0.004600491,0.458668182,0.533836325,0.457016642,0.392665284
2017/5/22,0.00342486,0.477002929,0.555175834,0.47528537,0.408361639
2017/5/23,-0.00147514,0.476046053,0.554062142,0.47433194,0.407542459
2017/5/24,0.003947955,0.47273387,0.550207147,0.471031683,0.404706903
2017/5/25,0.000373854,0.467162618,0.543722858,0.465480491,0.39993736
2017/5/26,0.003972036,0.477591009,0.555860291,0.475871332,0.408865094
2017/5/30,-0.002802152,0.477160576,0.555359317,0.47544245,0.408496601
2017/5/31,-0.000871966,0.487421438,0.567301764,0.485666364,0.417280912
2017/6/1,0.003162568,0.470689386,0.547827605,0.46899456,0.402956622
2017/6/2,0.00051155,0.457565473,0.5325529,0.455917903,0.391721256
2017/6/5,-0.002901804,0.450345313,0.524149475,0.448723741,0.385540086
2017/6/6,-0.000107636,0.455406623,0.53004025,0.453766826,0.389873067
2017/6/7,-0.006175883,0.464329109,0.540424984,0.462657185,0.397511597
2017/6/8,-0.003836935,0.465301277,0.541556475,0.463625853,0.398343869
2017/6/9,0.010329049,0.450102013,0.523866302,0.448481317,0.385331797
2017/6/12,-0.002055961,0.442513046,0.515033629,0.440919676,0.378834892
2017/6/13,-0.001522751,0.464012548,0.540056544,0.462341764,0.397240589
2017/6/14,-0.003477837,0.487724949,0.567655016,0.485968783,0.417540748
2017/6/15,-0.007391048,0.483552024,0.562798218,0.481810884,0.413968312
2017/6/16,0.005937032,0.47389678,0.551560638,0.472190405,0.405702468
2017/6/19,0.008042826,0.479971583,0.558631002,0.478243335,0.410903101
2017/6/20,-0.006814941,0.49241251,0.573110791,0.490639465,0.421553763
2017/6/21,-0.003340374,0.494449739,0.575481889,0.492669359,0.423297833
2017/6/22,-0.00114193,0.508022628,0.59127915,0.506193376,0.434917567
2017/6/23,-0.002039908,0.51540682,0.599873489,0.513550979,0.441239165
2017/6/26,0.003048904,0.517150021,0.601902371,0.515287903,0.442731517
2017/6/27,-0.001671913,0.515244269,0.599684298,0.513389013,0.441100004
2017/6/28,-0.006282506,0.526330681,0.612587591,0.524435506,0.450591069
2017/6/29,-0.005086141,0.527267462,0.613677894,0.525368914,0.451393046
2017/6/30,-0.005128552,0.52988352,0.616722681,0.527975552,0.45363265
2017/7/3,0.008763954,0.524468759,0.61042053,0.522580289,0.44899708
2017/7/4,-0.002695749,0.529311515,0.616056934,0.527405607,0.453142957
2017/7/5,0.001408505,0.531956613,0.61913552,0.530041181,0.455407423
2017/7/6,-0.004123807,0.533272858,0.620667476,0.531352687,0.456534259
2017/7/7,0.001857274,0.534908742,0.622571454,0.53298268,0.457934737
2017/7/10,0.002596301,0.535571862,0.623343248,0.533643412,0.458502433
2017/7/11,-0.005479004,0.535196453,0.622906316,0.533269355,0.458181046
2017/7/12,0.011822452,0.537915895,0.626071429,0.535979005,0.460509156
2017/7/13,-0.000470656,0.523585061,0.609392009,0.521699773,0.448240547
2017/7/14,-0.004739111,0.516324888,0.600942013,0.514465742,0.442025122
2017/7/17,0.003482495,0.528276091,0.614851821,0.526373911,0.452256532
2017/7/18,-0.001880448,0.53513671,0.622836782,0.533209827,0.4581299
2017/7/19,0.005490823,0.535918538,0.623746739,0.53398884,0.458799222
2017/7/20,0.00763605,0.536801662,0.624774592,0.534868784,0.459555263
2017/7/21,-0.004679818,0.531647964,0.618776288,0.529733643,0.455143188
2017/7/24,-0.010138557,0.522988087,0.6086972,0.521104948,0.447729478
2017/7/25,0.007708367,0.52583572,0.612011513,0.523942327,0.450167333
2017/7/26,0.002351024,0.526783206,0.613114277,0.524886402,0.450978475
2017/7/27,-0.001250056,0.518517034,0.603493416,0.516649994,0.443901815
2017/7/28,-0.010078822,0.514852755,0.599228622,0.512998909,0.44076483
2017/7/31,0.000492525,0.516359949,0.60098282,0.514500676,0.442055137
2017/8/1,0.006983157,0.525407116,0.611512668,0.523515267,0.449800406
2017/8/2,-0.001648794,0.530302202,0.617209978,0.528392726,0.453991083
2017/8/3,0.008509946,0.537848482,0.625992969,0.535911835,0.460451445
2017/8/4,0.004929787,0.525786566,0.611954304,0.523893351,0.450125253
2017/8/7,0.002689508,0.515126296,0.599546991,0.513271465,0.440999008
2017/8/8,0.001431541,0.52557878,0.611712465,0.523686313,0.449947367
2017/8/9,-0.005939865,0.542196867,0.631053982,0.540244562,0.464174092
2017/8/10,-0.014524705,0.522425366,0.608042259,0.520544254,0.447247734
2017/8/11,-0.010881814,0.501634029,0.583843565,0.499827781,0.429448295
2017/8/14,0.005991623,0.504228466,0.586863188,0.502412876,0.431669389
2017/8/15,0.004065758,0.51257906,0.596582305,0.510733401,0.438818322
2017/8/16,0.006638399,0.512646753,0.596661093,0.510800851,0.438876275
2017/8/17,-0.006094116,0.508790217,0.592172534,0.506958201,0.435574699
2017/8/18,-0.00868557,0.512204563,0.596146435,0.510360252,0.438497716
2017/8/21,-0.000696585,0.52087783,0.606241107,0.51900229,0.44592289
2017/8/22,0.008552072,0.520443371,0.605735448,0.518569395,0.44555095
2017/8/23,0.00012327,0.527596521,0.61406088,0.525696788,0.451674753
2017/8/24,0.003300947,0.520681463,0.606012559,0.518806629,0.44575478
2017/8/25,-0.000756321,0.501977377,0.584243182,0.500169892,0.429742235
2017/8/29,-0.008688633,0.494347943,0.575363409,0.492567929,0.423210685
2017/8/30,0.003785706,0.498980122,0.580754726,0.497183429,0.427176288
2017/8/31,0.008834949,0.5012173,0.583358541,0.499412552,0.429091533
2017/9/1,0.001059915,0.499322204,0.58115287,0.49752428,0.427469144
2017/9/4,-0.003640415,0.490372887,0.570736907,0.488607186,0.419807644
2017/9/5,-0.005214972,0.488056942,0.568041417,0.48629958,0.417824966
2017/9/6,-0.002551768,0.497029982,0.57848499,0.495240311,0.425506775
2017/9/7,0.005809749,0.51264197,0.596655525,0.510796084,0.438872179
2017/9/8,-0.002623426,0.513531277,0.597690575,0.511682189,0.439633514
2017/9/11,0.00486642,0.524762335,0.610762219,0.522872808,0.44924841
2017/9/12,-0.001741563,0.52885073,0.615520633,0.526946481,0.452748479
2017/9/13,-0.002840252,0.543131083,0.6321413,0.541175414,0.464973873
2017/9/14,-0.011490346,0.54811345,0.637940195,0.546139841,0.469239271
2017/9/15,-0.01101531,0.539298169,0.627680236,0.537356302,0.46169252
2017/9/18,0.005226448,0.524105255,0.609997454,0.522218094,0.448685885
2017/9/19,0.003024396,0.513203863,0.597309504,0.511355955,0.439353216
2017/9/20,-0.000453696,0.504519657,0.587202099,0.502703017,0.431918677
2017/9/21,-0.001107606,0.508122293,0.591395148,0.506292682,0.43500289
2017/9/22,0.006413947,0.505807155,0.588700597,0.503985879,0.433020902
2017/9/25,-0.001279776,0.509613392,0.593130613,0.507778411,0.436279418
2017/9/26,-0.002132032,0.502779312,0.585176541,0.500968939,0.43042877
2017/9/27,0.00380431,0.501757808,0.583987629,0.499951114,0.429554262
2017/9/28,0.001272177,0.503499824,0.586015132,0.501686857,0.431045599
2017/9/29,0.006796628,0.50003031,0.581977023,0.498229836,0.428075353
2017/10/2,0.008922795,0.482955987,0.5621045,0.481216993,0.413458045
2017/10/3,0.003927032,0.472562252,0.550007403,0.470860683,0.404559981
2017/10/4,-7.10E-05,0.487695735,0.567621015,0.485939674,0.417515738
2017/10/5,0.005396803,0.509169482,0.592613954,0.5073361,0.435899387
2017/10/6,0.001979927,0.504986113,0.587745,0.503167794,0.432318009
2017/10/9,-0.001993247,0.49438271,0.575403874,0.492602571,0.423240449
2017/10/10,0.004038245,0.499820512,0.581732842,0.498020793,0.427895745
2017/10/11,-0.000591823,0.520056169,0.605284789,0.518183587,0.445219466
2017/10/12,0.002972822,0.533483706,0.620912878,0.531562775,0.456714765
2017/10/13,-0.002756487,0.545424386,0.634810438,0.543460459,0.466937167
2017/10/16,-0.001124654,0.546070382,0.635562302,0.54410413,0.467490203
2017/10/17,-0.001435871,0.544608497,0.633860838,0.542647508,0.466238685
2017/10/18,0.003546046,0.542491415,0.631396801,0.540538049,0.464426254
2017/10/19,-0.002632435,0.550370027,0.640566588,0.548388293,0.471171125
2017/10/20,2.53E-05,0.548437307,0.638317127,0.546462532,0.469516525
2017/10/23,0.000162151,0.543563131,0.632644154,0.541605907,0.465343749
2017/10/24,0.000277723,0.538672118,0.626951586,0.536732505,0.461156559
2017/10/25,-0.010595975,0.532164664,0.619377666,0.530248482,0.455585534
2017/10/26,0.005261933,0.544194408,0.633378887,0.542234911,0.465884184
2017/10/27,0.002472064,0.551144241,0.641467683,0.549159719,0.471833928
2017/10/30,-0.002297097,0.531373649,0.618457017,0.529460315,0.454908347
2017/10/31,0.000703563,0.519528177,0.604670268,0.517657496,0.444767453
2017/11/1,-0.000683531,0.528619031,0.615250963,0.526715616,0.452550123
2017/11/2,0.008955554,0.533551569,0.620991862,0.531630393,0.456772862
2017/11/3,0.000665535,0.52245248,0.608073817,0.52057127,0.447270946
2017/11/6,0.000255247,0.507886638,0.591120873,0.506057875,0.434801145
2017/11/7,-0.006523237,0.513481755,0.597632938,0.511632846,0.439591119
2017/11/8,0.002208362,0.528195855,0.614758436,0.526293964,0.452187842
2017/11/9,-0.006077086,0.527561164,0.614019729,0.525661558,0.451644484
2017/11/10,-0.00685257,0.514257773,0.598536132,0.51240607,0.440255467
2017/11/13,-0.00239895,0.5038741,0.586450747,0.502059786,0.431366017
2017/11/14,-0.000102498,0.492502449,0.57321547,0.490729081,0.42163076
2017/11/15,-0.005654971,0.49807756,0.579704249,0.496284117,0.426403605
2017/11/16,0.001941794,0.511325138,0.595122886,0.509483994,0.437744841
2017/11/17,-0.000847801,0.512339182,0.596303116,0.510494387,0.438612963
2017/11/20,0.001188885,0.502685202,0.585067008,0.500875169,0.430348203
2017/11/21,0.002956599,0.501718037,0.58394134,0.499911485,0.429520213
2017/11/22,0.001035713,0.503181674,0.585644843,0.501369852,0.430773231
2017/11/23,-0.000239953,0.502707328,0.58509276,0.500897215,0.430367145
2017/11/24,-0.001025165,0.498857251,0.580611719,0.497061001,0.427071099
2017/11/27,-0.003479901,0.495473653,0.576673605,0.493689586,0.424174404
2017/11/28,0.010340587,0.486348542,0.566053039,0.484597332,0.416362407
2017/11/29,-0.009033191,0.491886677,0.572498783,0.490115526,0.421103598
2017/11/30,-0.009088236,0.517944139,0.602826632,0.516079161,0.44341136