Date,log_returns,QPLp1,QPLp21,QPLn1,QPLn21
2013/2/1,0.011147031,6288.236891,7318.948415,6265.54362,5383.180793
2013/2/4,-0.015944337,6358.724195,7400.989367,6335.776546,5443.52297
2013/2/5,0.005733638,6258.142539,7283.921266,6235.557874,5357.417874
2013/2/6,0.002000303,6294.12753,7325.804595,6271.413001,5388.223602
2013/2/7,-0.010686988,6306.730291,7340.473088,6283.970281,5399.012467
2013/2/8,0.005685095,6239.689211,7262.443234,6217.171142,5341.620505
2013/2/11,0.002093934,6275.26346,7303.848496,6252.617009,5372.074608
2013/2/12,0.009721497,6288.417216,7319.158298,6265.723295,5383.335165
2013/2/13,0.003265215,6349.848164,7390.658457,6326.932548,5435.924452
2013/2/14,-0.005005343,6370.615671,7414.829988,6347.625109,5453.702925
2013/2/15,0.000142229,6338.808225,7377.80895,6315.932451,5426.473475
2013/2/18,-0.001592542,6339.709854,7378.858366,6316.830825,5427.245333
2013/2/19,0.009589544,6329.621634,7367.116575,6306.779012,5418.609095
2013/2/20,0.002551972,6390.611785,7438.103686,6367.54906,5470.821029
2013/2/21,-0.016368417,6406.941277,7457.109762,6383.819621,5484.800243
2013/2/22,0.006994431,6302.923415,7336.042223,6280.177144,5395.753509
2013/2/25,0.00309982,6347.163315,7387.533532,6324.257388,5433.626029
2013/2/26,-0.013453597,6366.868904,7410.469085,6343.891863,5450.495424
2013/2/27,0.008802628,6281.785239,7311.439266,6259.115251,5377.657717
2013/2/28,0.005506572,6337.325548,7376.083245,6314.455124,5425.204196
2013/3/1,0.00279291,6372.318747,7416.812217,6349.322038,5455.160879
2013/3/4,-0.005182251,6390.140935,7437.555658,6367.079909,5470.417948
2013/3/5,0.013511371,6357.111282,7399.11208,6334.169454,5442.142201
2013/3/6,-0.000670317,6443.587462,7499.762662,6420.333556,5516.172
2013/3/7,0.001790655,6439.269664,7494.737129,6416.03134,5512.475656
2013/3/8,0.00687473,6450.810507,7508.169644,6427.530534,5522.355444
2013/3/11,0.003087656,6495.310877,7559.964117,6471.870309,5560.450945
2013/3/12,0.001074207,6515.397154,7583.342756,6491.884098,5577.646235
2013/3/13,-0.004482725,6522.399802,7591.493215,6498.861473,5583.641002
2013/3/14,0.007364622,6493.227114,7557.538802,6469.794066,5558.667094
2013/3/15,-0.006107987,6541.223799,7613.402673,6517.617538,5599.755691
2013/3/18,-0.004901316,6501.39186,7567.04184,6477.929346,5565.656701
2013/3/19,-0.002573796,6469.60445,7530.044122,6446.256652,5538.444404
2013/3/20,-0.001339131,6452.974416,7510.688241,6429.686633,5524.207904
2013/3/21,-0.006887031,6444.338819,7500.637175,6421.082201,5516.815215
2013/3/22,0.000658774,6400.108938,7449.157527,6377.011938,5478.951271
2013/3/25,-0.002251953,6404.326555,7454.066458,6381.214335,5482.561854
2013/3/26,0.003285401,6389.920537,7437.299135,6366.860306,5470.229271
2013/3/27,-0.001847199,6410.948515,7461.77383,6387.812397,5488.230725
2013/3/28,0.003778336,6399.117146,7448.00317,6376.023726,5478.102227
2013/4/2,0.012233536,6423.340896,7476.19746,6400.160056,5498.83949
2013/4/3,-0.01090249,6502.403687,7568.219517,6478.937522,5566.522898
2013/4/4,-0.011933331,6431.896347,7486.155244,6408.684632,5506.163569
2013/4/5,-0.014982137,6355.59855,7397.351394,6332.662181,5440.847194
2013/4/8,0.004336337,6261.087858,7287.349356,6238.492564,5359.939278
2013/4/9,0.005761663,6288.296999,7319.018376,6265.603512,5383.23225
2013/4/10,0.01167834,6324.632623,7361.309811,6301.808006,5414.338145
2013/4/11,0.004494088,6398.926803,7447.781627,6375.83407,5477.939279
2013/4/12,-0.004960742,6427.748857,7481.327934,6404.552109,5502.61302
2013/4/15,-0.006409518,6395.941411,7444.306896,6372.859452,5475.38357
2013/4/16,-0.006170077,6355.077609,7396.745065,6332.14312,5440.401231
2013/4/17,-0.009621719,6315.987009,7351.247084,6293.193593,5406.93688
2013/4/18,-8.65E-05,6255.50778,7280.854642,6232.932624,5355.162332
2013/4/19,0.006850643,6254.966803,7280.224992,6232.393599,5354.699217
2013/4/22,-0.000950092,6297.964459,7330.27044,6275.236084,5391.508288
2013/4/23,0.019785082,6291.983658,7323.309318,6269.276866,5386.388294
2013/4/24,0.003994434,6417.710727,7469.644445,6394.550206,5494.019663
2013/4/25,0.001682415,6443.397118,7499.541119,6420.143899,5516.009052
2013/4/26,-0.002513015,6454.246713,7512.169082,6430.954339,5525.297082
2013/4/29,0.004905151,6438.047457,7493.314588,6414.813543,5511.429359
2013/4/30,-0.004329569,6469.704631,7530.160724,6446.356472,5538.530166
2013/5/1,0.00328691,6441.754151,7497.628851,6418.506861,5514.602554
2013/5/2,0.001459108,6462.962454,7522.31343,6439.638627,5532.75838
2013/5/3,0.009359058,6472.399498,7533.297309,6449.041614,5540.837165
2013/5/7,0.005480656,6533.259415,7604.132838,6509.681896,5592.937608
2013/5/8,0.003984548,6569.164261,7645.922886,6545.457167,5623.674726
2013/5/9,0.001405563,6595.391629,7676.449209,6571.589884,5646.12723
2013/5/10,0.004878309,6604.668383,7687.246526,6580.83316,5654.068796
2013/5/13,0.001022876,6636.966715,7724.838912,6613.014933,5681.71848
2013/5/14,0.008154533,6643.758983,7732.744507,6619.782688,5687.533147
2013/5/15,0.001119614,6698.157229,7796.059227,6673.984619,5734.101938
2013/5/16,-0.000859405,6705.660781,7804.792694,6681.461092,5740.525516
2013/5/17,0.005258437,6699.900377,7798.088096,6675.721477,5735.594198
2013/5/20,0.004832823,6735.224174,7839.201854,6710.917795,5765.833896
2013/5/21,0.007115337,6767.853103,7877.179025,6743.428972,5793.766595
2013/5/22,0.005335637,6816.180385,7933.427683,6791.581848,5835.138206
2013/5/23,-0.021198897,6852.646244,7975.870699,6827.916108,5866.355591
2013/5/24,-0.006359034,6708.906643,7808.570589,6684.695241,5743.304206
2013/5/28,0.01605091,6666.379837,7759.07317,6642.321907,5706.898217
2013/5/29,-0.020142318,6774.244647,7884.618214,6749.79745,5799.238213
2013/5/30,0.004489565,6639.160678,7727.392489,6615.200978,5683.596669
2013/5/31,-0.01116319,6669.034632,7762.163114,6644.967121,5709.170911
2013/6/3,-0.008844896,6595.000923,7675.994463,6571.200589,5645.792758
2013/6/4,0.005114772,6536.926037,7608.40046,6513.335286,5596.076499
2013/6/5,-0.021463481,6570.446577,7647.415387,6546.734855,5624.77248
2013/6/6,-0.01304562,6430.924592,7485.024208,6407.716384,5505.331677
2013/6/7,0.01190466,6347.574057,7388.011598,6324.666648,5433.977654
2013/6/10,-0.001801375,6423.591348,7476.488964,6400.409604,5499.053895
2013/6/11,-0.009476914,6412.030469,7463.033128,6388.890446,5489.156955
2013/6/12,-0.006429059,6351.55124,7392.640686,6328.629478,5437.382407
2013/6/13,0.000821956,6310.847727,7345.265417,6288.072858,5402.537287
2013/6/14,0.000575602,6316.037099,7351.305385,6293.243502,5406.979761
2013/6/17,0.003517757,6319.673667,7355.538027,6296.866946,5410.092924
2013/6/18,0.006882519,6341.943889,7381.458583,6319.056798,5429.157827
2013/6/19,-0.003991193,6385.742992,7432.436844,6362.697837,5466.652994
2013/6/20,-0.03027174,6360.307053,7402.831674,6337.353693,5444.87801
2013/6/21,-0.007061145,6170.654531,7182.093007,6148.385597,5282.521878
2013/6/24,-0.014338338,6127.236115,7131.557833,6105.123871,5245.352607
2013/6/25,0.012004091,6040.008577,7030.032738,6018.211124,5170.679592
2013/6/26,0.010364156,6112.950314,7114.930431,6090.889625,5233.122939
2013/6/27,0.012558913,6176.635332,7189.054128,6154.344815,5287.641873
2013/6/28,-0.00448356,6254.696315,7279.910168,6232.124087,5354.46766
2013/7/1,0.014742447,6226.71578,7247.343315,6204.24453,5330.51432
2013/7/2,-0.000608957,6319.192799,7354.978339,6296.387813,5409.681266
2013/7/3,-0.011819369,6315.345851,7350.500834,6292.554749,5406.388003
2013/7/4,0.030322743,6241.141835,7264.133959,6218.618523,5342.864055
2013/7/5,-0.007212552,6433.288862,7487.776008,6410.072122,5507.355661
2013/7/8,0.011625327,6387.055362,7433.964326,6364.005471,5467.776477
2013/7/9,0.009721479,6461.740247,7520.890889,6438.42083,5531.712083
2013/7/10,-0.0012475,6524.864252,7594.361616,6501.317031,5585.750749
2013/7/11,0.005893473,6516.729561,7584.893559,6493.211696,5578.786871
2013/7/12,0.000233796,6555.249129,7629.72691,6531.592253,5611.762378
2013/7/15,0.006270654,6556.781897,7631.510916,6533.11949,5613.074537
2013/7/16,-0.00452884,6598.026387,7679.515834,6574.215134,5648.382772
2013/7/17,0.002373503,6568.212542,7644.81517,6544.508883,5622.859987
2013/7/18,0.009454656,6583.820731,7662.981713,6560.060744,5636.221714
2013/7/19,-0.00055635,6646.363687,7735.776151,6622.377992,5689.76296
2013/7/22,-0.001131748,6642.66701,7731.473549,6618.694657,5686.59834
2013/7/23,-0.003892412,6635.153441,7722.728422,6611.208202,5680.166187
2013/7/24,0.003478628,6609.376887,7692.726806,6585.524672,5658.099612
2013/7/25,-0.0049181,6632.408483,7719.533535,6608.473151,5677.816307
2013/7/26,-0.005046143,6599.869716,7681.661305,6576.051811,5649.960794
2013/7/29,0.000832632,6566.649719,7642.996183,6542.9517,5621.522099
2013/7/30,0.001629707,6572.119598,7649.362636,6548.401839,5626.204707
2013/7/31,0.007597059,6582.838958,7661.839017,6559.082514,5635.381246
2013/8/1,0.009158873,6633.039623,7720.268126,6609.102013,5678.356608
2013/8/2,-0.005117848,6694.069847,7791.301878,6669.911988,5730.602847
2013/8/5,-0.004264579,6659.898131,7751.52904,6635.863593,5701.349412
2013/8/6,-0.002324599,6631.556945,7718.542421,6607.624686,5677.087329
2013/8/7,-0.014182018,6616.159136,7700.62074,6592.282445,5663.905703
2013/8/8,0.002832631,6522.990869,7592.181165,6499.450408,5584.146999
2013/8/9,0.008191873,6541.494287,7613.717498,6517.88705,5599.987249
2013/8/12,-0.001375617,6595.301466,7676.344268,6571.500047,5646.050044
2013/8/13,0.005702913,6586.235091,7665.791814,6562.466392,5638.288579
2013/8/14,-0.003713818,6623.903122,7709.634051,6599.998484,5670.535109
2013/8/15,-0.015927478,6599.348775,7681.054976,6575.53275,5649.514831
2013/8/16,0.002564829,6495.070443,7559.684273,6471.630743,5560.245116
2013/8/19,-0.005284717,6511.750568,7579.098455,6488.250672,5574.524497
2013/8/20,-0.0018995,6477.428581,7539.150714,6454.052547,5545.142419
2013/8/21,-0.009750706,6465.136381,7524.843686,6441.804707,5534.619416
2013/8/22,0.008729027,6402.403081,7451.827706,6379.297803,5480.915222
2013/8/23,0.006991311,6458.534457,7517.159635,6435.226609,5528.967697
2013/8/27,-0.007906903,6503.846293,7569.898581,6480.374922,5567.757871
2013/8/28,-0.00169528,6452.623782,7510.280135,6429.337265,5523.907737
2013/8/29,0.008207209,6441.694043,7497.55889,6418.446969,5514.551097
2013/8/30,-0.010874814,6494.779919,7559.346128,6471.341266,5559.996406
2013/9/2,0.014437767,6424.533049,7477.58502,6401.347907,5499.860059
2013/9/3,-0.005823703,6517.961786,7586.32776,6494.439474,5579.841744
2013/9/4,0.000978124,6480.11343,7542.27564,6456.727707,5547.440842
2013/9/5,0.008872081,6486.454883,7549.656527,6463.046275,5552.86958
2013/9/6,0.002276799,6544.259281,7616.935704,6520.642065,5602.354281
2013/9/9,-0.002537073,6559.176222,7634.297697,6535.505173,5615.12425
2013/9/10,0.008120685,6542.556205,7614.953476,6518.945136,5600.896326
2013/9/11,0.000674136,6595.902551,7677.043878,6572.098963,5646.564617
2013/9/12,8.35E-05,6600.350585,7682.220993,6576.530944,5650.372451
2013/9/13,-0.00078647,6600.90158,7682.862302,6577.079951,5650.844143
2013/9/16,0.005915215,6595.712208,7676.822335,6571.909306,5646.401669
2013/9/17,-0.007987593,6634.84288,7722.366956,6610.898762,5679.900324
2013/9/18,-0.001728999,6582.057547,7660.929524,6558.303923,5634.712302
2013/9/19,0.010098529,6570.687011,7647.695231,6546.974422,5624.978309
2013/9/20,-0.004380644,6637.377457,7725.316979,6613.424193,5682.070104
2013/9/23,-0.005938986,6608.365059,7691.549129,6584.516496,5657.233415
2013/9/24,0.002146422,6569.234387,7646.004507,6545.52704,5623.73476
2013/9/25,-0.00303742,6583.349881,7662.433685,6559.591593,5635.818632
2013/9/26,0.002143764,6563.383821,7639.194968,6539.697588,5618.726256
2013/9/27,-0.008094399,6577.46926,7655.589166,6553.732195,5630.7844
2013/9/30,-0.007775063,6524.443493,7593.871889,6500.897789,5585.390548
2013/10/1,-0.000342046,6473.91223,7535.057995,6450.548886,5542.132172
2013/10/2,-0.0034906,6471.698232,7532.481097,6448.342878,5540.23683
2013/10/3,0.001791017,6449.147504,7506.234056,6425.873532,5520.931794
2013/10/4,0.000750218,6460.708384,7519.689892,6437.39269,5530.828734
2013/10/7,-0.00257541,6465.557141,7525.333414,6442.223949,5534.979617
2013/10/8,-0.011161467,6448.927106,7505.977532,6425.653929,5520.743117
2013/10/9,-0.004395563,6377.34783,7422.665622,6354.332972,5459.466134
2013/10/10,0.01450168,6349.377314,7390.110429,6326.463397,5435.521371
2013/10/11,0.008778723,6442.124821,7498.060277,6418.876192,5514.919874
2013/10/14,0.003148945,6498.927409,7564.173438,6475.473789,5563.546955
2013/10/15,0.006350755,6519.424428,7588.030145,6495.896837,5581.09387
2013/10/16,0.00342665,6560.959442,7636.373207,6537.281958,5616.650814
2013/10/17,0.000695176,6583.480116,7662.585268,6559.721358,5635.930123
2013/10/18,0.007034034,6588.058384,7667.913965,6564.283105,5639.849448
2013/10/21,0.004763212,6634.562373,7722.040472,6610.619268,5679.660191
2013/10/22,0.006211321,6666.239584,7758.909927,6642.18216,5706.77815
2013/10/23,-0.003168257,6707.774598,7807.25299,6683.567281,5742.335095
2013/10/24,0.00578146,6686.556277,7782.556751,6662.425534,5724.170693
2013/10/25,0.001214781,6725.326298,7827.681606,6701.055639,5757.360605
2013/10/28,0.000666312,6733.501062,7837.196305,6709.200902,5764.358789
2013/10/29,0.007245662,6737.989167,7842.42006,6713.672811,5768.200928
2013/10/30,0.000438298,6786.987661,7899.449949,6762.494477,5810.147146
2013/10/31,-0.006850209,6789.963035,7902.913019,6765.459113,5812.694278
2013/11/1,0.000491602,6743.609318,7848.961416,6719.272679,5773.012179
2013/11/4,0.004279045,6746.925307,7852.820932,6722.576701,5775.850903
2013/11/5,-0.002484003,6775.85756,7886.495501,6751.404542,5800.618982
2013/11/6,-0.000763612,6759.047199,7866.929737,6734.654848,5786.228111
2013/11/7,-0.00661812,6753.887881,7860.924749,6729.514149,5781.811365
2013/11/8,0.001670939,6709.337421,7809.071976,6685.124464,5743.672983
2013/11/11,0.002969461,6720.557685,7822.131366,6696.304236,5753.278332
2013/11/12,-0.000234854,6740.543781,7845.393404,6716.218205,5770.38786
2013/11/13,-0.014493257,6738.960922,7843.551097,6714.641059,5769.03282
2013/11/14,0.005434677,6641.995798,7730.692317,6618.025867,5686.023735
2013/11/15,0.004088461,6678.191169,7772.820509,6654.090614,5717.009562
2013/11/18,0.004474961,6705.550582,7804.664432,6681.351291,5740.431177
2013/11/19,-0.003792436,6735.624897,7839.66826,6711.317073,5766.176944
2013/11/20,-0.002530816,6710.12885,7809.993129,6685.913037,5744.350503
2013/11/21,3.74E-05,6693.168218,7790.252463,6669.013614,5729.830988
2013/11/22,-0.00105274,6693.418671,7790.543967,6669.263162,5730.045393
2013/11/25,0.003039889,6686.375951,7782.346868,6662.245859,5724.016321
2013/11/26,-0.008761694,6706.732717,7806.040332,6682.52916,5741.443169
2013/11/27,0.001994628,6648.227052,7737.944943,6624.234633,5691.358134
2013/11/28,0.000751657,6661.501026,7753.394667,6637.460703,5702.721605
2013/11/29,-0.000586244,6666.510072,7759.224752,6642.451673,5707.009708
2013/12/2,-0.008340742,6662.603016,7754.677286,6638.558716,5703.664988
2013/12/3,-0.00958282,6607.263069,7690.26651,6583.418483,5656.290033
2013/12/4,-0.003444155,6544.249263,7616.924044,6520.632083,5602.345705
2013/12/5,-0.001789627,6521.748625,7590.735304,6498.212647,5583.083549
2013/12/6,0.008223599,6510.087565,7577.162867,6486.59367,5573.100847
2013/12/9,0.001142511,6563.844653,7639.731336,6540.156757,5619.120761
2013/12/10,-0.005529416,6571.348205,7648.464803,6547.63323,5625.544339
2013/12/11,-0.002392751,6535.112762,7606.28997,6511.528555,5594.524206
2013/12/12,-0.009645739,6519.494554,7588.111766,6495.966711,5581.153903
2013/12/13,-0.000821096,6456.911526,7515.270687,6433.609535,5527.578352
2013/12/16,0.012689413,6451.611955,7509.102458,6428.329089,5523.04154
2013/12/17,-0.005536441,6534.000753,7604.995691,6510.420559,5593.572248
2013/12/18,0.000907671,6497.9256,7563.007421,6474.475595,5562.689334
2013/12/19,0.014165804,6503.826257,7569.875261,6480.354958,5567.740719
2013/12/20,0.003317346,6596.613836,7677.87175,6572.807681,5647.173527
2013/12/23,0.01084376,6618.533424,7703.3842,6594.648165,5665.938263
2013/12/24,0.002327116,6690.693749,7787.372401,6666.548075,5727.712666
2013/12/27,0.008434387,6706.281902,7805.515624,6682.079972,5741.05724
2013/12/30,-0.002907552,6763.084491,7871.628785,6738.677569,5789.684321
2013/12/31,0.002643848,6743.449028,7848.774853,6719.112968,5772.87496
2014/1/2,-0.004630587,6761.30127,7869.553275,6736.900784,5788.157757
2014/1/3,0.001897599,6730.064856,7833.196866,6705.777097,5761.41715
2014/1/6,8.91E-06,6742.847943,7848.075243,6718.514051,5772.360388
2014/1/7,0.003665979,6742.908051,7848.145204,6718.573943,5772.411845
2014/1/8,-0.004996586,6767.672778,7876.969142,6743.249297,5793.612223
2014/1/9,-0.004538847,6733.941858,7837.709352,6709.640107,5764.736142
2014/1/10,0.00723687,6703.446782,7802.215796,6679.255083,5738.630174
2014/1/13,0.002550181,6752.134715,7858.88422,6727.767309,5780.310529
2014/1/14,0.001435965,6769.375853,7878.951371,6744.946227,5795.070178
2014/1/15,0.007801775,6779.103422,7890.273396,6754.63869,5803.397672
2014/1/16,-0.000651252,6832.199316,7952.072294,6807.54297,5848.851557
2014/1/17,0.002034487,6827.751283,7946.895178,6803.110988,5845.043723
2014/1/20,0.001087368,6841.656396,7963.079493,6816.96592,5856.947495
2014/1/21,-0.000361349,6849.099839,7971.742999,6824.382501,5863.319615
2014/1/22,-0.001161004,6846.62537,7968.862938,6821.916962,5861.201292
2014/1/23,-0.007801734,6838.681022,7959.616423,6814.001284,5854.400362
2014/1/24,-0.016304571,6785.535038,7897.759224,6761.047095,5808.903596
2014/1/27,-0.017115081,6675.796845,7770.033729,6651.704931,5714.959849
2014/1/28,0.003302604,6562.512247,7638.180533,6538.829159,5617.980126
2014/1/29,-0.004277026,6584.221455,7663.44812,6560.460022,5636.564762
2014/1/30,-0.000891251,6556.120703,7630.741345,6532.460682,5612.508508
2014/1/31,-0.004293092,6550.280155,7623.943466,6526.641211,5607.50858
2014/2/3,-0.006901947,6522.219476,7591.283332,6498.681799,5583.486631
2014/2/4,-0.002538149,6477.358454,7539.069093,6453.982674,5545.082386
2014/2/5,0.001335693,6460.9388,7519.958076,6437.622275,5531.025986
2014/2/6,0.015425734,6469.574396,7530.009142,6446.226707,5538.418675
2014/2/7,0.002041134,6570.146034,7647.065582,6546.435397,5624.515194
2014/2/10,0.003019018,6583.570279,7662.690209,6559.811196,5636.007309
2014/2/11,0.012230055,6603.47623,7685.858966,6579.64531,5653.048227
2014/2/12,0.000355118,6684.732984,7780.4346,6660.608821,5722.609824
2014/2/13,-0.002341305,6687.107272,7783.19806,6662.97454,5724.642384
2014/2/14,0.000630487,6671.469028,7764.996536,6647.392733,5711.254929
2014/2/17,0.010803397,6675.676628,7769.893807,6651.585147,5714.856935
2014/2/18,0.008931197,6748.187586,7854.290113,6723.834425,5776.931505
2014/2/19,4.12E-05,6808.726924,7924.752517,6784.155285,5828.75751
2014/2/20,0.002392412,6809.00743,7925.079001,6784.43478,5828.997644
2014/2/21,0.003672982,6825.316886,7944.061757,6800.685377,5842.959705
2014/2/24,0.004057239,6850.432246,7973.293802,6825.710099,5864.46025
2014/2/25,-0.005163427,6875.146882,8002.05944,6850.335544,5885.617747
2014/2/26,-0.004600273,6842.858567,7964.478714,6818.163753,5857.976639
2014/2/27,0.001634163,6811.451845,7927.924083,6786.870373,5831.090238
2014/2/28,-8.37E-05,6822.591965,7940.890191,6797.97029,5840.626977
2014/3/3,-0.014995047,6822.020933,7940.225561,6797.401319,5840.138133
2014/3/4,0.017059086,6720.487559,7822.049745,6696.234363,5753.218299
2014/3/5,-0.007110748,6836.11639,7956.63142,6811.445908,5852.204854
2014/3/6,0.001927174,6787.67891,7900.254501,6763.183231,5810.738904
2014/3/7,-0.011231746,6800.772558,7915.494342,6776.229625,5821.948003
2014/3/10,-0.003465127,6724.815375,7827.086938,6700.54656,5756.923219
2014/3/11,-0.000587665,6701.553362,7800.012024,6677.368497,5737.009272
2014/3/12,-0.009712681,6697.616252,7795.429578,6673.445595,5733.638823
2014/3/13,-0.01018933,6632.879333,7720.081563,6608.942302,5678.219388
2014/3/14,-0.003958215,6565.637892,7641.818506,6541.943524,5620.655902
2014/3/17,0.006178892,6539.701048,7611.630327,6516.100283,5598.452108
2014/3/18,0.00560667,6580.234254,7658.807373,6556.48721,5633.151432
2014/3/19,-0.004879202,6617.231072,7701.868378,6593.350512,5664.823356
2014/3/20,-0.004679942,6585.022902,7664.380934,6561.258577,5637.250858
2014/3/21,0.002248923,6554.277374,7628.595874,6530.624005,5610.930486
2014/3/24,-0.005624917,6569.034025,7645.771303,6545.327402,5623.563235
2014/3/25,0.012876094,6532.187479,7602.8852,6508.613828,5592.019955
2014/3/26,6.21E-05,6616.840366,7701.413632,6592.961217,5664.488884
2014/3/27,-0.002573973,6617.251108,7701.891699,6593.370476,5664.840509
2014/3/28,0.004129089,6600.240386,7682.092731,6576.421143,5650.278113
2014/3/31,-0.002604824,6627.549708,7713.878353,6603.63191,5673.656847
2014/4/1,0.00818661,6610.308569,7693.811201,6586.452992,5658.897199
2014/4/2,0.000966071,6664.646707,7757.05596,6640.595032,5705.414533
2014/4/3,-0.001487807,6671.088341,7764.553449,6647.013419,5710.929033
2014/4/4,0.006955604,6661.170429,7753.009881,6637.131299,5702.43859
2014/4/7,-0.010918846,6707.664399,7807.124728,6683.45748,5742.240757
2014/4/8,-0.004866234,6634.822844,7722.343636,6610.878798,5679.883172
2014/4/9,0.006792553,6602.614674,7684.856191,6578.786863,5652.310674
2014/4/10,0.000958006,6647.615949,7737.233672,6623.625735,5690.834985
2014/4/11,-0.012158891,6653.987456,7744.64954,6629.974248,5696.289452
2014/4/14,0.003356295,6573.572222,7651.05336,6549.84922,5627.448256
2014/4/15,-0.006422698,6595.672135,7676.775694,6571.869379,5646.367364
2014/4/16,0.006484971,6553.445872,7627.62808,6529.795504,5610.218661
2014/4/17,0.006219824,6596.082877,7677.253761,6572.278638,5646.718988
2014/4/22,0.008493319,6637.237204,7725.153737,6613.284446,5681.950037
2014/4/23,-0.001051174,6693.849449,7791.045354,6669.692385,5730.41417
2014/4/24,0.004224935,6686.816747,7782.859915,6662.685064,5724.393674
2014/4/25,-0.002585766,6714.977607,7815.636651,6690.744296,5748.501386
2014/4/28,0.002161985,6697.786559,7795.627801,6673.615288,5733.784619
2014/4/29,0.010356386,6712.28274,7812.500066,6688.059154,5746.194387
2014/4/30,0.001493734,6782.15894,7893.829747,6757.683182,5806.013415
2014/5/1,0.004244647,6792.297251,7905.629839,6767.784905,5814.692534
2014/5/2,0.001988074,6821.189431,7939.257767,6796.572818,5839.426308
2014/5/6,-0.003503423,6834.763948,7955.057297,6810.098346,5851.047066
2014/5/7,-0.000311879,6810.860777,7927.236133,6786.281438,5830.584241
2014/5/8,0.006279131,6808.736942,7924.764177,6784.165267,5828.766086
2014/5/9,-0.003615109,6851.624399,7974.681362,6826.89795,5865.480818
2014/5/12,0.005441127,6826.899745,7945.904064,6802.262524,5844.314745
2014/5/13,0.003108238,6864.147015,7989.256574,6839.375374,5876.201074
2014/5/14,0.000786819,6885.515608,8014.127715,6860.666851,5894.494119
2014/5/15,-0.005481311,6890.935396,8020.435867,6866.067081,5899.133846
2014/5/16,0.002178628,6853.267366,7976.59363,6828.534988,5866.887316
2014/5/19,-0.001643753,6868.214361,7993.990603,6843.428042,5879.683013
2014/5/20,-0.006236029,6856.933988,7980.861252,6832.188378,5870.026207
2014/5/21,0.002795266,6814.307001,7931.247231,6789.715226,5833.534456
2014/5/22,-7.04E-05,6833.381451,7953.448194,6808.720838,5849.86355
2014/5/23,-0.000705469,6832.900582,7952.888505,6808.241705,5849.451892
2014/5/27,0.004273583,6828.08188,7947.279964,6803.440392,5845.326737
2014/5/28,0.000917045,6857.324694,7981.315998,6832.577674,5870.360679
2014/5/29,0.002925123,6863.616056,7988.638585,6838.846332,5875.746536
2014/5/30,-0.00390499,6883.722369,8012.040545,6858.880084,5892.958978
2014/6/2,0.00285806,6856.893916,7980.814611,6832.14845,5869.991902
2014/6/3,-0.004058281,6876.51936,8003.656883,6851.70307,5886.792687
2014/6/4,-0.002588078,6848.669061,7971.241612,6823.953278,5862.950838
2014/6/5,-0.000754101,6830.96709,7950.638093,6806.315191,5847.796684
2014/6/6,0.006542004,6825.817791,7944.644766,6801.184474,5843.388515
2014/6/9,0.002445169,6870.618703,7996.789043,6845.823707,5881.741303
2014/6/10,-0.000210931,6887.439082,8016.366468,6862.583384,5896.14075
2014/6/11,-0.005058199,6885.986458,8014.675743,6861.136003,5894.897201
2014/6/12,0.000619793,6851.243711,7974.238276,6826.518636,5865.154923
2014/6/13,-0.009582364,6855.491383,7979.182187,6830.750979,5868.791233
2014/6/16,-0.003430266,6790.113306,7903.087922,6765.608842,5812.822921
2014/6/17,0.001794192,6766.861312,7876.024669,6742.44076,5792.91755
2014/6/18,0.001740822,6779.013259,7890.168454,6754.548853,5803.320487
2014/6/19,0.004349859,6790.824591,7903.915794,6766.31756,5813.431832
2014/6/20,0.002507096,6820.428056,7938.371595,6795.814191,5838.774517
2014/6/23,-0.003616683,6837.548978,7958.298824,6812.873325,5853.431251
2014/6/24,-0.00198563,6812.864396,7929.568167,6788.277826,5832.299482
2014/6/25,-0.007906442,6799.349988,7913.838598,6774.81219,5820.730182
2014/6/26,0.000222738,6745.80328,7851.514993,6721.458724,5774.890368
2014/6/27,0.003357327,6747.305994,7853.264018,6722.956014,5776.176799
2014/6/30,-0.00204863,6769.996975,7879.674302,6745.565107,5795.601902
2014/7/1,0.008707608,6756.141952,7863.548287,6731.760085,5783.741011
2014/7/2,0.00197514,6815.228666,7932.319967,6790.633564,5834.323467
2014/7/3,0.007139557,6828.703001,7948.002894,6804.059273,5845.858462
2014/7/4,0.000122349,6877.631369,8004.951162,6852.811065,5887.744646
2014/7/7,-0.006214975,6878.472888,8005.930616,6853.649548,5888.465047
2014/7/8,-0.012544074,6835.85592,7956.328255,6811.186377,5851.981872
2014/7/9,-0.003033483,6750.642019,7857.146854,6726.28,5779.032675
2014/7/10,-0.006821326,6730.195091,7833.348449,6705.906862,5761.528641
2014/7/11,0.002664166,6684.442459,7780.096455,6660.319344,5722.361114
2014/7/14,0.008331205,6702.274665,7800.851557,6678.087197,5737.626758
2014/7/15,-0.005304477,6758.345933,7866.113525,6733.956112,5785.627776
2014/7/16,0.010999643,6722.591358,7824.49838,6698.33057,5755.019302
2014/7/17,-0.00685502,6796.945646,7911.040157,6772.416525,5818.671893
2014/7/18,0.001650384,6750.511784,7856.995272,6726.150235,5778.921184
2014/7/21,-0.003117701,6761.661922,7869.973041,6737.260134,5788.4665
2014/7/22,0.009893764,6740.613908,7845.475025,6716.288079,5770.447894
2014/7/23,0.000413433,6807.634951,7923.481558,6783.067254,5827.822704
2014/7/24,0.003423009,6810.450036,7926.758066,6785.872179,5830.232617
2014/7/25,-0.004394333,6833.802211,7953.937921,6809.14008,5850.22375
2014/7/28,-0.000512533,6803.838094,7919.062354,6779.284099,5824.572322
2014/7/29,0.002895009,6800.351798,7915.004615,6775.810384,5821.587803
2014/7/30,-0.005052587,6820.067405,7937.951828,6795.454841,5838.465774
2014/7/31,-0.006417594,6785.695327,7897.945787,6761.206807,5809.040815
2014/8/1,-0.007596263,6742.286929,7847.422273,6717.955063,5771.88012
2014/8/4,-0.000248564,6691.264781,7788.03703,6667.117045,5728.201509
2014/8/5,0.000742515,6689.601777,7786.101442,6665.460043,5726.777859
2014/8/6,-0.006955693,6694.570751,7791.884886,6670.411085,5731.031657
2014/8/7,-0.005862398,6648.166944,7737.874982,6624.174742,5691.306677
2014/8/8,-0.00455916,6609.30676,7692.645184,6585.454798,5658.039579
2014/8/11,0.009918128,6579.242462,7657.653016,6555.498998,5632.302388
2014/8/12,-6.03E-05,6644.820901,7733.980485,6620.840774,5688.442224
2014/8/13,0.003651117,6644.420177,7733.514078,6620.441496,5688.099176
2014/8/14,0.004284241,6668.724071,7761.801649,6644.657681,5708.905049
2014/8/15,0.000571243,6697.355781,7795.126413,6673.186064,5733.415842
2014/8/18,0.007769022,6701.182693,7799.580598,6676.999165,5736.691952
2014/8/19,0.005629959,6753.447085,7860.411702,6729.074943,5781.434012
2014/8/20,-0.003521299,6791.575948,7904.790307,6767.066205,5814.075047
2014/8/21,0.003277882,6767.702832,7877.004123,6743.279243,5793.637951
2014/8/22,-0.000355643,6789.922963,7902.866379,6765.419185,5812.659974
2014/8/26,0.006987816,6787.508602,7900.056278,6763.013538,5810.593108
2014/8/27,0.001157219,6835.104563,7955.453743,6810.437732,5851.338657
2014/8/28,-0.003646112,6843.018857,7964.665277,6818.323464,5858.113859
2014/8/29,0.002047624,6818.113877,7935.678095,6793.508363,5836.793414
2014/9/1,0.000814947,6832.089117,7951.944032,6807.433168,5848.757219
2014/9/2,0.000565382,6837.659177,7958.427086,6812.983127,5853.525589
2014/9/3,0.006481933,6841.526161,7962.927911,6816.836155,5856.836004
2014/9/4,0.000638474,6886.016513,8014.710724,6861.165948,5894.922929
2014/9/5,-0.003330649,6890.414456,8019.829538,6865.54802,5898.687883
2014/9/8,-0.002970082,6867.503076,7993.162731,6842.719324,5879.074103
2014/9/9,-0.000844569,6847.136293,7969.457606,6822.426041,5861.638679
2014/9/10,0.000162529,6841.355853,7962.729688,6816.666462,5856.690209
2014/9/11,-0.004474051,6842.467861,7964.023967,6817.774457,5857.642167
2014/9/12,0.00107889,6811.922695,7928.472111,6787.339524,5831.493319
2014/9/15,-0.00040408,6819.275976,7937.030675,6794.666268,5837.788253
2014/9/16,-0.001760754,6816.521,7933.824128,6791.921234,5835.429797
2014/9/17,-0.001670948,6804.529342,7919.866906,6779.972853,5825.16408
2014/9/18,0.005645524,6793.168825,7906.644274,6768.653333,5815.438664
2014/9/19,0.002728231,6831.628285,7951.407664,6806.973999,5848.362714
2014/9/22,-0.00944646,6850.291992,7973.13056,6825.570352,5864.340183
2014/9/23,-0.014506143,6785.885671,7898.16733,6761.396463,5809.203763
2014/9/24,0.004511921,6688.159172,7784.422378,6664.022644,5725.542886
2014/9/25,-0.009974622,6718.403795,7819.624429,6694.158119,5751.434448
2014/9/26,0.001456833,6651.723367,7742.014342,6627.71833,5694.351229
2014/9/29,-0.000419675,6661.420881,7753.301386,6637.380847,5702.652995
2014/9/30,-0.003599284,6658.625833,7750.048198,6634.595886,5700.260234
2014/10/1,-0.009893679,6634.702626,7722.203714,6610.759015,5679.780257
2014/10/2,-0.017092198,6569.384659,7646.179409,6545.67677,5623.863403
2014/10/3,0.012566547,6458.053589,7516.599947,6434.747476,5528.55604
2014/10/6,0.00546002,6539.721085,7611.653648,6516.120247,5598.46926
2014/10/7,-0.010424905,6575.52575,7653.327093,6551.795698,5629.120616
2014/10/8,-0.002055816,6507.332589,7573.95632,6483.848636,5570.742391
2014/10/9,-0.007803919,6493.968453,7558.401654,6470.532729,5559.301733
2014/10/10,-0.014388174,6443.487281,7499.64606,6420.233736,5516.086238
2014/10/13,0.004134992,6351.441041,7392.512424,6328.519676,5437.288069
2014/10/14,0.004144557,6377.758572,7423.143689,6354.742231,5459.817759
2014/10/15,-0.028728635,6404.24641,7453.973177,6381.134479,5482.493244
2014/10/16,-0.002535554,6222.878851,7242.87747,6200.421447,5327.229634
2014/10/17,0.018292237,6207.12039,7224.536023,6184.719856,5313.739264
2014/10/20,-0.006872693,6321.70734,7357.905041,6298.89328,5411.833893
2014/10/21,0.016656239,6278.409141,7307.509789,6255.751338,5374.767536
2014/10/22,0.004290622,6383.859591,7430.244732,6360.821233,5465.040667
2014/10/23,0.003029908,6411.309166,7462.193596,6388.171747,5488.539468
2014/10/24,-0.00475021,6430.764303,7484.837645,6407.556673,5505.194458
2014/10/27,-0.003963246,6400.289263,7449.36741,6377.191613,5479.105643
2014/10/28,0.006064741,6374.973542,7419.902162,6351.967252,5457.433574
2014/10/29,0.008042955,6413.753581,7465.038678,6390.60734,5490.632062
2014/10/30,0.001498752,6465.547123,7525.321753,6442.213967,5534.971041
2014/10/31,0.012747271,6475.244637,7536.608797,6451.876484,5543.272807
2014/11/3,-0.00897628,6558.314666,7633.294922,6534.646726,5614.386696
2014/11/4,-0.005254248,6499.70882,7565.082931,6476.252381,5564.215899
2014/11/5,0.013110213,6465.647303,7525.438355,6442.313786,5535.056803
2014/11/6,0.001834948,6550.971403,7624.748018,6527.329965,5608.100338
2014/11/7,0.002453046,6563.003133,7638.751881,6539.318274,5618.40036
2014/11/10,0.00667909,6579.122245,7657.513094,6555.379215,5632.199474
2014/11/11,0.002439827,6623.211873,7708.8295,6599.30973,5669.943351
2014/11/12,-0.002471592,6639.391094,7727.660673,6615.430563,5683.793921
2014/11/13,0.003685509,6623.001494,7708.584636,6599.10011,5669.76325
2014/11/14,0.002847294,6647.455659,7737.04711,6623.466024,5690.697766
2014/11/17,0.002641387,6666.409891,7759.10815,6642.351853,5706.923945
2014/11/18,0.005554117,6684.041735,7779.630048,6659.920067,5722.018066
2014/11/19,-0.00186935,6721.26897,7822.959238,6697.012954,5753.887243
2014/11/20,-0.002646632,6708.716299,7808.349045,6684.505584,5743.141258
2014/11/21,0.010701788,6690.984274,7787.710546,6666.837551,5727.961376
2014/11/24,-0.003111152,6762.974292,7871.500523,6738.567768,5789.589983
2014/11/25,0.00020058,6741.96635,7847.049148,6717.635641,5771.605682
2014/11/26,-0.000292712,6743.318793,7848.623271,6718.983203,5772.763469
2014/11/27,-0.000854854,6741.345229,7846.326217,6717.01676,5771.073957
2014/11/28,-0.000118994,6735.584825,7839.62162,6711.277145,5766.142639
2014/12/1,-0.009903669,6734.783378,7838.688806,6710.47859,5765.456543
2014/12/2,0.012797158,6668.41351,7761.440184,6644.348241,5708.639186
2014/12/3,-0.003784908,6754.298623,7861.402816,6729.923408,5782.16299
2014/12/4,-0.005562869,6728.78254,7831.704365,6704.499408,5760.319396
2014/12/5,0.009457529,6691.455124,7788.258574,6667.306702,5728.364457
2014/12/8,-0.010539054,6755.039962,7862.265669,6730.662072,5782.797629
2014/12/9,-0.021616371,6684.222061,7779.839931,6660.099742,5722.172437
2014/12/10,-0.004517445,6541.283907,7613.472634,6517.677429,5599.807148
2014/12/11,-0.00591589,6511.800659,7579.156756,6488.300581,5574.567378
2014/12/12,-0.025242813,6473.39129,7534.451666,6450.029826,5541.686209
2014/12/15,-0.018891324,6312.029862,7346.641317,6289.250727,5403.549279
2014/12/16,0.02383099,6193.906525,7209.15626,6171.553678,5302.427249
2014/12/17,0.000734115,6343.286313,7383.021046,6320.394378,5430.307038
2014/12/18,0.02023427,6347.944726,7388.443025,6325.03598,5434.294973
2014/12/19,0.012184972,6477.69907,7539.465539,6454.32206,5545.373977
2014/12/22,0.00479653,6557.112494,7631.895702,6533.448894,5613.357552
2014/12/23,0.003254672,6588.639434,7668.590255,6564.862057,5640.346868
2014/12/24,0.00177921,6610.118226,7693.589658,6586.263335,5658.734251
2014/12/29,0.003561012,6621.889485,7707.290357,6597.992114,5668.811292
2014/12/30,-0.013127146,6645.512149,7734.785037,6621.529528,5689.033982
2014/12/31,0.002911597,6558.845625,7633.912911,6535.175769,5614.841235
2015/1/2,-0.002789411,6577.970165,7656.172175,6554.231292,5631.21321
2015/1/5,-0.020153463,6559.647072,7634.845725,6535.974324,5615.527332
2015/1/6,-0.007924213,6428.770702,7482.517272,6405.570267,5503.487793
2015/1/7,0.008340199,6378.02906,7423.458513,6355.011744,5460.049316
2015/1/8,0.023116107,6431.445533,7485.630537,6408.235445,5505.77764
2015/1/9,-0.010530198,6581.847167,7660.68466,6558.094302,5634.532201
2015/1/12,4.31E-05,6512.902649,7580.439374,6489.398595,5575.51076
2015/1/13,0.006252886,6513.183156,7580.765859,6489.678089,5575.750894
2015/1/14,-0.023780263,6554.03694,7628.31603,6530.384438,5610.724657
2015/1/15,0.017121229,6400.018775,7449.052585,6376.922101,5478.874086
2015/1/16,0.007891803,6510.538379,7577.687574,6487.042857,5573.486776
2015/1/19,0.005368548,6562.121541,7637.725787,6538.439863,5617.645654
2015/1/20,0.005235658,6597.445338,7678.839544,6573.636182,5647.885352
2015/1/21,0.016173392,6632.077886,7719.148749,6608.143747,5677.533292
2015/1/22,0.010143033,6740.213184,7845.008618,6715.888801,5770.104846
2015/1/23,0.005312035,6808.927285,7924.98572,6784.354924,5828.929034
2015/1/26,0.00286002,6845.192783,7967.195533,6820.489545,5859.974895
2015/1/27,-0.005970447,6864.798191,7990.014485,6840.024201,5876.758528
2015/1/28,0.002101551,6823.934389,7942.452654,6799.307869,5841.776189
2015/1/29,-0.002249839,6838.290317,7959.161677,6813.611989,5854.06589
2015/1/30,-0.00902661,6822.922562,7941.274977,6798.299694,5840.909992
2015/2/2,0.004899525,6761.611831,7869.91474,6737.210224,5788.423619
2015/2/3,0.013072943,6794.82181,7908.568202,6770.300353,5816.853738
2015/2/4,-0.001715723,6884.233292,8012.635213,6859.389163,5893.396365
2015/2/5,0.000861143,6872.431978,7998.899534,6847.630438,5883.293596
2015/2/6,-0.001820784,6878.352671,8005.790694,6853.529765,5888.362133
2015/2/9,-0.002379738,6865.840073,7991.227142,6841.062322,5877.650453
2015/2/10,-0.001175156,6849.520599,7972.232726,6824.801743,5863.679815
2015/2/11,-0.001604715,6841.47607,7962.86961,6816.786245,5856.793123
2015/2/12,0.001456808,6830.506258,7950.101725,6805.856022,5847.402179
2015/2/13,0.006628433,6840.464243,7961.691933,6815.77807,5855.926926
2015/2/16,-0.002399028,6885.956404,8014.640763,6861.106057,5894.871472
2015/2/17,0.00597304,6869.456605,7995.436464,6844.665802,5880.746463
2015/2/18,-7.25E-06,6910.610931,8043.33644,6885.67161,5915.977512
2015/2/19,-0.001331691,6910.560841,8043.278139,6885.6217,5915.934631
2015/2/20,0.003810467,6901.364231,8032.574103,6876.45828,5908.061675
2015/2/23,-0.000439708,6927.711817,8063.240349,6902.71078,5930.617093
2015/2/24,0.005406241,6924.666316,8059.695657,6899.676271,5928.009927
2015/2/25,-0.002052574,6962.204112,8103.386312,6937.078598,5960.144966
2015/2/26,0.002066963,6947.928329,8086.770571,6922.854334,5947.923875
2015/2/27,-0.000441841,6962.304292,8103.502914,6937.178417,5960.230728
2015/3/2,-0.000866979,6959.228738,8099.923242,6934.113962,5957.597833
2015/3/3,-0.007449182,6953.197846,8092.90382,6928.104834,5952.434958
2015/3/4,0.00436113,6901.594648,8032.842287,6876.687864,5908.258928
2015/3/5,0.006037317,6931.759126,8067.951057,6906.743484,5934.08188
2015/3/6,-0.007113158,6973.734937,8116.807167,6948.56781,5970.016178
2015/3/9,-0.005124657,6924.305665,8059.275891,6899.316921,5927.701184
2015/3/10,-0.025574122,6888.911742,8018.080513,6864.050729,5897.401452
2015/3/11,0.002781514,6714.967589,7815.624991,6690.734314,5748.49281
2015/3/12,0.00586833,6733.671369,7837.394527,6709.370595,5764.504584
2015/3/13,-0.003035187,6773.302946,7883.522158,6748.859147,5798.43205
2015/3/16,0.009376458,6752.775873,7859.630471,6728.406153,5780.859406
2015/3/17,0.004915823,6816.390765,7933.672546,6791.791469,5835.318306
2015/3/18,0.015612518,6849.981431,7972.769094,6825.260912,5864.074321
2015/3/19,0.002461979,6957.766096,8098.220857,6932.656599,5956.345708
2015/3/20,0.008607952,6974.917072,8118.183067,6949.745679,5971.02817
2015/3/23,0.002156445,7035.215975,8188.365627,7009.826973,6022.648346
2015/3/24,-0.002559517,7050.403404,8206.042443,7024.959593,6035.649873
2015/3/25,-0.004098317,7032.380854,8185.065799,7007.002084,6020.22128
2015/3/26,-0.013774945,7003.618909,8151.589452,6978.343936,5995.598997
2015/3/27,-0.00586314,6907.805865,8040.071592,6882.876667,5913.576175
2015/3/30,0.00529738,6867.422932,7993.069449,6842.639469,5879.005493
2015/3/31,-0.017328585,6903.898809,8035.524126,6878.98371,5910.231455
2015/4/1,0.00536867,6785.294604,7897.47938,6760.807529,5808.697767
2015/4/2,0.003512438,6821.820571,7939.992358,6797.20168,5839.966609
2015/4/7,0.018602618,6845.823923,7967.930124,6821.118407,5860.515196
2015/4/8,-0.003505246,6974.366077,8117.541758,6949.196673,5970.556479
2015/4/9,0.011173525,6949.962002,8089.137585,6924.880668,5949.664844
2015/4/10,0.010550869,7028.053038,8180.028605,7002.689886,6016.51636
2015/4/13,-0.003598969,7102.59767,8266.791926,7076.965498,6080.331899
2015/4/14,0.001550261,7077.081586,8237.093475,7051.541498,6058.488306
2015/4/15,0.003036968,7088.061417,8249.87302,7062.481704,6067.887826
2015/4/16,-0.005132371,7109.620353,8274.965705,7083.962837,6086.343819
2015/4/17,-0.009366077,7073.22462,8232.604309,7047.698451,6055.186467
2015/4/20,0.008186987,7007.285531,8155.857074,6981.997326,5998.737888
2015/4/21,0.001530281,7064.889567,8222.903048,7039.393478,6048.051065
2015/4/22,-0.004923661,7075.709108,8235.496031,7050.173972,6057.313366
2015/4/23,0.00361173,7040.956342,8195.046904,7015.546624,6027.562512
2015/4/24,0.002411436,7066.432353,8224.698714,7040.930696,6049.3718
2015/4/27,0.004695705,7083.493166,8244.555983,7057.929939,6063.977077
2015/4/28,-0.010393096,7116.83338,8283.361027,7091.149834,6092.518686
2015/4/29,-0.01205583,7043.250486,8197.717082,7017.832488,6029.526462
2015/4/30,0.002063723,6958.84805,8099.480155,6933.734648,5957.271938
2015/5/1,0.003631002,6973.224014,8116.212498,6948.058731,5969.578791
2015/5/5,-0.008390443,6998.589826,8145.736047,6973.333002,5991.293742
2015/5/6,0.000888804,6940.114216,8077.675638,6915.068421,5941.234435
2015/5/7,-0.006771034,6946.285361,8084.858303,6921.217296,5946.517377
2015/5/8,0.022948135,6899.410703,8030.30037,6874.511801,5906.389315
2015/5/11,-0.002411083,7059.569959,8216.711498,7034.093068,6043.4971
2015/5/12,-0.013757365,7042.569255,8196.924191,7017.153716,6028.943281
2015/5/13,0.002280417,6946.34547,8084.928264,6921.277188,5946.568834
2015/5/14,0.003362864,6962.204112,8103.386312,6937.078598,5960.144966
2015/5/15,-0.00180141,6985.656468,8130.682769,6960.446318,5980.221862
2015/5/18,0.001203214,6973.083761,8116.049256,6947.918984,5969.458725
2015/5/19,0.003756816,6981.478923,8125.820478,6956.28385,5976.645584
2015/5/20,0.001736851,7007.756381,8156.405102,6982.466477,5999.140969
2015/5/21,0.000885831,7019.938383,8170.583868,6994.604515,6009.569634
2015/5/22,0.002598756,7026.159619,8177.824833,7000.8033,6014.895457
2015/5/26,-0.011835016,7044.442639,8199.104643,7019.020339,6030.547031
2015/5/27,0.012063953,6961.562954,8102.640061,6936.439754,5959.596089
2015/5/28,0.001078566,7046.055552,8200.98193,7020.627431,6031.9278
2015/5/29,-0.008055458,7053.659284,8209.831999,7028.203723,6038.437139
2015/6/1,-0.004426751,6997.067076,8143.963702,6971.815747,5989.990159
2015/6/2,-0.003646492,6966.161258,8107.992079,6941.021464,5963.532567
2015/6/3,0.003197702,6940.805464,8078.48019,6915.757175,5941.826193
2015/6/4,-0.013211196,6963.035613,8104.354106,6937.907099,5960.856791
2015/6/5,-0.007997794,6871.650567,7997.990041,6846.851847,5882.624652
2015/6/8,-0.002142021,6816.911706,7934.278875,6792.31053,5835.764269
2015/6/9,-0.005351523,6802.325362,7917.301668,6777.776826,5823.277315
2015/6/10,0.011258895,6766.019792,7875.045214,6741.602277,5792.197149
2015/6/11,0.002408422,6842.628151,7964.21053,6817.934169,5857.779387
2015/6/12,-0.009070124,6859.12795,7983.414829,6834.374423,5871.904396
2015/6/15,-0.011026058,6797.196098,7911.331662,6772.666073,5818.886298
2015/6/16,-6.26E-05,6722.661485,7824.580001,6698.400443,5755.079335
2015/6/17,-0.004413535,6722.240725,7824.090274,6697.981202,5754.719134
2015/6/18,0.004082635,6692.637259,7789.634474,6668.484571,5729.376449
2015/6/19,0.000383058,6720.016708,7821.501717,6695.765211,5752.815217
2015/6/22,0.017024492,6722.591358,7824.49838,6698.33057,5755.019302
2015/6/23,0.001346945,6838.019828,7958.846852,6813.342476,5853.834332
2015/6/24,0.00145179,6847.236474,7969.574208,6822.525861,5861.724441
2015/6/25,-0.005417288,6857.18444,7981.152756,6832.437927,5870.240612
2015/6/26,-0.007981449,6820.137532,7938.03345,6795.524714,5838.525807
2015/6/29,-0.019922628,6765.919611,7874.928613,6741.502458,5792.111387
2015/6/30,-0.015143203,6632.458574,7719.591836,6608.52306,5677.859188
2015/7/1,0.013345647,6532.778546,7603.57315,6509.202763,5592.525951
2015/7/2,0.003305374,6620.547061,7705.727895,6596.654534,5667.66208
2015/7/3,-0.006762912,6642.466649,7731.240345,6618.495018,5686.426816
2015/7/6,-0.007636382,6597.69579,7679.131048,6573.88573,5648.099757
2015/7/7,-0.015958216,6547.505143,7620.713599,6523.876214,5605.132972
2015/7/8,0.009052203,6443.847933,7500.065826,6420.593086,5516.394981
2015/7/9,0.013912052,6502.44376,7568.266157,6478.97745,5566.557203
2015/7/10,0.013844043,6593.538281,7674.292078,6569.743226,5644.540632
2015/7/13,0.009629246,6685.454287,7781.274132,6661.32752,5723.227311
2015/7/14,0.002342182,6750.141114,7856.563846,6725.780903,5778.603865
2015/7/15,0,6765.969702,7874.986914,6741.552368,5792.154268
2015/7/16,0.006302511,6765.969702,7874.986914,6741.552368,5792.154268
2015/7/17,-0.003149242,6808.74696,7924.775837,6784.175249,5828.774662
2015/7/20,0.002006817,6787.338295,7899.858055,6762.843845,5810.447313
2015/7/21,-0.002894285,6800.972919,7915.727546,6776.429264,5822.119527
2015/7/22,-0.015142727,6781.317421,7892.850293,6756.844699,5805.293014
2015/7/23,-0.001851025,6679.403358,7774.23139,6655.298429,5718.047283
2015/7/24,-0.011364085,6667.051049,7759.854401,6642.990697,5707.472823
2015/7/27,-0.011414773,6591.714988,7672.169927,6567.926513,5642.979763
2015/7/28,0.007679735,6516.899868,7585.091782,6493.381389,5578.932666
2015/7/29,0.011484791,6567.140606,7643.567531,6543.440815,5621.942333
2015/7/30,0.005694808,6642.997608,7731.858334,6619.024061,5686.881355
2015/7/31,0.004101718,6680.936127,7776.015396,6656.825666,5719.359442
2015/8/3,-0.001144573,6708.39572,7807.97592,6684.186162,5742.866819
2015/8/4,-0.000306538,6700.721861,7799.04423,6676.539996,5736.297447
2015/8/5,0.009798441,6698.668152,7796.653896,6674.493698,5734.539325
2015/8/6,-0.000788177,6764.627277,7873.424451,6740.214788,5791.005057
2015/8/7,-0.004247874,6759.297652,7867.221241,6734.904396,5786.442516
2015/8/10,0.00263551,6730.645905,7833.873156,6706.356049,5761.91457
2015/8/11,-0.010698003,6748.407984,7854.546637,6724.054028,5777.120181
2015/8/12,-0.014105992,6676.598292,7770.966542,6652.503486,5715.645946
2015/8/13,-0.000435328,6583.079392,7662.118861,6559.322081,5635.587075
2015/8/14,-0.002681594,6580.214217,7658.784052,6556.467246,5633.13428
2015/8/17,-6.72E-05,6562.592391,7638.273814,6538.909015,5618.048736
2015/8/18,-0.003672215,6562.151595,7637.760767,6538.469809,5617.671383
2015/8/19,-0.019001727,6538.098154,7609.7647,6514.503173,5597.079915
2015/8/20,-0.005568733,6415.035897,7466.531179,6391.885028,5491.729816
2015/8/21,-0.028712804,6379.411557,7425.067617,6356.389251,5461.232832
2015/8/24,-0.047794563,6198.845445,7214.904723,6176.474774,5306.655318
2015/8/25,0.030464259,5909.542949,6878.182351,5888.216327,5058.991678
2015/8/26,-0.016938287,6092.343096,7090.945462,6070.356776,5215.481686
2015/8/27,0.034976201,5990.018292,6971.848492,5968.401246,5127.884331
2015/8/28,0.008988828,6203.23337,7220.011878,6180.846864,5310.411696
2015/9/1,-0.030782962,6259.244529,7285.203885,6236.655888,5358.361257
2015/9/2,0.004080109,6069.501844,7064.360276,6047.597954,5195.927939
2015/9/3,0.01804827,6094.316661,7093.242516,6072.323218,5217.171198
2015/9/4,-0.024709887,6205.307115,7222.425533,6182.913125,5312.18697
2015/9/7,0.005215635,6053.853582,7046.147092,6032.006165,5182.531907
2015/9/8,0.011714761,6085.510757,7082.993227,6063.549093,5209.632714
2015/9/9,0.013399677,6157.220268,7166.45672,6134.999816,5271.021188
2015/9/10,-0.01182106,6240.280279,7263.131184,6217.760076,5342.126501
2015/9/11,-0.006200335,6166.947836,7177.778744,6144.692279,5279.348683
2015/9/14,-0.005436671,6128.828992,7133.411799,6106.711,5246.716224
2015/9/15,0.008674441,6095.598976,7094.735018,6073.600906,5218.268952
2015/9/16,0.014815733,6148.704889,7156.545576,6126.515167,5263.731414
2015/9/17,-0.006800819,6240.48064,7263.364388,6217.959715,5342.298025
2015/9/18,-0.013486385,6198.184251,7214.135152,6175.815966,5306.089289
2015/9/21,0.000753307,6115.154294,7117.495668,6093.085652,5235.009704
2015/9/22,-0.02870707,6119.762617,7122.859346,6097.677344,5238.954758
2015/9/23,0.016109866,5946.57984,6921.289998,5925.119557,5090.697907
2015/9/24,-0.011797968,6043.154259,7033.694031,6021.345453,5173.372521
2015/9/25,0.024444281,5972.276249,6951.198332,5950.723231,5112.695872
2015/9/28,-0.024885543,6120.06316,7123.209151,6097.976802,5239.212044
2015/9/29,-0.00836196,5969.641491,6948.131708,5948.097981,5110.44033
2015/9/30,0.025458214,5919.931712,6890.273947,5898.567598,5067.885203
2015/10/1,0.00179,6072.577398,7067.939948,6050.662409,5198.560834
2015/10/2,0.009426046,6083.457048,7080.602892,6061.502796,5207.874592
2015/10/5,0.027186703,6141.071102,7147.660526,6118.90893,5257.196346
2015/10/6,0.004315227,6310.316768,7344.647428,6287.543815,5402.082748
2015/10/7,0.001609476,6337.606054,7376.40973,6314.734618,5425.44433
2015/10/8,0.006052962,6347.814491,7388.291443,6324.906214,5434.183483
2015/10/9,0.006463953,6386.354096,7433.148114,6363.306735,5467.176142
2015/10/12,-0.007035112,6427.768893,7481.351255,6404.572073,5502.630173
2015/10/13,-0.004546371,6382.70751,7428.903813,6359.67331,5464.054404
2015/10/14,-0.011524173,6353.75522,7395.205923,6330.825504,5439.269172
2015/10/15,0.010954816,6280.953737,7310.471472,6258.28675,5376.945892
2015/10/16,0.006191873,6350.138689,7390.996602,6327.222024,5436.173162
2015/10/19,-0.004039165,6389.579922,7436.902689,6366.52092,5469.93768
2015/10/20,-0.001134085,6363.823404,7406.924393,6340.857354,5447.888258
2015/10/21,0.000518374,6356.610377,7398.529071,6333.670357,5441.71339
2015/10/22,0.004378892,6359.90633,7402.365267,6336.954415,5444.534962
2015/10/23,0.010577025,6387.816737,7434.850499,6364.764099,5468.428268
2015/10/26,-0.004208044,6455.739409,7513.906448,6432.441648,5526.574936
2015/10/27,-0.008097185,6428.630449,7482.354029,6405.43052,5503.367726
2015/10/28,0.011330216,6376.786817,7422.012652,6353.773983,5458.985867
2015/10/29,-0.006545342,6449.448047,7506.583861,6426.17299,5521.18908
2015/10/30,-0.005441779,6407.372055,7457.61115,6384.248844,5485.16902
2015/11/2,0.00011161,6372.599254,7417.138702,6349.601533,5455.401013
2015/11/3,0.003422412,6373.310538,7417.966574,6350.31025,5456.009924
2015/11/4,0.0045747,6395.16,7443.397403,6372.08086,5474.714626
2015/11/5,-0.007509947,6424.482958,7477.526719,6401.297997,5499.817177
2015/11/6,-0.00174074,6376.416147,7421.581226,6353.404652,5458.668547
2015/11/9,-0.009276697,6365.326118,7408.673419,6342.354645,5449.174689
2015/11/10,-0.003162979,6306.549965,7340.263205,6283.790606,5398.858095
2015/11/11,0.003486985,6286.633996,7317.082788,6263.94651,5381.8086
2015/11/12,-0.019000434,6308.593656,7342.641879,6285.826921,5400.607641
2015/11/13,-0.009823645,6189.859215,7204.445552,6167.520975,5298.962463
2015/11/16,0.004582279,6129.349933,7134.018128,6107.23006,5247.162186
2015/11/17,0.019715277,6157.500774,7166.783204,6135.27931,5271.261321
2015/11/18,0.001627386,6280.102199,7309.480358,6257.438285,5376.216915
2015/11/19,0.008083223,6290.330672,7321.38539,6267.629846,5384.97322
2015/11/20,0.000742229,6341.382875,7380.805614,6318.497809,5428.677559
2015/11/23,-0.004610724,6346.091379,7386.285893,6323.189321,5432.708375
2015/11/24,-0.004491882,6316.898655,7352.30816,6294.101949,5407.717315
2015/11/25,0.009577659,6288.587524,7319.356521,6265.892988,5383.48096
2015/11/26,0.008717517,6349.106825,7389.795604,6326.193885,5435.289813
2015/11/27,-0.002816356,6404.697224,7454.497884,6381.583667,5482.879173
2015/11/30,-0.002994212,6386.684693,7433.5329,6363.636139,5467.459157
2015/12/1,0.006204663,6367.590207,7411.308617,6344.610563,5451.112911
2015/12/2,0.003944895,6407.221784,7457.436247,6384.099115,5485.040377
2015/12/3,-0.022989482,6432.547524,7486.913155,6409.333458,5506.721022
2015/12/4,-0.005867379,6286.353489,7316.756303,6263.667016,5381.568467
2015/12/7,-0.002370443,6249.577069,7273.951821,6227.023316,5350.085219
2015/12/8,-0.014289726,6234.780345,7256.729751,6212.279991,5337.418165
2015/12/9,-0.001392933,6146.320582,7153.770455,6124.139466,5261.690277
2015/12/10,-0.006325171,6137.765131,7143.812671,6115.61489,5254.366198
2015/12/11,-0.022469496,6099.065237,7098.769436,6077.054657,5221.236319
2015/12/14,-0.01331229,5963.55049,6941.042325,5942.028962,5105.225998
2015/12/15,0.024174035,5884.68806,6849.253471,5863.451135,5037.714114
2015/12/16,0.007186068,6028.678114,7016.845086,6006.921551,5160.979905
2015/12/17,0.006798928,6072.156638,7067.450221,6050.243168,5198.200633
2015/12/18,-0.008246886,6113.581454,7115.665022,6091.518488,5233.66324
2015/12/21,-0.00290885,6063.370771,7057.224253,6041.489007,5190.679302
2015/12/22,0.007965092,6045.758963,7036.725675,6023.940757,5175.602334
2015/12/23,0.025622787,6094.106281,7092.997652,6072.113597,5216.991098
2015/12/24,0.002186367,6252.271936,7277.088407,6229.708458,5352.392218
2015/12/29,0.009536073,6265.956652,7293.016198,6243.343787,5364.107314
2015/12/30,-0.006437583,6325.995084,7362.895594,6303.16555,5415.504509
2015/12/31,-0.005070171,6285.40177,7315.648587,6262.718731,5380.753727
2016/1/4,-0.024140767,6253.614361,7278.65087,6231.046038,5353.54143
2016/1/5,0.007163988,6104.454971,7105.042607,6082.424941,5225.850317
2016/1/6,-0.010459843,6148.344237,7156.125809,6126.155818,5263.42267
2016/1/7,-0.019838588,6084.368694,7081.663968,6062.411152,5208.655027
2016/1/8,-0.007018093,5964.852842,6942.558147,5943.326614,5106.340905
2016/1/11,-0.006892266,5923.137502,6894.005201,5901.761818,5070.629588
2016/1/12,0.009729703,5882.454025,6846.653253,5861.225162,5035.801621
2016/1/13,0.005337177,5939.967898,6913.594286,5918.531477,5085.037612
2016/1/14,-0.007195802,5971.755308,6950.592003,5950.204171,5112.24991
2016/1/15,-0.019472853,5928.937978,6900.756439,5907.541361,5075.595211
2016/1/18,-0.004174723,5814.60148,6767.678926,5793.617486,4977.714986
2016/1/19,0.016622554,5790.377731,6739.484636,5769.481157,4956.977723
2016/1/20,-0.035192084,5887.433018,6852.448357,5866.186186,5040.063994
2016/1/21,0.017508399,5683.845327,6615.490395,5663.333212,4865.778362
2016/1/22,0.021625335,5784.23664,6732.336952,5763.362228,4951.72051
2016/1/25,-0.003907618,5910.685012,6879.511611,5889.354268,5059.969366
2016/1/26,0.005846412,5887.63338,6852.681561,5866.385825,5040.235519
2016/1/27,0.01326034,5922.155729,6892.862505,5900.783588,5069.78912
2016/1/28,-0.009828843,6001.208502,6984.872901,5979.551073,5137.463952
2016/1/29,0.02530352,5942.512494,6916.555969,5921.066889,5087.215968
2016/2/1,-0.003901555,6094.797529,7093.802204,6072.802351,5217.582856
2016/2/2,-0.023050383,6071.064666,7066.179263,6049.155137,5197.265827
2016/2/3,-0.014434967,5932.724817,6905.163983,5911.314534,5078.837016
2016/2/4,0.010501208,5847.70126,6806.204126,5826.597814,5006.050766
2016/2/5,-0.008632177,5909.43275,6878.054089,5888.106525,5058.89734
2016/2/8,-0.027512219,5858.641018,6818.937031,5837.498092,5015.415982
2016/2/9,-0.01009941,5699.653879,6633.890142,5679.084713,4879.311613
2016/2/10,0.007096325,5642.38044,6567.228954,5622.017965,4830.281451
2016/2/11,-0.024147259,5682.563012,6613.997893,5662.055524,4864.680608
2016/2/12,0.0303512,5546.988156,6456.20082,5526.969937,4748.618829
2016/2/15,0.020236767,5717.926881,6655.158291,5697.29177,4894.95461
2016/2/16,0.006484456,5834.817992,6791.209148,5813.76104,4995.021767
2016/2/17,0.028280235,5872.776547,6835.38953,5851.582609,5027.517007
2016/2/18,-0.00972657,6041.230785,7031.455278,6019.428921,5171.725889
2016/2/19,-0.003643633,5982.755175,6963.394869,5961.16434,5121.666582
2016/2/22,0.014598239,5960.995876,6938.068981,5939.483568,5103.039066
2016/2/23,-0.012570124,6048.654192,7040.095464,6026.825538,5178.080857
2016/2/24,-0.01608388,5973.097733,6952.154466,5951.541751,5113.399121
2016/2/25,0.024518084,5877.795612,6841.231274,5856.58356,5031.813685
2016/2/26,0.013742265,6023.689103,7011.038322,6001.950545,5156.708955
2016/2/29,0.000177149,6107.039639,7108.050931,6085.000281,5228.062978
2016/3/1,0.009108657,6108.121593,7109.310229,6086.078331,5228.989208
2016/3/2,-0.000946346,6164.012535,7174.362314,6141.767571,5276.835855
2016/3/3,-0.002704131,6158.182005,7167.576096,6135.958082,5271.844503
2016/3/4,0.011187564,6141.55197,7148.220215,6119.388063,5257.608004
2016/3/7,-0.002750807,6210.646759,7228.640403,6188.233499,5316.758088
2016/3/8,-0.009255955,6193.585946,7208.783135,6171.234256,5302.152811
2016/3/9,0.003402938,6136.522887,7142.36681,6114.377129,5253.302749
2016/3/10,-0.017996024,6157.440666,7166.713243,6135.219419,5271.209864
2016/3/11,0.016933035,6047.622328,7038.894466,6025.797398,5177.197508
2016/3/14,0.005648705,6150.898851,7159.099153,6128.701212,5265.609603
2016/3/15,-0.005619388,6185.741779,7199.653222,6163.418398,5295.437643
2016/3/16,0.005768375,6151.079177,7159.309036,6128.880887,5265.763974
2016/3/17,0.004141689,6186.663444,7200.725957,6164.336736,5296.226653
2016/3/18,-0.001852994,6212.339817,7230.610972,6189.920447,5318.207466
2016/3/21,-0.000817829,6200.839046,7217.225097,6178.46118,5308.361983
2016/3/22,0.001318541,6195.76989,7211.325051,6173.410319,5304.022424
2016/3/23,0.001028095,6203.944655,7220.83975,6181.555582,5311.020607
2016/3/24,-0.015055231,6210.32618,7228.267278,6187.914077,5316.483649
2016/3/29,-9.50E-05,6117.528583,7120.259128,6095.451372,5237.042265
2016/3/30,0.015804935,6116.947533,7119.582839,6094.872419,5236.544845
2016/3/31,-0.004567764,6214.393526,7233.001306,6191.966745,5319.965588
2016/4/1,-0.004683089,6186.072376,7200.038007,6163.747802,5295.720657
2016/4/4,0.003033119,6157.170177,7166.398419,6134.949906,5270.978307
2016/4/5,-0.011992686,6175.873957,7188.167955,6153.586187,5286.990081
2016/4/6,0.011491321,6102.25099,7102.47737,6080.228914,5223.963552
2016/4/7,-0.004023254,6172.778367,7184.564963,6150.501768,5284.340034
2016/4/8,0.01094223,6147.993604,7155.717704,6125.80645,5263.122503
2016/4/11,-0.000691683,6215.635769,7234.447167,6193.204505,5321.029038
2016/4/12,0.006794475,6211.338007,7229.444955,6188.922253,5317.349846
2016/4/13,0.019119555,6253.684487,7278.732491,6231.115911,5353.601463
2016/4/14,0.000347266,6374.402511,7419.237532,6351.398282,5456.94473
2016/4/15,-0.003359867,6376.616509,7421.81443,6353.60429,5458.840071
2016/4/18,0.001538914,6355.22788,7396.919968,6332.29285,5440.529874
2016/4/19,0.008124589,6365.015557,7408.311953,6342.045204,5448.908826
2016/4/20,0.000766253,6416.939334,7468.746611,6393.781597,5493.359295
2016/4/21,-0.004506055,6421.858218,7474.471755,6398.682729,5497.570212
2016/4/22,-0.011188373,6392.986073,7440.867146,6369.914779,5472.85359
2016/4/25,-0.007878266,6321.857612,7358.079944,6299.043009,5411.962536
2016/4/26,0.003762328,6272.248014,7300.338785,6249.612445,5369.49317
2016/4/27,0.005615501,6295.890714,7327.856785,6273.169822,5389.733014
2016/4/28,0.000393915,6331.344746,7369.122124,6308.495906,5420.084202
2016/4/29,-0.012815862,6333.839251,7372.025506,6310.981409,5422.219677
2016/5/3,-0.009060628,6253.183583,7278.149482,6230.616814,5353.172653
2016/5/4,-0.011965069,6196.781718,7212.502729,6174.418495,5304.88862
2016/5/5,0.000855325,6123.078606,7126.718862,6100.981366,5241.793482
2016/5/6,0.001380386,6128.318069,7132.817131,6106.201921,5246.278837
2016/5/9,-0.001779338,6136.783358,7142.669974,6114.636659,5253.52573
2016/5/10,0.006819101,6125.873654,7129.972049,6103.766327,5244.186243
2016/5/11,0.000948118,6167.789356,7178.758198,6145.530762,5280.069084
2016/5/12,-0.009505496,6173.639923,7185.567737,6151.360215,5285.077587
2016/5/13,0.005604992,6115.234439,7117.58895,6093.165508,5235.078314
2016/5/16,0.002099286,6149.606517,7157.594991,6127.413542,5264.503272
2016/5/17,0.002657648,6162.529857,7172.636609,6140.290244,5275.566576
2016/5/18,-0.000319453,6178.929476,7191.724307,6156.630679,5289.605823
2016/5/19,-0.018406055,6176.955911,7189.427253,6154.664237,5287.916311
2016/5/20,0.016867359,6064.302453,7058.308648,6042.417327,5191.476889
2016/5/23,-0.003236057,6167.458759,7178.373413,6145.201358,5279.786069
2016/5/24,0.013407789,6147.532772,7155.181336,6125.347281,5262.727998
2016/5/25,0.006984424,6230.512638,7251.762519,6208.027685,5333.764702
2016/5/26,0.000446981,6274.181506,7302.589197,6251.538959,5371.148378
2016/5/27,0.00082001,6276.986572,7305.854045,6254.333902,5373.549715
2016/5/31,-0.006399213,6282.135872,7311.847372,6259.464619,5377.957885
2016/6/1,-0.006256299,6242.063499,7265.206694,6219.536861,5343.653066
2016/6/2,-0.001021205,6203.133189,7219.895276,6180.747045,5310.325934
2016/6/3,0.003875686,6196.801754,7212.526049,6174.438459,5304.905773
2016/6/6,0.01021716,6220.865214,7240.533776,6198.415077,5325.505816
2016/6/7,0.001772586,6284.750594,7314.890676,6262.069905,5380.196274
2016/6/8,0.002699816,6295.900732,7327.868445,6273.179804,5389.74159
2016/6/9,-0.011111217,6312.921472,7347.679073,6290.139119,5404.312562
2016/6/10,-0.018810612,6243.165489,7266.489313,6220.634875,5344.596448
2016/6/13,-0.011642525,6126.825373,7131.079766,6104.714612,5245.000983
2016/6/14,-0.020293966,6055.907291,7048.537426,6034.052462,5184.290029
2016/6/15,0.007278215,5934.247567,6906.936329,5912.831789,5080.140599
2016/6/16,-0.002738882,5977.595857,6957.389882,5956.023641,5117.249837
2016/6/17,0.011796417,5961.246328,6938.360486,5939.733116,5103.253471
2016/6/20,0.029925939,6031.984085,7020.692942,6010.215591,5163.810052
2016/6/21,0.003628162,6215.225028,7233.9691,6192.795245,5320.677413
2016/6/22,0.005547856,6237.815828,7260.262782,6215.304519,5340.016755
2016/6/23,0.012208776,6272.518503,7300.653609,6249.881957,5369.724728
2016/6/24,-0.031967675,6349.567657,7390.331972,6326.653054,5435.684319
2016/6/27,-0.025822971,6149.796861,7157.816534,6127.603199,5264.66622
2016/6/28,0.026099865,5993.02372,6975.346543,5971.395828,5130.457192
2016/6/29,0.035149553,6151.499937,7159.798763,6129.300129,5266.124175
2016/6/30,0.022430298,6371.56739,7415.937704,6348.573393,5454.517664
2016/7/1,0.011236795,6516.098421,7584.158968,6492.582834,5578.24657
2016/7/4,-0.008483962,6589.731406,7669.861213,6565.950089,5641.281674
2016/7/5,0.003536988,6534.060862,7605.065652,6510.480451,5593.623705
2016/7/6,-0.012573038,6557.212675,7632.012304,6533.548713,5613.443314
2016/7/7,0.010802282,6475.284709,7536.655438,6451.916412,5543.307112
2016/7/8,0.008663288,6545.611723,7618.509827,6521.989627,5603.512069
2016/7/11,0.013895579,6602.564583,7684.79789,6578.736953,5652.267793
2016/7/12,-0.000324764,6694.951439,7792.327973,6670.790399,5731.357553
2016/7/13,-0.001541447,6692.777513,7789.797716,6668.624318,5729.496516
2016/7/14,-0.002391019,6682.468895,7777.799402,6658.352902,5720.671602
2016/7/15,0.002217101,6666.510072,7759.224752,6642.451673,5707.009708
2016/7/18,0.0039178,6681.306796,7776.446822,6657.194997,5719.676762
2016/7/19,0.000291201,6707.534164,7806.973145,6683.327715,5742.129266
2016/7/20,0.004710146,6709.487692,7809.246879,6685.274193,5743.801626
2016/7/21,-0.00433395,6741.164903,7846.116334,6716.837086,5770.919585
2016/7/22,0.004555355,6712.012252,7812.185241,6687.789642,5745.962829
2016/7/25,-0.003028139,6742.657599,7847.853699,6718.324395,5772.19744
2016/7/26,0.002069352,6722.270779,7824.125255,6698.011148,5754.744863
2016/7/27,0.003918529,6736.195929,7840.33289,6711.886044,5766.665788
2016/7/28,-0.004360326,6762.643695,7871.115737,6738.238364,5789.306968
2016/7/29,0.000501283,6733.220555,7836.86982,6708.921408,5764.118655
2016/8/1,-0.00454303,6736.596652,7840.799297,6712.285321,5767.008836
2016/8/2,-0.007279247,6706.061504,7805.259101,6681.86037,5740.868564
2016/8/3,-0.001656652,6657.423662,7748.648978,6633.398054,5699.23109
2016/8/4,0.015815429,6646.403759,7735.822792,6622.41792,5689.797265
2016/8/5,0.007878193,6752.355113,7859.140743,6727.986912,5780.499206
2016/8/8,0.002302502,6805.761568,7921.301107,6781.200631,5826.218953
2016/8/9,0.006174057,6821.449902,7939.560932,6796.832348,5839.64929
2016/8/10,0.002204449,6863.696201,7988.731866,6838.926187,5875.815145
2016/8/11,0.007008162,6878.843558,8006.362042,6854.01888,5888.782367
2016/8/12,0.000189433,6927.22093,8062.669,6902.221665,5930.196859
2016/8/15,0.00363277,6928.5333,8064.196483,6903.529299,5931.320342
2016/8/16,-0.006833366,6953.748841,8093.545129,6928.653841,5952.906649
2016/8/17,-0.005056336,6906.393314,8038.427508,6881.469213,5912.36693
2016/8/18,0.001429185,6871.560404,7997.885099,6846.76201,5882.547466
2016/8/19,-0.001458343,6881.388154,8009.323725,6856.554292,5890.960723
2016/8/22,-0.004443481,6871.360042,7997.651896,6846.562371,5882.375942
2016/8/23,0.00583631,6840.895021,7962.193321,6816.207293,5856.295703
2016/8/24,-0.004776616,6880.937339,8008.799018,6856.105105,5890.574793
2016/8/25,-0.002765759,6848.14812,7970.635283,6823.434217,5862.504875
2016/8/26,0.00309778,6829.23396,7948.620883,6804.588315,5846.313001
2016/8/30,-0.002527302,6850.422227,7973.282142,6825.700117,5864.451674
2016/8/31,-0.00577551,6833.130999,7953.156689,6808.47129,5849.649145
2016/9/1,-0.005254501,6793.779928,7907.355544,6769.262232,5815.961812
2016/9/2,0.021793207,6758.175625,7865.915302,6733.786419,5785.481981
2016/9/5,-0.00220415,6907.074545,8039.2204,6882.147985,5912.950112
2016/9/6,-0.007788171,6891.867079,8021.520263,6866.995401,5899.931433
2016/9/7,0.003003082,6838.400516,7959.289938,6813.72179,5854.160228
2016/9/8,0.001768662,6858.967661,7983.228266,6834.214712,5871.767177
2016/9/9,-0.011990771,6871.10959,7997.360392,6846.312822,5882.161537
2016/9/12,-0.011285302,6789.211678,7902.038507,6764.710467,5812.051063
2016/9/13,-0.005277373,6713.024079,7813.362918,6688.797818,5746.829026
2016/9/14,0.001151516,6677.690264,7772.237501,6653.591517,5716.580752
2016/9/15,0.00850373,6685.38416,7781.192511,6661.257647,5723.167277
2016/9/16,-0.00297904,6742.477273,7847.643816,6718.14472,5772.043068
2016/9/19,0.015272598,6722.421051,7824.300157,6698.160877,5754.873506
2016/9/20,0.002527057,6825.877899,7944.714727,6801.244366,5843.439972
2016/9/21,0.000582486,6843.149092,7964.816859,6818.453229,5858.225349
2016/9/22,0.011149403,6847.136293,7969.457606,6822.426041,5861.638679
2016/9/23,-0.000285077,6923.904941,8058.809484,6898.917643,5927.358136
2016/9/26,-0.013315105,6921.931377,8056.512431,6896.951201,5925.668623
2016/9/27,-0.001522123,6830.376023,7949.950143,6805.726257,5847.290688
2016/9/28,0.00610822,6819.98726,7937.858547,6795.374985,5838.397164
2016/9/29,0.010173814,6861.772727,7986.493114,6837.009655,5874.168514
2016/9/30,-0.002907646,6931.939452,8068.16094,6906.923159,5934.236252
2016/10/3,0.012128782,6911.813103,8044.73566,6886.869442,5917.006656
2016/10/4,0.012921065,6996.155429,8142.902626,6970.907391,5989.209724
2016/10/5,-0.00582525,7087.139752,8248.800285,7061.563365,6067.098815
2016/10/6,-0.004744469,7045.975407,8200.888649,7020.547576,6031.85919
2016/10/7,0.006327121,7012.625175,8162.071945,6987.317699,6003.309005
2016/10/10,0.007511054,7057.135563,8213.878077,7031.667456,6041.413082
2016/10/11,-0.003757668,7110.341656,8275.805237,7084.681537,6086.961306
2016/10/12,-0.006650662,7083.673492,8244.765866,7058.109614,6064.131449
2016/10/13,-0.006609198,7036.718689,8190.114652,7011.324264,6023.934777
2016/10/14,0.00511891,6990.364972,8136.163048,6965.13783,5984.252678
2016/10/17,-0.009454913,7026.239763,8177.918115,7000.883155,6014.964067
2016/10/18,0.007529641,6960.120348,8100.960997,6935.002355,5958.361116
2016/10/19,0.003117964,7012.725356,8162.188546,6987.417519,6003.394767
2016/10/20,0.000708956,7034.624907,8187.677677,7009.238038,6022.14235
2016/10/21,-0.000915474,7039.613918,8193.484441,7014.209044,6026.4133
2016/10/24,-0.004864765,7033.172284,8185.986952,7007.790657,6020.898801
2016/10/25,0.004461577,6999.04064,8146.260755,6973.782189,5991.679671
2016/10/26,-0.008521968,7030.337163,8182.687124,7004.965768,6018.471735
2016/10/27,0.004084723,6970.679418,8113.250815,6945.523319,5967.400435
2016/10/28,0.001385986,6999.210948,8146.458978,6973.951882,5991.825467
2016/10/31,-0.006027051,7008.91848,8157.757682,6983.624382,6000.135809
2016/11/1,-0.00534628,6966.802416,8108.73833,6941.660308,5964.081444
2016/11/2,-0.010422574,6929.655327,8065.502422,6904.647277,5932.280877
2016/11/3,-0.008053766,6857.805562,7981.875687,6833.056807,5870.772337
2016/11/4,-0.014424999,6802.796212,7917.849696,6778.245977,5823.680397
2016/11/7,0.016835754,6705.370256,7804.454549,6681.171616,5740.276806
2016/11/8,0.005308426,6819.215867,7936.960714,6794.606376,5837.736796
2016/11/9,0.009990654,6855.511419,7979.205508,6830.770943,5868.808386
2016/11/10,-0.012207007,6924.345737,8059.322532,6899.356849,5927.735489
2016/11/11,-0.014389841,6840.334008,7961.540351,6815.648304,5855.815436
2016/11/14,0.00337447,6742.607508,7847.795399,6718.274485,5772.154559
2016/11/15,0.00584089,6765.39867,7874.322284,6740.983397,5791.665424
2016/11/16,-0.006353372,6805.030247,7920.449914,6780.47195,5825.59289
2016/11/17,0.006643346,6761.93241,7870.287865,6737.529646,5788.698058
2016/11/18,-0.002791355,6807.003812,7922.746968,6782.438392,5827.282403
2016/11/21,0.000323158,6788.029543,7900.662607,6763.532598,5811.039071
2016/11/22,0.006142244,6790.223505,7903.216184,6765.718643,5812.91726
2016/11/23,-0.000294777,6832.059063,7951.909051,6807.403222,5848.731491
2016/11/24,0.001683898,6830.045426,7949.565357,6805.396853,5847.007673
2016/11/25,0.001689838,6841.556215,7962.962892,6816.866101,5856.861733
2016/11/28,-0.006052707,6853.127113,7976.430387,6828.395241,5866.767249
2016/11/29,-0.004048204,6811.772424,7928.297208,6787.189795,5831.364676
2016/11/30,0.001739479,6784.252722,7896.266723,6759.769407,5807.805842
2016/12/1,-0.004559458,6796.064054,7910.014063,6771.538114,5817.917187
2016/12/2,-0.003294363,6765.148218,7874.03078,6740.733849,5791.451019
2016/12/5,0.002390643,6742.898033,7848.133543,6718.563961,5772.403269
2016/12/6,0.004880738,6759.037181,7866.918076,6734.644866,5786.219534
2016/12/7,0.017891045,6792.106907,7905.408296,6767.595248,5814.529586
2016/12/8,0.004238906,6914.71835,8048.117109,6889.764205,5919.493756
2016/12/9,0.003263778,6944.091399,8082.304726,6919.031251,5944.639188
2016/12/12,-0.00921519,6966.792398,8108.72667,6941.650326,5964.072868
2016/12/13,0.011277998,6902.886982,8034.346449,6877.975534,5909.365258
2016/12/14,-0.002784933,6981.17838,8125.470673,6955.984391,5976.388298
2016/12/15,0.007143604,6961.763315,8102.873265,6936.639393,5959.767613
2016/12/16,0.001802915,7011.673456,8160.964229,6986.369415,6002.494265
2016/12/19,0.000786953,7024.326308,8175.691022,6998.976605,6013.326012
2016/12/20,0.003811934,7029.856295,8182.127436,7004.486635,6018.060077
2016/12/21,-0.000360658,7056.704785,8213.37669,7031.238233,6041.044305
2016/12/22,0.003156308,7054.160189,8210.415007,7028.70282,6038.865949
2016/12/23,0.000635444,7076.460465,8236.370544,7050.922618,6057.956581
2016/12/28,0.005349149,7080.958588,8241.60596,7055.404508,6061.807297
2016/12/29,0.001993486,7118.93718,8285.809662,7093.246041,6094.319689
2016/12/30,0.003164815,7133.142836,8302.343783,7107.400431,6106.480748
2017/1/3,0.004896412,7155.753672,8328.660785,7129.929669,6125.837242
2017/1/4,0.001649542,7190.877107,8369.541339,7164.926348,6155.905415
2017/1/5,0.000774415,7202.748548,8383.35864,7176.754947,6166.068218
2017/1/6,0.002046461,7208.328626,8389.853354,7182.314887,6170.845164
2017/1/9,0.003837262,7223.095295,8407.040444,7197.028266,6183.48649
2017/1/10,0.005195268,7250.865449,8439.362433,7224.698202,6207.259729
2017/1/11,0.002062343,7288.633661,8483.321272,7262.330114,6239.592021
2017/1/12,0.000257837,7303.680837,8500.834846,7277.322987,6252.473481
2017/1/13,0.006211837,7305.564238,8503.026958,7279.199591,6254.085807
2017/1/16,-0.001456535,7351.086454,8556.010768,7324.557524,6293.056081
2017/1/17,-0.014676315,7340.38713,8543.557707,7313.896813,6283.896695
2017/1/18,0.003764176,7233.443985,8419.085399,7207.339609,6192.345709
2017/1/19,-0.005419198,7260.723253,8450.83604,7234.52043,6215.698715
2017/1/20,-0.001388226,7221.482382,8405.163156,7195.421173,6182.105721
2017/1/23,-0.006586958,7211.464289,8393.502987,7185.439234,6173.529516
2017/1/24,-0.00011747,7164.11878,8338.397026,7138.264588,6132.998373
2017/1/25,0.001968597,7163.27726,8337.417572,7137.426105,6132.277971
2017/1/26,-0.000410445,7177.392754,8353.846751,7151.490658,6144.361844
2017/1/27,0.003206476,7174.447434,8350.418661,7148.555968,6141.84044
2017/1/30,-0.009230316,7197.489049,8377.237051,7171.514428,6161.56571
2017/1/31,-0.002719161,7131.359615,8300.268272,7105.623646,6104.954183
2017/2/1,0.00119661,7111.994641,8277.729165,7086.328557,6088.376379
2017/2/2,0.004646144,7120.51002,8287.640309,7094.813205,6095.666153
2017/2/3,0.006636891,7153.669909,8326.23547,7127.853425,6124.053391
2017/2/6,-0.002249234,7201.305942,8381.679575,7175.317547,6164.833244
2017/2/7,0.001959833,7185.126722,8362.848402,7159.196715,6150.982674
2017/2/8,0.000361738,7199.222179,8379.25426,7173.241304,6163.049394
2017/2/9,0.005642836,7201.826883,8382.285904,7175.836608,6165.279207
2017/2/10,0.00403776,7242.580486,8429.719473,7216.443138,6200.167208
2017/2/13,0.002774862,7271.883409,8463.825469,7245.640311,6225.252607
2017/2/14,-0.001424302,7292.089903,8487.34403,7265.773883,6242.550812
2017/2/15,0.004646233,7281.711158,8475.264095,7255.432593,6233.665864
2017/2/16,-0.003359324,7315.622404,8514.733768,7289.221459,6262.696317
2017/2/17,0.003023762,7291.088094,8486.178013,7264.775689,6241.693191
2017/2/20,-1.37E-05,7313.167971,8511.877027,7286.775883,6260.595146
2017/2/21,-0.003434725,7313.06779,8511.760425,7286.676064,6260.509384
2017/2/22,0.003762075,7287.992503,8482.575021,7261.691269,6239.043144
2017/2/23,-0.0042378,7315.462114,8514.547206,7289.061747,6262.559097
2017/2/24,-0.003812594,7284.526242,8478.540602,7258.237518,6236.075777
2017/2/27,0.001283051,7256.806179,8446.276914,7230.617492,6212.345419
2017/2/28,0.001438369,7266.123005,8457.120871,7239.900696,6220.321289
2017/3/1,0.01631297,7276.581895,8469.294088,7250.32184,6229.274847
2017/3/2,-7.45E-05,7396.258036,8608.586472,7369.566089,6331.726188
2017/3/3,-0.001096458,7395.707041,8607.945163,7369.017083,6331.254497
2017/3/6,-0.003278919,7387.602403,8598.512086,7360.941694,6324.316348
2017/3/7,-0.001515409,7363.418726,8570.364437,7336.845292,6303.613389
2017/3/8,-0.000596991,7352.268589,8557.386668,7325.735393,6294.068074
2017/3/9,-0.002682674,7347.880664,8552.279514,7321.363304,6290.311696
2017/3/10,0.003836807,7328.195111,8529.367281,7301.748793,6273.459454
2017/3/13,0.003263054,7356.365989,8562.155677,7329.818006,6297.575741
2017/3/14,-0.001253656,7380.409413,8590.140084,7353.774661,6318.158633
2017/3/15,0.001465387,7371.162713,8579.377748,7344.561331,6310.242796
2017/3/16,0.006399929,7381.972235,8591.95907,7355.331844,6319.496521
2017/3/17,0.001214211,7429.367834,8647.123332,7402.556399,6360.070545
2017/3/20,0.000652989,7438.394136,8657.629144,7411.550127,6367.797706
2017/3/21,-0.006951605,7443.252911,8663.284327,7416.391367,6371.957165
2017/3/22,-0.007293752,7391.689786,8603.269435,7365.014325,6327.815439
2017/3/23,0.002180639,7337.97277,8540.747606,7311.491165,6281.829829
2017/3/24,-0.000530062,7353.991701,8559.392217,7327.452287,6295.543181
2017/3/27,-0.005921966,7350.094663,8554.856411,7323.569312,6292.207037
2017/3/28,0.006821134,7306.696283,8504.344557,7280.32755,6255.054918
2017/3/29,0.004117654,7356.706604,8562.552123,7330.157392,6297.867332
2017/3/30,-0.000569753,7387.061426,8597.882436,7360.402669,6323.853233
2017/3/31,-0.00634342,7382.853827,8592.985165,7356.210254,6320.251227
2017/4/3,-0.005508856,7336.169513,8538.648776,7309.694416,6280.286113
2017/4/4,0.005358631,7295.866724,8491.739914,7269.537074,6245.784041
2017/4/5,0.001345754,7335.067523,8537.366157,7308.596403,6279.34273
2017/4/6,-0.003892076,7344.945363,8548.863084,7318.438595,6287.798868
2017/4/7,0.006301987,7316.413833,8515.654922,7290.010032,6263.373837
2017/4/10,-5.85E-05,7362.667369,8569.489924,7336.096646,6302.970174
2017/4/11,0.002250851,7362.236591,8568.988537,7335.667423,6302.601397
2017/4/12,-0.002244047,7378.826554,8588.297777,7352.197515,6316.803592
2017/4/13,-0.002916213,7362.286682,8569.046837,7335.717333,6302.644278
2017/4/18,-0.024884031,7340.847962,8544.094075,7314.355982,6284.2912
2017/4/19,-0.004647369,7160.432122,8334.106084,7134.591234,6129.842329
2017/4/20,0.000587372,7127.232161,8295.464283,7101.511087,6101.420787
2017/4/21,-0.000560665,7131.419724,8300.338233,7105.683538,6105.00564
2017/4/24,0.020882266,7127.422505,8295.685826,7101.700744,6101.583735
2017/4/25,0.001507532,7277.824138,8470.739949,7251.559601,6230.338296
2017/4/26,0.001796166,7288.803968,8483.519495,7262.499807,6239.737817
2017/4/27,-0.007097702,7301.907634,8498.770996,7275.556183,6250.955492
2017/4/28,-0.004602147,7250.264364,8438.662823,7224.099285,6206.745157
2017/5/2,0.006380267,7216.97424,8399.91608,7190.929301,6178.246429
2017/5/3,-0.002142969,7263.167668,8453.681121,7236.956023,6217.791309
2017/5/4,0.00187397,7247.619587,8435.584538,7221.464053,6204.481039
2017/5/5,0.006782866,7261.21414,8451.407388,7235.009545,6216.118949
2017/5/8,0.000469918,7310.633393,8508.927004,7284.250453,6258.425367
2017/5/9,0.005647738,7314.069599,8512.926442,7287.674258,6261.367005
2017/5/10,0.005843527,7355.494415,8561.141243,7328.949578,6296.829611
2017/5/11,0.000188196,7398.60227,8611.314952,7371.901863,6333.73302
2017/5/12,0.006579424,7399.994785,8612.935715,7373.289353,6334.925113
2017/5/15,0.002549404,7448.843007,8669.790701,7421.96129,6376.742687
2017/5/16,0.009035611,7467.857348,8691.921703,7440.907011,6393.020324
2017/5/17,-0.002470468,7535.639767,8770.814409,7508.444813,6451.046925
2017/5/18,-0.00897603,7517.046186,8749.173134,7489.918333,6435.129489
2017/5/19,0.004600491,7449.874871,8670.991699,7422.989429,6377.626036
2017/5/22,0.00342486,7484.226913,8710.974419,7457.2175,6407.033842
2017/5/23,-0.00147514,7509.903285,8740.859434,7482.801211,6429.014655
2017/5/24,0.003947955,7498.833292,8727.974946,7471.771167,6419.537949
2017/5/25,0.000373854,7528.496866,8762.500708,7501.32769,6444.932091
2017/5/26,0.003972036,7531.311951,8765.777216,7504.132615,6447.342004
2017/5/30,-0.002802152,7561.286085,8800.664443,7533.998578,6473.002009
2017/5/31,-0.000871966,7540.127873,8776.038165,7512.916722,6454.889065
2017/6/1,0.003162568,7533.556003,8768.389094,7506.36857,6449.263074
2017/6/2,0.00051155,7557.419102,8796.163617,7530.14555,6469.691594
2017/6/5,-0.002901804,7561.286085,8800.664443,7533.998578,6473.002009
2017/6/6,-0.000107636,7539.376516,8775.163652,7512.168077,6454.245849
2017/6/7,-0.006175883,7538.56505,8774.219178,7511.359539,6453.551177
2017/6/8,-0.003836935,7492.151224,8720.197613,7465.113214,6413.81762
2017/6/9,0.010329049,7463.459405,8686.802888,7436.524939,6389.25537
2017/6/12,-0.002055961,7540.949356,8776.994299,7513.735241,6455.592313
2017/6/13,-0.001522751,7525.461384,8758.967677,7498.303163,6442.333501
2017/6/14,-0.003477837,7514.010704,8745.640103,7486.893806,6432.530899
2017/6/15,-0.007391048,7487.923589,8715.277022,7460.900835,6410.198462
2017/6/16,0.005937032,7432.784004,8651.09945,7405.960241,6362.995031
2017/6/19,0.008042826,7477.04394,8702.614078,7450.060449,6400.884703
2017/6/20,-0.006814941,7537.422987,8772.889919,7510.221598,6452.573489
2017/6/21,-0.003340374,7486.230531,8713.306453,7459.213888,6408.749083
2017/6/22,-0.00114193,7461.265443,8684.249311,7434.338894,6387.377181
2017/6/23,-0.002039908,7452.750064,8674.338167,7425.854246,6380.087407
2017/6/26,0.003048904,7437.562634,8656.66135,7410.721626,6367.085881
2017/6/27,-0.001671913,7460.273652,8683.094954,7433.350682,6386.528137
2017/6/28,-0.006282506,7447.811144,8668.589704,7420.93315,6375.859338
2017/6/29,-0.005086141,7401.166902,8614.299955,7374.45724,6335.928529
2017/6/30,-0.005128552,7363.619088,8570.59764,7337.044931,6303.784913
2017/7/3,0.008763954,7325.951058,8526.755403,7299.512838,6271.538384
2017/7/4,-0.002695749,7390.437524,8601.811913,7363.766582,6326.743414
2017/7/5,0.001408505,7370.541591,8578.654817,7343.942451,6309.711071
2017/7/6,-0.004123807,7380.930353,8590.746413,7354.293722,6318.604595
2017/7/7,0.001857274,7350.555495,8555.392779,7324.028481,6292.601543
2017/7/10,0.002596301,7364.220174,8571.29725,7337.643847,6304.299486
2017/7/11,-0.005479004,7383.36475,8593.579834,7356.719333,6320.688613
2017/7/12,0.011822452,7343.021889,8546.624332,7316.522063,6286.152237
2017/7/13,-0.000470656,7430.349607,8648.266028,7403.534629,6360.911013
2017/7/14,-0.004739111,7426.853293,8644.196629,7400.050932,6357.917918
2017/7/17,0.003482495,7391.739876,8603.327735,7365.064235,6327.85832
2017/7/18,-0.001880448,7417.526448,8633.341012,7390.757747,6349.933471
2017/7/19,0.005490823,7403.59128,8617.121716,7376.872869,6338.00397
2017/7/20,0.00763605,7444.354902,8664.566945,7417.489381,6372.900547
2017/7/21,-0.004679818,7501.41796,8730.98327,7474.346508,6421.75061
2017/7/24,-0.010138557,7466.394707,8690.219318,7439.449648,6391.768198
2017/7/25,0.007708367,7391.078682,8602.558164,7364.405427,6327.292291
2017/7/26,0.002351024,7448.271976,8669.126071,7421.392319,6376.253843
2017/7/27,-0.001250056,7465.803639,8689.531368,7438.860713,6391.262202
2017/7/28,-0.010078822,7456.476794,8678.67575,7429.567527,6383.277755
2017/7/31,0.000492525,7381.701747,8591.644246,7355.062331,6319.264963
2017/8/1,0.006983157,7385.338314,8595.876887,7358.685775,6322.378125
2017/8/2,-0.001648794,7437.091784,8656.113322,7410.252475,6366.682799
2017/8/3,0.008509946,7424.839656,8641.852935,7398.044563,6356.194101
2017/8/4,0.004929787,7488.294258,8715.708448,7461.270167,6410.515781
2017/8/7,0.002689508,7525.301095,8758.781114,7498.143452,6442.196282
2017/8/8,0.001431541,7545.567697,8782.369637,7518.336915,6459.545944
2017/8/9,-0.005939865,7556.37722,8794.95096,7529.107428,6468.799669
2017/8/10,-0.014524705,7511.626397,8742.864983,7484.518104,6430.489762
2017/8/11,-0.010881814,7403.310774,8616.795231,7376.593375,6337.763837
2017/8/14,0.005991623,7323.186064,8523.537196,7296.757823,6269.171351
2017/8/15,0.004065758,7367.195548,8574.76032,7340.608483,6306.846619
2017/8/16,0.006638399,7397.209755,8609.694188,7370.514374,6332.540928
2017/8/17,-0.006094116,7446.478737,8667.038901,7419.605552,6374.718703
2017/8/18,-0.00868557,7401.237028,8614.381576,7374.527113,6335.988562
2017/8/21,-0.000696585,7337.231431,8539.884754,7310.752502,6281.19519
2017/8/22,0.008552072,7332.122203,8533.938067,7305.661713,6276.821326
2017/8/23,0.00012327,7395.095937,8607.233892,7368.408184,6330.731349
2017/8/24,0.003300947,7396.007584,8608.294968,7369.316541,6331.511783
2017/8/25,-0.000756321,7420.461749,8636.757441,7393.682455,6352.446299
2017/8/29,-0.008688633,7414.851617,8630.227746,7388.092569,6347.643624
2017/8/30,0.003785706,7350.705766,8555.567682,7324.178211,6292.730186
2017/8/31,0.008834949,7378.58612,8588.017933,7351.957948,6316.597763
2017/9/1,0.001059915,7444.064377,8664.2288,7417.199904,6372.651837
2017/9/4,-0.003640415,7451.958634,8673.417014,7425.065673,6379.409887
2017/9/5,-0.005214972,7424.879728,8641.899576,7398.08449,6356.228405
2017/9/6,-0.002551768,7386.259979,8596.949623,7359.604114,6323.167136
2017/9/7,0.005809749,7367.435982,8575.040165,7340.848049,6307.052447
2017/9/8,-0.002623426,7410.363511,8625.00399,7383.62066,6343.801485
2017/9/11,0.00486642,7390.948447,8602.406582,7364.275661,6327.1808
2017/9/12,-0.001741563,7427.003564,8644.371532,7400.200662,6358.046561
2017/9/13,-0.002840252,7414.080224,8629.329913,7387.32396,6346.983257
2017/9/14,-0.011490346,7393.052246,8604.855218,7366.371869,6328.981803
2017/9/15,-0.01101531,7308.589702,8506.548329,7282.214137,6256.675821
2017/9/18,0.005226448,7228.525101,8413.360256,7202.438477,6188.134793
2017/9/19,0.003024396,7266.403512,8457.447356,7240.18019,6220.561423
2017/9/20,-0.000453696,7288.413263,8483.064748,7262.110511,6239.403345
2017/9/21,-0.001107606,7285.107292,8479.216892,7258.816471,6236.573197
2017/9/22,0.006413947,7277.042727,8469.830456,7250.78101,6229.669352
2017/9/25,-0.001279776,7323.867294,8524.330088,7297.436595,6269.754533
2017/9/26,-0.002132032,7314.500377,8513.427829,7288.103481,6261.735782
2017/9/27,0.00380431,7298.922242,8495.296266,7272.581565,6248.399783
2017/9/28,0.001272177,7326.742487,8527.676556,7300.301411,6272.215904
2017/9/29,0.006796628,7336.069332,8538.532174,7309.594597,6280.20035
2017/10/2,0.008922795,7386.09969,8596.76306,7359.444403,6323.029917
2017/10/3,0.003927032,7452.299249,8673.81346,7425.405059,6379.701478
2017/10/4,-7.10E-05,7481.622208,8707.942775,7454.622195,6404.804029
2017/10/5,0.005396803,7481.091249,8707.324786,7454.093153,6404.34949
2017/10/6,0.001979927,7521.574364,8754.443531,7494.43017,6439.005933
2017/10/9,-0.001993247,7536.481287,8771.793863,7509.283296,6451.767326
2017/10/10,0.004038245,7521.474183,8754.326929,7494.330351,6438.920171
2017/10/11,-0.000591823,7551.90915,8789.750524,7524.655483,6464.974681
2017/10/12,0.002972822,7547.441081,8784.550088,7520.203538,6461.149694
2017/10/13,-0.002756487,7569.911664,8810.703848,7542.593028,6480.386121
2017/10/16,-0.001124654,7549.07403,8786.450696,7521.830594,6462.547615
2017/10/17,-0.001435871,7540.588705,8776.574533,7513.375891,6455.28357
2017/10/18,0.003546046,7529.769164,8763.98155,7502.595397,6446.021269
2017/10/19,-0.002632435,7556.517473,8795.114202,7529.247175,6468.919736
2017/10/20,2.53E-05,7536.651594,8771.992086,7509.452989,6451.913122
2017/10/23,0.000162151,7536.841938,8772.213629,7509.642646,6452.076069
2017/10/24,0.000277723,7538.064145,8773.63617,7510.860442,6453.122366
2017/10/25,-0.010595975,7540.157927,8776.073145,7512.946668,6454.914793
2017/10/26,0.005261933,7460.684393,8683.573021,7433.759942,6386.879761
2017/10/27,0.002472064,7500.045482,8729.385827,7472.978982,6420.575669
2017/10/30,-0.002297097,7518.609008,8750.992121,7491.475516,6436.467377
2017/10/31,0.000703563,7501.357852,8730.913309,7474.286616,6421.699152
2017/11/1,-0.000683531,7506.637387,8737.058218,7479.547098,6426.218812
2017/11/2,0.008955554,7501.508123,8731.088212,7474.436345,6421.827795
2017/11/3,0.000665535,7568.989999,8809.631113,7541.67469,6479.59711
2017/11/6,0.000255247,7574.0291,8815.496178,7546.695605,6483.910941
2017/11/7,-0.006523237,7575.962592,8817.746591,7548.622119,6485.566149
2017/11/8,0.002208362,7526.703628,8760.413538,7499.540923,6443.39695
2017/11/9,-0.006077086,7543.343681,8779.781079,7516.120925,6457.642026
2017/11/10,-0.00685257,7497.641139,8726.587386,7470.583317,6418.51738
2017/11/13,-0.00239895,7446.438665,8666.99226,7419.565624,6374.684398
2017/11/14,-0.000102498,7428.596441,8646.225499,7401.78779,6359.410177
2017/11/15,-0.005654971,7427.835066,8645.339326,7401.029162,6358.758386
2017/11/16,0.001941794,7385.949418,8596.588158,7359.294674,6322.901274
2017/11/17,-0.000847801,7400.305346,8613.29718,7373.598793,6335.190975
2017/11/20,0.001188885,7394.034019,8605.997914,7367.350099,6329.822271
2017/11/21,0.002956599,7402.829905,8616.235543,7376.114242,6337.352179
2017/11/22,0.001035713,7424.749493,8641.747994,7397.954725,6356.116915
2017/11/23,-0.000239953,7432.443389,8650.703004,7405.620855,6362.70344
2017/11/24,-0.001025165,7430.660168,8648.627494,7403.844069,6361.176876
2017/11/27,-0.003479901,7423.046417,8639.765765,7396.257795,6354.65896
2017/11/28,0.010340587,7397.259845,8609.752489,7370.564283,6332.583809
2017/11/29,-0.009033191,7474.148711,8699.244289,7447.175669,6398.40618
2017/11/30,-0.009088236,7406.937323,8621.016212,7380.206837,6340.868423